Filename,Class_Label,Dataset_Type,File_Path
bamboo_1.jpg,bamboo_forest,train,C:\Users\USER\Desktop\ai_dataset\forestry_dataset_splitted\train\bamboo_forest\bamboo_1.jpg
bamboo_10.jpg,bamboo_forest,train,C:\Users\USER\Desktop\ai_dataset\forestry_dataset_splitted\train\bamboo_forest\bamboo_10.jpg
bamboo_100.jpg,bamboo_forest,train,C:\Users\USER\Desktop\ai_dataset\forestry_dataset_splitted\train\bamboo_forest\bamboo_100.jpg
bamboo_1000.webp,bamboo_forest,train,C:\Users\USER\Desktop\ai_dataset\forestry_dataset_splitted\train\bamboo_forest\bamboo_1000.webp
bamboo_1001.jpg,bamboo_forest,train,C:\Users\USER\Desktop\ai_dataset\forestry_dataset_splitted\train\bamboo_forest\bamboo_1001.jpg
bamboo_1002.webp,bamboo_forest,train,C:\Users\USER\Desktop\ai_dataset\forestry_dataset_splitted\train\bamboo_forest\bamboo_1002.webp
bamboo_1003.webp,bamboo_forest,train,C:\Users\USER\Desktop\ai_dataset\forestry_dataset_splitted\train\bamboo_forest\bamboo_1003.webp
bamboo_1004.jpg,bamboo_forest,train,C:\Users\USER\Desktop\ai_dataset\forestry_dataset_splitted\train\bamboo_forest\bamboo_1004.jpg
bamboo_1005.webp,bamboo_forest,train,C:\Users\USER\Desktop\ai_dataset\forestry_dataset_splitted\train\bamboo_forest\bamboo_1005.webp
bamboo_1006.jpg,bamboo_forest,train,C:\Users\USER\Desktop\ai_dataset\forestry_dataset_splitted\train\bamboo_forest\bamboo_1006.jpg
bamboo_1007.webp,bamboo_forest,train,C:\Users\USER\Desktop\ai_dataset\forestry_dataset_splitted\train\bamboo_forest\bamboo_1007.webp
bamboo_1008.webp,bamboo_forest,train,C:\Users\USER\Desktop\ai_dataset\forestry_dataset_splitted\train\bamboo_forest\bamboo_1008.webp
bamboo_1009.webp,bamboo_forest,train,C:\Users\USER\Desktop\ai_dataset\forestry_dataset_splitted\train\bamboo_forest\bamboo_1009.webp
bamboo_101.webp,bamboo_forest,train,C:\Users\USER\Desktop\ai_dataset\forestry_dataset_splitted\train\bamboo_forest\bamboo_101.webp
bamboo_1010.webp,bamboo_forest,train,C:\Users\USER\Desktop\ai_dataset\forestry_dataset_splitted\train\bamboo_forest\bamboo_1010.webp
bamboo_1011.webp,bamboo_forest,train,C:\Users\USER\Desktop\ai_dataset\forestry_dataset_splitted\train\bamboo_forest\bamboo_1011.webp
bamboo_1012.webp,bamboo_forest,train,C:\Users\USER\Desktop\ai_dataset\forestry_dataset_splitted\train\bamboo_forest\bamboo_1012.webp
bamboo_1013.webp,bamboo_forest,train,C:\Users\USER\Desktop\ai_dataset\forestry_dataset_splitted\train\bamboo_forest\bamboo_1013.webp
bamboo_1014.webp,bamboo_forest,train,C:\Users\USER\Desktop\ai_dataset\forestry_dataset_splitted\train\bamboo_forest\bamboo_1014.webp
bamboo_1015.webp,bamboo_forest,train,C:\Users\USER\Desktop\ai_dataset\forestry_dataset_splitted\train\bamboo_forest\bamboo_1015.webp
bamboo_1016.jpg,bamboo_forest,train,C:\Users\USER\Desktop\ai_dataset\forestry_dataset_splitted\train\bamboo_forest\bamboo_1016.jpg
bamboo_1017.webp,bamboo_forest,train,C:\Users\USER\Desktop\ai_dataset\forestry_dataset_splitted\train\bamboo_forest\bamboo_1017.webp
bamboo_1018.webp,bamboo_forest,train,C:\Users\USER\Desktop\ai_dataset\forestry_dataset_splitted\train\bamboo_forest\bamboo_1018.webp
bamboo_1019.jpg,bamboo_forest,train,C:\Users\USER\Desktop\ai_dataset\forestry_dataset_splitted\train\bamboo_forest\bamboo_1019.jpg
bamboo_102.webp,bamboo_forest,train,C:\Users\USER\Desktop\ai_dataset\forestry_dataset_splitted\train\bamboo_forest\bamboo_102.webp
bamboo_1020.webp,bamboo_forest,train,C:\Users\USER\Desktop\ai_dataset\forestry_dataset_splitted\train\bamboo_forest\bamboo_1020.webp
bamboo_1021.webp,bamboo_forest,train,C:\Users\USER\Desktop\ai_dataset\forestry_dataset_splitted\train\bamboo_forest\bamboo_1021.webp
bamboo_1022.webp,bamboo_forest,train,C:\Users\USER\Desktop\ai_dataset\forestry_dataset_splitted\train\bamboo_forest\bamboo_1022.webp
bamboo_1023.jpg,bamboo_forest,train,C:\Users\USER\Desktop\ai_dataset\forestry_dataset_splitted\train\bamboo_forest\bamboo_1023.jpg
bamboo_1024.jpg,bamboo_forest,train,C:\Users\USER\Desktop\ai_dataset\forestry_dataset_splitted\train\bamboo_forest\bamboo_1024.jpg
bamboo_1025.webp,bamboo_forest,train,C:\Users\USER\Desktop\ai_dataset\forestry_dataset_splitted\train\bamboo_forest\bamboo_1025.webp
bamboo_1026.webp,bamboo_forest,train,C:\Users\USER\Desktop\ai_dataset\forestry_dataset_splitted\train\bamboo_forest\bamboo_1026.webp
bamboo_1027.webp,bamboo_forest,train,C:\Users\USER\Desktop\ai_dataset\forestry_dataset_splitted\train\bamboo_forest\bamboo_1027.webp
bamboo_1028.webp,bamboo_forest,train,C:\Users\USER\Desktop\ai_dataset\forestry_dataset_splitted\train\bamboo_forest\bamboo_1028.webp
bamboo_1029.jpg,bamboo_forest,train,C:\Users\USER\Desktop\ai_dataset\forestry_dataset_splitted\train\bamboo_forest\bamboo_1029.jpg
bamboo_103.webp,bamboo_forest,train,C:\Users\USER\Desktop\ai_dataset\forestry_dataset_splitted\train\bamboo_forest\bamboo_103.webp
bamboo_1030.jpg,bamboo_forest,train,C:\Users\USER\Desktop\ai_dataset\forestry_dataset_splitted\train\bamboo_forest\bamboo_1030.jpg
bamboo_1031.webp,bamboo_forest,train,C:\Users\USER\Desktop\ai_dataset\forestry_dataset_splitted\train\bamboo_forest\bamboo_1031.webp
bamboo_1032.webp,bamboo_forest,train,C:\Users\USER\Desktop\ai_dataset\forestry_dataset_splitted\train\bamboo_forest\bamboo_1032.webp
bamboo_1033.webp,bamboo_forest,train,C:\Users\USER\Desktop\ai_dataset\forestry_dataset_splitted\train\bamboo_forest\bamboo_1033.webp
bamboo_1034.jpg,bamboo_forest,train,C:\Users\USER\Desktop\ai_dataset\forestry_dataset_splitted\train\bamboo_forest\bamboo_1034.jpg
bamboo_1035.webp,bamboo_forest,train,C:\Users\USER\Desktop\ai_dataset\forestry_dataset_splitted\train\bamboo_forest\bamboo_1035.webp
bamboo_1036.webp,bamboo_forest,train,C:\Users\USER\Desktop\ai_dataset\forestry_dataset_splitted\train\bamboo_forest\bamboo_1036.webp
bamboo_1037.jpg,bamboo_forest,train,C:\Users\USER\Desktop\ai_dataset\forestry_dataset_splitted\train\bamboo_forest\bamboo_1037.jpg
bamboo_1038.jpg,bamboo_forest,train,C:\Users\USER\Desktop\ai_dataset\forestry_dataset_splitted\train\bamboo_forest\bamboo_1038.jpg
bamboo_1039.webp,bamboo_forest,train,C:\Users\USER\Desktop\ai_dataset\forestry_dataset_splitted\train\bamboo_forest\bamboo_1039.webp
bamboo_104.jpg,bamboo_forest,train,C:\Users\USER\Desktop\ai_dataset\forestry_dataset_splitted\train\bamboo_forest\bamboo_104.jpg
bamboo_1040.webp,bamboo_forest,train,C:\Users\USER\Desktop\ai_dataset\forestry_dataset_splitted\train\bamboo_forest\bamboo_1040.webp
bamboo_1041.jpg,bamboo_forest,train,C:\Users\USER\Desktop\ai_dataset\forestry_dataset_splitted\train\bamboo_forest\bamboo_1041.jpg
bamboo_1042.jpg,bamboo_forest,train,C:\Users\USER\Desktop\ai_dataset\forestry_dataset_splitted\train\bamboo_forest\bamboo_1042.jpg
bamboo_1043.jpg,bamboo_forest,train,C:\Users\USER\Desktop\ai_dataset\forestry_dataset_splitted\train\bamboo_forest\bamboo_1043.jpg
bamboo_1044.webp,bamboo_forest,train,C:\Users\USER\Desktop\ai_dataset\forestry_dataset_splitted\train\bamboo_forest\bamboo_1044.webp
bamboo_1045.webp,bamboo_forest,train,C:\Users\USER\Desktop\ai_dataset\forestry_dataset_splitted\train\bamboo_forest\bamboo_1045.webp
bamboo_1046.webp,bamboo_forest,train,C:\Users\USER\Desktop\ai_dataset\forestry_dataset_splitted\train\bamboo_forest\bamboo_1046.webp
bamboo_1047.webp,bamboo_forest,train,C:\Users\USER\Desktop\ai_dataset\forestry_dataset_splitted\train\bamboo_forest\bamboo_1047.webp
bamboo_1048.jpg,bamboo_forest,train,C:\Users\USER\Desktop\ai_dataset\forestry_dataset_splitted\train\bamboo_forest\bamboo_1048.jpg
bamboo_1049.webp,bamboo_forest,train,C:\Users\USER\Desktop\ai_dataset\forestry_dataset_splitted\train\bamboo_forest\bamboo_1049.webp
bamboo_105.webp,bamboo_forest,train,C:\Users\USER\Desktop\ai_dataset\forestry_dataset_splitted\train\bamboo_forest\bamboo_105.webp
bamboo_1050.jpg,bamboo_forest,train,C:\Users\USER\Desktop\ai_dataset\forestry_dataset_splitted\train\bamboo_forest\bamboo_1050.jpg
bamboo_1051.jpg,bamboo_forest,train,C:\Users\USER\Desktop\ai_dataset\forestry_dataset_splitted\train\bamboo_forest\bamboo_1051.jpg
bamboo_1052.jpg,bamboo_forest,train,C:\Users\USER\Desktop\ai_dataset\forestry_dataset_splitted\train\bamboo_forest\bamboo_1052.jpg
bamboo_1053.jpg,bamboo_forest,train,C:\Users\USER\Desktop\ai_dataset\forestry_dataset_splitted\train\bamboo_forest\bamboo_1053.jpg
bamboo_1054.webp,bamboo_forest,train,C:\Users\USER\Desktop\ai_dataset\forestry_dataset_splitted\train\bamboo_forest\bamboo_1054.webp
bamboo_1055.webp,bamboo_forest,train,C:\Users\USER\Desktop\ai_dataset\forestry_dataset_splitted\train\bamboo_forest\bamboo_1055.webp
bamboo_1056.webp,bamboo_forest,train,C:\Users\USER\Desktop\ai_dataset\forestry_dataset_splitted\train\bamboo_forest\bamboo_1056.webp
bamboo_1057.jpg,bamboo_forest,train,C:\Users\USER\Desktop\ai_dataset\forestry_dataset_splitted\train\bamboo_forest\bamboo_1057.jpg
bamboo_1058.jpg,bamboo_forest,train,C:\Users\USER\Desktop\ai_dataset\forestry_dataset_splitted\train\bamboo_forest\bamboo_1058.jpg
bamboo_1059.jpg,bamboo_forest,train,C:\Users\USER\Desktop\ai_dataset\forestry_dataset_splitted\train\bamboo_forest\bamboo_1059.jpg
bamboo_106.webp,bamboo_forest,train,C:\Users\USER\Desktop\ai_dataset\forestry_dataset_splitted\train\bamboo_forest\bamboo_106.webp
bamboo_1060.jpg,bamboo_forest,train,C:\Users\USER\Desktop\ai_dataset\forestry_dataset_splitted\train\bamboo_forest\bamboo_1060.jpg
bamboo_1061.webp,bamboo_forest,train,C:\Users\USER\Desktop\ai_dataset\forestry_dataset_splitted\train\bamboo_forest\bamboo_1061.webp
bamboo_1062.jpg,bamboo_forest,train,C:\Users\USER\Desktop\ai_dataset\forestry_dataset_splitted\train\bamboo_forest\bamboo_1062.jpg
bamboo_1063.jpg,bamboo_forest,train,C:\Users\USER\Desktop\ai_dataset\forestry_dataset_splitted\train\bamboo_forest\bamboo_1063.jpg
bamboo_1064.webp,bamboo_forest,train,C:\Users\USER\Desktop\ai_dataset\forestry_dataset_splitted\train\bamboo_forest\bamboo_1064.webp
bamboo_1065.jpg,bamboo_forest,train,C:\Users\USER\Desktop\ai_dataset\forestry_dataset_splitted\train\bamboo_forest\bamboo_1065.jpg
bamboo_1066.jpg,bamboo_forest,train,C:\Users\USER\Desktop\ai_dataset\forestry_dataset_splitted\train\bamboo_forest\bamboo_1066.jpg
bamboo_107.jpg,bamboo_forest,train,C:\Users\USER\Desktop\ai_dataset\forestry_dataset_splitted\train\bamboo_forest\bamboo_107.jpg
bamboo_108.jpg,bamboo_forest,train,C:\Users\USER\Desktop\ai_dataset\forestry_dataset_splitted\train\bamboo_forest\bamboo_108.jpg
bamboo_109.webp,bamboo_forest,train,C:\Users\USER\Desktop\ai_dataset\forestry_dataset_splitted\train\bamboo_forest\bamboo_109.webp
bamboo_11.webp,bamboo_forest,train,C:\Users\USER\Desktop\ai_dataset\forestry_dataset_splitted\train\bamboo_forest\bamboo_11.webp
bamboo_110.webp,bamboo_forest,train,C:\Users\USER\Desktop\ai_dataset\forestry_dataset_splitted\train\bamboo_forest\bamboo_110.webp
bamboo_111.webp,bamboo_forest,train,C:\Users\USER\Desktop\ai_dataset\forestry_dataset_splitted\train\bamboo_forest\bamboo_111.webp
bamboo_112.jpg,bamboo_forest,train,C:\Users\USER\Desktop\ai_dataset\forestry_dataset_splitted\train\bamboo_forest\bamboo_112.jpg
bamboo_113.webp,bamboo_forest,train,C:\Users\USER\Desktop\ai_dataset\forestry_dataset_splitted\train\bamboo_forest\bamboo_113.webp
bamboo_114.jpg,bamboo_forest,train,C:\Users\USER\Desktop\ai_dataset\forestry_dataset_splitted\train\bamboo_forest\bamboo_114.jpg
bamboo_115.jpg,bamboo_forest,train,C:\Users\USER\Desktop\ai_dataset\forestry_dataset_splitted\train\bamboo_forest\bamboo_115.jpg
bamboo_116.webp,bamboo_forest,train,C:\Users\USER\Desktop\ai_dataset\forestry_dataset_splitted\train\bamboo_forest\bamboo_116.webp
bamboo_117.jpg,bamboo_forest,train,C:\Users\USER\Desktop\ai_dataset\forestry_dataset_splitted\train\bamboo_forest\bamboo_117.jpg
bamboo_118.webp,bamboo_forest,train,C:\Users\USER\Desktop\ai_dataset\forestry_dataset_splitted\train\bamboo_forest\bamboo_118.webp
bamboo_119.jpg,bamboo_forest,train,C:\Users\USER\Desktop\ai_dataset\forestry_dataset_splitted\train\bamboo_forest\bamboo_119.jpg
bamboo_12.jpg,bamboo_forest,train,C:\Users\USER\Desktop\ai_dataset\forestry_dataset_splitted\train\bamboo_forest\bamboo_12.jpg
bamboo_120.webp,bamboo_forest,train,C:\Users\USER\Desktop\ai_dataset\forestry_dataset_splitted\train\bamboo_forest\bamboo_120.webp
bamboo_121.webp,bamboo_forest,train,C:\Users\USER\Desktop\ai_dataset\forestry_dataset_splitted\train\bamboo_forest\bamboo_121.webp
bamboo_122.webp,bamboo_forest,train,C:\Users\USER\Desktop\ai_dataset\forestry_dataset_splitted\train\bamboo_forest\bamboo_122.webp
bamboo_123.webp,bamboo_forest,train,C:\Users\USER\Desktop\ai_dataset\forestry_dataset_splitted\train\bamboo_forest\bamboo_123.webp
bamboo_124.webp,bamboo_forest,train,C:\Users\USER\Desktop\ai_dataset\forestry_dataset_splitted\train\bamboo_forest\bamboo_124.webp
bamboo_125.webp,bamboo_forest,train,C:\Users\USER\Desktop\ai_dataset\forestry_dataset_splitted\train\bamboo_forest\bamboo_125.webp
bamboo_126.jpg,bamboo_forest,train,C:\Users\USER\Desktop\ai_dataset\forestry_dataset_splitted\train\bamboo_forest\bamboo_126.jpg
bamboo_127.webp,bamboo_forest,train,C:\Users\USER\Desktop\ai_dataset\forestry_dataset_splitted\train\bamboo_forest\bamboo_127.webp
bamboo_128.jpg,bamboo_forest,train,C:\Users\USER\Desktop\ai_dataset\forestry_dataset_splitted\train\bamboo_forest\bamboo_128.jpg
bamboo_129.webp,bamboo_forest,train,C:\Users\USER\Desktop\ai_dataset\forestry_dataset_splitted\train\bamboo_forest\bamboo_129.webp
bamboo_13.jpg,bamboo_forest,train,C:\Users\USER\Desktop\ai_dataset\forestry_dataset_splitted\train\bamboo_forest\bamboo_13.jpg
bamboo_130.jpg,bamboo_forest,train,C:\Users\USER\Desktop\ai_dataset\forestry_dataset_splitted\train\bamboo_forest\bamboo_130.jpg
bamboo_131.jpg,bamboo_forest,train,C:\Users\USER\Desktop\ai_dataset\forestry_dataset_splitted\train\bamboo_forest\bamboo_131.jpg
bamboo_132.webp,bamboo_forest,train,C:\Users\USER\Desktop\ai_dataset\forestry_dataset_splitted\train\bamboo_forest\bamboo_132.webp
bamboo_133.jpg,bamboo_forest,train,C:\Users\USER\Desktop\ai_dataset\forestry_dataset_splitted\train\bamboo_forest\bamboo_133.jpg
bamboo_134.webp,bamboo_forest,train,C:\Users\USER\Desktop\ai_dataset\forestry_dataset_splitted\train\bamboo_forest\bamboo_134.webp
bamboo_135.webp,bamboo_forest,train,C:\Users\USER\Desktop\ai_dataset\forestry_dataset_splitted\train\bamboo_forest\bamboo_135.webp
bamboo_136.jpg,bamboo_forest,train,C:\Users\USER\Desktop\ai_dataset\forestry_dataset_splitted\train\bamboo_forest\bamboo_136.jpg
bamboo_137.jpg,bamboo_forest,train,C:\Users\USER\Desktop\ai_dataset\forestry_dataset_splitted\train\bamboo_forest\bamboo_137.jpg
bamboo_138.webp,bamboo_forest,train,C:\Users\USER\Desktop\ai_dataset\forestry_dataset_splitted\train\bamboo_forest\bamboo_138.webp
bamboo_139.jpg,bamboo_forest,train,C:\Users\USER\Desktop\ai_dataset\forestry_dataset_splitted\train\bamboo_forest\bamboo_139.jpg
bamboo_14.webp,bamboo_forest,train,C:\Users\USER\Desktop\ai_dataset\forestry_dataset_splitted\train\bamboo_forest\bamboo_14.webp
bamboo_140.webp,bamboo_forest,train,C:\Users\USER\Desktop\ai_dataset\forestry_dataset_splitted\train\bamboo_forest\bamboo_140.webp
bamboo_141.jpg,bamboo_forest,train,C:\Users\USER\Desktop\ai_dataset\forestry_dataset_splitted\train\bamboo_forest\bamboo_141.jpg
bamboo_142.jpg,bamboo_forest,train,C:\Users\USER\Desktop\ai_dataset\forestry_dataset_splitted\train\bamboo_forest\bamboo_142.jpg
bamboo_143.jpg,bamboo_forest,train,C:\Users\USER\Desktop\ai_dataset\forestry_dataset_splitted\train\bamboo_forest\bamboo_143.jpg
bamboo_144.webp,bamboo_forest,train,C:\Users\USER\Desktop\ai_dataset\forestry_dataset_splitted\train\bamboo_forest\bamboo_144.webp
bamboo_145.jpg,bamboo_forest,train,C:\Users\USER\Desktop\ai_dataset\forestry_dataset_splitted\train\bamboo_forest\bamboo_145.jpg
bamboo_146.webp,bamboo_forest,train,C:\Users\USER\Desktop\ai_dataset\forestry_dataset_splitted\train\bamboo_forest\bamboo_146.webp
bamboo_147.webp,bamboo_forest,train,C:\Users\USER\Desktop\ai_dataset\forestry_dataset_splitted\train\bamboo_forest\bamboo_147.webp
bamboo_148.jpg,bamboo_forest,train,C:\Users\USER\Desktop\ai_dataset\forestry_dataset_splitted\train\bamboo_forest\bamboo_148.jpg
bamboo_149.jpg,bamboo_forest,train,C:\Users\USER\Desktop\ai_dataset\forestry_dataset_splitted\train\bamboo_forest\bamboo_149.jpg
bamboo_15.jpg,bamboo_forest,train,C:\Users\USER\Desktop\ai_dataset\forestry_dataset_splitted\train\bamboo_forest\bamboo_15.jpg
bamboo_150.webp,bamboo_forest,train,C:\Users\USER\Desktop\ai_dataset\forestry_dataset_splitted\train\bamboo_forest\bamboo_150.webp
bamboo_151.jpg,bamboo_forest,train,C:\Users\USER\Desktop\ai_dataset\forestry_dataset_splitted\train\bamboo_forest\bamboo_151.jpg
bamboo_152.jpg,bamboo_forest,train,C:\Users\USER\Desktop\ai_dataset\forestry_dataset_splitted\train\bamboo_forest\bamboo_152.jpg
bamboo_153.webp,bamboo_forest,train,C:\Users\USER\Desktop\ai_dataset\forestry_dataset_splitted\train\bamboo_forest\bamboo_153.webp
bamboo_154.jpg,bamboo_forest,train,C:\Users\USER\Desktop\ai_dataset\forestry_dataset_splitted\train\bamboo_forest\bamboo_154.jpg
bamboo_155.webp,bamboo_forest,train,C:\Users\USER\Desktop\ai_dataset\forestry_dataset_splitted\train\bamboo_forest\bamboo_155.webp
bamboo_156.webp,bamboo_forest,train,C:\Users\USER\Desktop\ai_dataset\forestry_dataset_splitted\train\bamboo_forest\bamboo_156.webp
bamboo_157.jpg,bamboo_forest,train,C:\Users\USER\Desktop\ai_dataset\forestry_dataset_splitted\train\bamboo_forest\bamboo_157.jpg
bamboo_158.jpg,bamboo_forest,train,C:\Users\USER\Desktop\ai_dataset\forestry_dataset_splitted\train\bamboo_forest\bamboo_158.jpg
bamboo_159.jpg,bamboo_forest,train,C:\Users\USER\Desktop\ai_dataset\forestry_dataset_splitted\train\bamboo_forest\bamboo_159.jpg
bamboo_16.webp,bamboo_forest,train,C:\Users\USER\Desktop\ai_dataset\forestry_dataset_splitted\train\bamboo_forest\bamboo_16.webp
bamboo_160.webp,bamboo_forest,train,C:\Users\USER\Desktop\ai_dataset\forestry_dataset_splitted\train\bamboo_forest\bamboo_160.webp
bamboo_161.jpg,bamboo_forest,train,C:\Users\USER\Desktop\ai_dataset\forestry_dataset_splitted\train\bamboo_forest\bamboo_161.jpg
bamboo_162.jpg,bamboo_forest,train,C:\Users\USER\Desktop\ai_dataset\forestry_dataset_splitted\train\bamboo_forest\bamboo_162.jpg
bamboo_163.jpg,bamboo_forest,train,C:\Users\USER\Desktop\ai_dataset\forestry_dataset_splitted\train\bamboo_forest\bamboo_163.jpg
bamboo_164.webp,bamboo_forest,train,C:\Users\USER\Desktop\ai_dataset\forestry_dataset_splitted\train\bamboo_forest\bamboo_164.webp
bamboo_165.jpg,bamboo_forest,train,C:\Users\USER\Desktop\ai_dataset\forestry_dataset_splitted\train\bamboo_forest\bamboo_165.jpg
bamboo_166.jpg,bamboo_forest,train,C:\Users\USER\Desktop\ai_dataset\forestry_dataset_splitted\train\bamboo_forest\bamboo_166.jpg
bamboo_167.webp,bamboo_forest,train,C:\Users\USER\Desktop\ai_dataset\forestry_dataset_splitted\train\bamboo_forest\bamboo_167.webp
bamboo_168.webp,bamboo_forest,train,C:\Users\USER\Desktop\ai_dataset\forestry_dataset_splitted\train\bamboo_forest\bamboo_168.webp
bamboo_169.webp,bamboo_forest,train,C:\Users\USER\Desktop\ai_dataset\forestry_dataset_splitted\train\bamboo_forest\bamboo_169.webp
bamboo_17.webp,bamboo_forest,train,C:\Users\USER\Desktop\ai_dataset\forestry_dataset_splitted\train\bamboo_forest\bamboo_17.webp
bamboo_170.webp,bamboo_forest,train,C:\Users\USER\Desktop\ai_dataset\forestry_dataset_splitted\train\bamboo_forest\bamboo_170.webp
bamboo_171.jpg,bamboo_forest,train,C:\Users\USER\Desktop\ai_dataset\forestry_dataset_splitted\train\bamboo_forest\bamboo_171.jpg
bamboo_172.jpg,bamboo_forest,train,C:\Users\USER\Desktop\ai_dataset\forestry_dataset_splitted\train\bamboo_forest\bamboo_172.jpg
bamboo_173.webp,bamboo_forest,train,C:\Users\USER\Desktop\ai_dataset\forestry_dataset_splitted\train\bamboo_forest\bamboo_173.webp
bamboo_174.webp,bamboo_forest,train,C:\Users\USER\Desktop\ai_dataset\forestry_dataset_splitted\train\bamboo_forest\bamboo_174.webp
bamboo_175.jpg,bamboo_forest,train,C:\Users\USER\Desktop\ai_dataset\forestry_dataset_splitted\train\bamboo_forest\bamboo_175.jpg
bamboo_176.webp,bamboo_forest,train,C:\Users\USER\Desktop\ai_dataset\forestry_dataset_splitted\train\bamboo_forest\bamboo_176.webp
bamboo_177.webp,bamboo_forest,train,C:\Users\USER\Desktop\ai_dataset\forestry_dataset_splitted\train\bamboo_forest\bamboo_177.webp
bamboo_178.jpg,bamboo_forest,train,C:\Users\USER\Desktop\ai_dataset\forestry_dataset_splitted\train\bamboo_forest\bamboo_178.jpg
bamboo_179.webp,bamboo_forest,train,C:\Users\USER\Desktop\ai_dataset\forestry_dataset_splitted\train\bamboo_forest\bamboo_179.webp
bamboo_18.jpg,bamboo_forest,train,C:\Users\USER\Desktop\ai_dataset\forestry_dataset_splitted\train\bamboo_forest\bamboo_18.jpg
bamboo_180.jpg,bamboo_forest,train,C:\Users\USER\Desktop\ai_dataset\forestry_dataset_splitted\train\bamboo_forest\bamboo_180.jpg
bamboo_181.webp,bamboo_forest,train,C:\Users\USER\Desktop\ai_dataset\forestry_dataset_splitted\train\bamboo_forest\bamboo_181.webp
bamboo_182.jpg,bamboo_forest,train,C:\Users\USER\Desktop\ai_dataset\forestry_dataset_splitted\train\bamboo_forest\bamboo_182.jpg
bamboo_183.webp,bamboo_forest,train,C:\Users\USER\Desktop\ai_dataset\forestry_dataset_splitted\train\bamboo_forest\bamboo_183.webp
bamboo_184.jpg,bamboo_forest,train,C:\Users\USER\Desktop\ai_dataset\forestry_dataset_splitted\train\bamboo_forest\bamboo_184.jpg
bamboo_185.jpg,bamboo_forest,train,C:\Users\USER\Desktop\ai_dataset\forestry_dataset_splitted\train\bamboo_forest\bamboo_185.jpg
bamboo_186.webp,bamboo_forest,train,C:\Users\USER\Desktop\ai_dataset\forestry_dataset_splitted\train\bamboo_forest\bamboo_186.webp
bamboo_187.webp,bamboo_forest,train,C:\Users\USER\Desktop\ai_dataset\forestry_dataset_splitted\train\bamboo_forest\bamboo_187.webp
bamboo_188.webp,bamboo_forest,train,C:\Users\USER\Desktop\ai_dataset\forestry_dataset_splitted\train\bamboo_forest\bamboo_188.webp
bamboo_189.jpg,bamboo_forest,train,C:\Users\USER\Desktop\ai_dataset\forestry_dataset_splitted\train\bamboo_forest\bamboo_189.jpg
bamboo_19.webp,bamboo_forest,train,C:\Users\USER\Desktop\ai_dataset\forestry_dataset_splitted\train\bamboo_forest\bamboo_19.webp
bamboo_190.jpg,bamboo_forest,train,C:\Users\USER\Desktop\ai_dataset\forestry_dataset_splitted\train\bamboo_forest\bamboo_190.jpg
bamboo_191.webp,bamboo_forest,train,C:\Users\USER\Desktop\ai_dataset\forestry_dataset_splitted\train\bamboo_forest\bamboo_191.webp
bamboo_192.webp,bamboo_forest,train,C:\Users\USER\Desktop\ai_dataset\forestry_dataset_splitted\train\bamboo_forest\bamboo_192.webp
bamboo_193.webp,bamboo_forest,train,C:\Users\USER\Desktop\ai_dataset\forestry_dataset_splitted\train\bamboo_forest\bamboo_193.webp
bamboo_194.jpg,bamboo_forest,train,C:\Users\USER\Desktop\ai_dataset\forestry_dataset_splitted\train\bamboo_forest\bamboo_194.jpg
bamboo_195.webp,bamboo_forest,train,C:\Users\USER\Desktop\ai_dataset\forestry_dataset_splitted\train\bamboo_forest\bamboo_195.webp
bamboo_196.webp,bamboo_forest,train,C:\Users\USER\Desktop\ai_dataset\forestry_dataset_splitted\train\bamboo_forest\bamboo_196.webp
bamboo_197.webp,bamboo_forest,train,C:\Users\USER\Desktop\ai_dataset\forestry_dataset_splitted\train\bamboo_forest\bamboo_197.webp
bamboo_198.webp,bamboo_forest,train,C:\Users\USER\Desktop\ai_dataset\forestry_dataset_splitted\train\bamboo_forest\bamboo_198.webp
bamboo_199.jpg,bamboo_forest,train,C:\Users\USER\Desktop\ai_dataset\forestry_dataset_splitted\train\bamboo_forest\bamboo_199.jpg
bamboo_2.jpg,bamboo_forest,train,C:\Users\USER\Desktop\ai_dataset\forestry_dataset_splitted\train\bamboo_forest\bamboo_2.jpg
bamboo_20.webp,bamboo_forest,train,C:\Users\USER\Desktop\ai_dataset\forestry_dataset_splitted\train\bamboo_forest\bamboo_20.webp
bamboo_200.webp,bamboo_forest,train,C:\Users\USER\Desktop\ai_dataset\forestry_dataset_splitted\train\bamboo_forest\bamboo_200.webp
bamboo_201.webp,bamboo_forest,train,C:\Users\USER\Desktop\ai_dataset\forestry_dataset_splitted\train\bamboo_forest\bamboo_201.webp
bamboo_202.jpg,bamboo_forest,train,C:\Users\USER\Desktop\ai_dataset\forestry_dataset_splitted\train\bamboo_forest\bamboo_202.jpg
bamboo_203.jpg,bamboo_forest,train,C:\Users\USER\Desktop\ai_dataset\forestry_dataset_splitted\train\bamboo_forest\bamboo_203.jpg
bamboo_204.webp,bamboo_forest,train,C:\Users\USER\Desktop\ai_dataset\forestry_dataset_splitted\train\bamboo_forest\bamboo_204.webp
bamboo_205.webp,bamboo_forest,train,C:\Users\USER\Desktop\ai_dataset\forestry_dataset_splitted\train\bamboo_forest\bamboo_205.webp
bamboo_206.webp,bamboo_forest,train,C:\Users\USER\Desktop\ai_dataset\forestry_dataset_splitted\train\bamboo_forest\bamboo_206.webp
bamboo_207.jpg,bamboo_forest,train,C:\Users\USER\Desktop\ai_dataset\forestry_dataset_splitted\train\bamboo_forest\bamboo_207.jpg
bamboo_208.jpg,bamboo_forest,train,C:\Users\USER\Desktop\ai_dataset\forestry_dataset_splitted\train\bamboo_forest\bamboo_208.jpg
bamboo_209.webp,bamboo_forest,train,C:\Users\USER\Desktop\ai_dataset\forestry_dataset_splitted\train\bamboo_forest\bamboo_209.webp
bamboo_21.webp,bamboo_forest,train,C:\Users\USER\Desktop\ai_dataset\forestry_dataset_splitted\train\bamboo_forest\bamboo_21.webp
bamboo_210.jpg,bamboo_forest,train,C:\Users\USER\Desktop\ai_dataset\forestry_dataset_splitted\train\bamboo_forest\bamboo_210.jpg
bamboo_211.jpg,bamboo_forest,train,C:\Users\USER\Desktop\ai_dataset\forestry_dataset_splitted\train\bamboo_forest\bamboo_211.jpg
bamboo_212.webp,bamboo_forest,train,C:\Users\USER\Desktop\ai_dataset\forestry_dataset_splitted\train\bamboo_forest\bamboo_212.webp
bamboo_213.jpg,bamboo_forest,train,C:\Users\USER\Desktop\ai_dataset\forestry_dataset_splitted\train\bamboo_forest\bamboo_213.jpg
bamboo_214.webp,bamboo_forest,train,C:\Users\USER\Desktop\ai_dataset\forestry_dataset_splitted\train\bamboo_forest\bamboo_214.webp
bamboo_215.jpg,bamboo_forest,train,C:\Users\USER\Desktop\ai_dataset\forestry_dataset_splitted\train\bamboo_forest\bamboo_215.jpg
bamboo_216.jpg,bamboo_forest,train,C:\Users\USER\Desktop\ai_dataset\forestry_dataset_splitted\train\bamboo_forest\bamboo_216.jpg
bamboo_217.webp,bamboo_forest,train,C:\Users\USER\Desktop\ai_dataset\forestry_dataset_splitted\train\bamboo_forest\bamboo_217.webp
bamboo_218.jpg,bamboo_forest,train,C:\Users\USER\Desktop\ai_dataset\forestry_dataset_splitted\train\bamboo_forest\bamboo_218.jpg
bamboo_219.webp,bamboo_forest,train,C:\Users\USER\Desktop\ai_dataset\forestry_dataset_splitted\train\bamboo_forest\bamboo_219.webp
bamboo_22.webp,bamboo_forest,train,C:\Users\USER\Desktop\ai_dataset\forestry_dataset_splitted\train\bamboo_forest\bamboo_22.webp
bamboo_220.jpg,bamboo_forest,train,C:\Users\USER\Desktop\ai_dataset\forestry_dataset_splitted\train\bamboo_forest\bamboo_220.jpg
bamboo_221.jpg,bamboo_forest,train,C:\Users\USER\Desktop\ai_dataset\forestry_dataset_splitted\train\bamboo_forest\bamboo_221.jpg
bamboo_222.webp,bamboo_forest,train,C:\Users\USER\Desktop\ai_dataset\forestry_dataset_splitted\train\bamboo_forest\bamboo_222.webp
bamboo_223.webp,bamboo_forest,train,C:\Users\USER\Desktop\ai_dataset\forestry_dataset_splitted\train\bamboo_forest\bamboo_223.webp
bamboo_224.jpg,bamboo_forest,train,C:\Users\USER\Desktop\ai_dataset\forestry_dataset_splitted\train\bamboo_forest\bamboo_224.jpg
bamboo_225.jpg,bamboo_forest,train,C:\Users\USER\Desktop\ai_dataset\forestry_dataset_splitted\train\bamboo_forest\bamboo_225.jpg
bamboo_226.webp,bamboo_forest,train,C:\Users\USER\Desktop\ai_dataset\forestry_dataset_splitted\train\bamboo_forest\bamboo_226.webp
bamboo_227.jpg,bamboo_forest,train,C:\Users\USER\Desktop\ai_dataset\forestry_dataset_splitted\train\bamboo_forest\bamboo_227.jpg
bamboo_228.jpg,bamboo_forest,train,C:\Users\USER\Desktop\ai_dataset\forestry_dataset_splitted\train\bamboo_forest\bamboo_228.jpg
bamboo_229.webp,bamboo_forest,train,C:\Users\USER\Desktop\ai_dataset\forestry_dataset_splitted\train\bamboo_forest\bamboo_229.webp
bamboo_23.jpg,bamboo_forest,train,C:\Users\USER\Desktop\ai_dataset\forestry_dataset_splitted\train\bamboo_forest\bamboo_23.jpg
bamboo_230.jpg,bamboo_forest,train,C:\Users\USER\Desktop\ai_dataset\forestry_dataset_splitted\train\bamboo_forest\bamboo_230.jpg
bamboo_231.jpg,bamboo_forest,train,C:\Users\USER\Desktop\ai_dataset\forestry_dataset_splitted\train\bamboo_forest\bamboo_231.jpg
bamboo_232.webp,bamboo_forest,train,C:\Users\USER\Desktop\ai_dataset\forestry_dataset_splitted\train\bamboo_forest\bamboo_232.webp
bamboo_233.jpg,bamboo_forest,train,C:\Users\USER\Desktop\ai_dataset\forestry_dataset_splitted\train\bamboo_forest\bamboo_233.jpg
bamboo_234.webp,bamboo_forest,train,C:\Users\USER\Desktop\ai_dataset\forestry_dataset_splitted\train\bamboo_forest\bamboo_234.webp
bamboo_235.webp,bamboo_forest,train,C:\Users\USER\Desktop\ai_dataset\forestry_dataset_splitted\train\bamboo_forest\bamboo_235.webp
bamboo_236.webp,bamboo_forest,train,C:\Users\USER\Desktop\ai_dataset\forestry_dataset_splitted\train\bamboo_forest\bamboo_236.webp
bamboo_237.jpg,bamboo_forest,train,C:\Users\USER\Desktop\ai_dataset\forestry_dataset_splitted\train\bamboo_forest\bamboo_237.jpg
bamboo_238.webp,bamboo_forest,train,C:\Users\USER\Desktop\ai_dataset\forestry_dataset_splitted\train\bamboo_forest\bamboo_238.webp
bamboo_239.webp,bamboo_forest,train,C:\Users\USER\Desktop\ai_dataset\forestry_dataset_splitted\train\bamboo_forest\bamboo_239.webp
bamboo_24.webp,bamboo_forest,train,C:\Users\USER\Desktop\ai_dataset\forestry_dataset_splitted\train\bamboo_forest\bamboo_24.webp
bamboo_240.jpg,bamboo_forest,train,C:\Users\USER\Desktop\ai_dataset\forestry_dataset_splitted\train\bamboo_forest\bamboo_240.jpg
bamboo_241.webp,bamboo_forest,train,C:\Users\USER\Desktop\ai_dataset\forestry_dataset_splitted\train\bamboo_forest\bamboo_241.webp
bamboo_242.jpg,bamboo_forest,train,C:\Users\USER\Desktop\ai_dataset\forestry_dataset_splitted\train\bamboo_forest\bamboo_242.jpg
bamboo_243.jpg,bamboo_forest,train,C:\Users\USER\Desktop\ai_dataset\forestry_dataset_splitted\train\bamboo_forest\bamboo_243.jpg
bamboo_244.jpg,bamboo_forest,train,C:\Users\USER\Desktop\ai_dataset\forestry_dataset_splitted\train\bamboo_forest\bamboo_244.jpg
bamboo_245.webp,bamboo_forest,train,C:\Users\USER\Desktop\ai_dataset\forestry_dataset_splitted\train\bamboo_forest\bamboo_245.webp
bamboo_246.webp,bamboo_forest,train,C:\Users\USER\Desktop\ai_dataset\forestry_dataset_splitted\train\bamboo_forest\bamboo_246.webp
bamboo_247.webp,bamboo_forest,train,C:\Users\USER\Desktop\ai_dataset\forestry_dataset_splitted\train\bamboo_forest\bamboo_247.webp
bamboo_248.jpg,bamboo_forest,train,C:\Users\USER\Desktop\ai_dataset\forestry_dataset_splitted\train\bamboo_forest\bamboo_248.jpg
bamboo_249.webp,bamboo_forest,train,C:\Users\USER\Desktop\ai_dataset\forestry_dataset_splitted\train\bamboo_forest\bamboo_249.webp
bamboo_25.webp,bamboo_forest,train,C:\Users\USER\Desktop\ai_dataset\forestry_dataset_splitted\train\bamboo_forest\bamboo_25.webp
bamboo_250.webp,bamboo_forest,train,C:\Users\USER\Desktop\ai_dataset\forestry_dataset_splitted\train\bamboo_forest\bamboo_250.webp
bamboo_251.jpg,bamboo_forest,train,C:\Users\USER\Desktop\ai_dataset\forestry_dataset_splitted\train\bamboo_forest\bamboo_251.jpg
bamboo_252.webp,bamboo_forest,train,C:\Users\USER\Desktop\ai_dataset\forestry_dataset_splitted\train\bamboo_forest\bamboo_252.webp
bamboo_253.webp,bamboo_forest,train,C:\Users\USER\Desktop\ai_dataset\forestry_dataset_splitted\train\bamboo_forest\bamboo_253.webp
bamboo_254.jpg,bamboo_forest,train,C:\Users\USER\Desktop\ai_dataset\forestry_dataset_splitted\train\bamboo_forest\bamboo_254.jpg
bamboo_255.jpg,bamboo_forest,train,C:\Users\USER\Desktop\ai_dataset\forestry_dataset_splitted\train\bamboo_forest\bamboo_255.jpg
bamboo_256.webp,bamboo_forest,train,C:\Users\USER\Desktop\ai_dataset\forestry_dataset_splitted\train\bamboo_forest\bamboo_256.webp
bamboo_257.jpg,bamboo_forest,train,C:\Users\USER\Desktop\ai_dataset\forestry_dataset_splitted\train\bamboo_forest\bamboo_257.jpg
bamboo_258.webp,bamboo_forest,train,C:\Users\USER\Desktop\ai_dataset\forestry_dataset_splitted\train\bamboo_forest\bamboo_258.webp
bamboo_259.webp,bamboo_forest,train,C:\Users\USER\Desktop\ai_dataset\forestry_dataset_splitted\train\bamboo_forest\bamboo_259.webp
bamboo_26.webp,bamboo_forest,train,C:\Users\USER\Desktop\ai_dataset\forestry_dataset_splitted\train\bamboo_forest\bamboo_26.webp
bamboo_260.webp,bamboo_forest,train,C:\Users\USER\Desktop\ai_dataset\forestry_dataset_splitted\train\bamboo_forest\bamboo_260.webp
bamboo_261.jpg,bamboo_forest,train,C:\Users\USER\Desktop\ai_dataset\forestry_dataset_splitted\train\bamboo_forest\bamboo_261.jpg
bamboo_262.jpg,bamboo_forest,train,C:\Users\USER\Desktop\ai_dataset\forestry_dataset_splitted\train\bamboo_forest\bamboo_262.jpg
bamboo_263.jpg,bamboo_forest,train,C:\Users\USER\Desktop\ai_dataset\forestry_dataset_splitted\train\bamboo_forest\bamboo_263.jpg
bamboo_264.jpg,bamboo_forest,train,C:\Users\USER\Desktop\ai_dataset\forestry_dataset_splitted\train\bamboo_forest\bamboo_264.jpg
bamboo_265.webp,bamboo_forest,train,C:\Users\USER\Desktop\ai_dataset\forestry_dataset_splitted\train\bamboo_forest\bamboo_265.webp
bamboo_266.webp,bamboo_forest,train,C:\Users\USER\Desktop\ai_dataset\forestry_dataset_splitted\train\bamboo_forest\bamboo_266.webp
bamboo_267.jpg,bamboo_forest,train,C:\Users\USER\Desktop\ai_dataset\forestry_dataset_splitted\train\bamboo_forest\bamboo_267.jpg
bamboo_268.jpg,bamboo_forest,train,C:\Users\USER\Desktop\ai_dataset\forestry_dataset_splitted\train\bamboo_forest\bamboo_268.jpg
bamboo_269.webp,bamboo_forest,train,C:\Users\USER\Desktop\ai_dataset\forestry_dataset_splitted\train\bamboo_forest\bamboo_269.webp
bamboo_27.webp,bamboo_forest,train,C:\Users\USER\Desktop\ai_dataset\forestry_dataset_splitted\train\bamboo_forest\bamboo_27.webp
bamboo_270.jpg,bamboo_forest,train,C:\Users\USER\Desktop\ai_dataset\forestry_dataset_splitted\train\bamboo_forest\bamboo_270.jpg
bamboo_271.jpg,bamboo_forest,train,C:\Users\USER\Desktop\ai_dataset\forestry_dataset_splitted\train\bamboo_forest\bamboo_271.jpg
bamboo_272.webp,bamboo_forest,train,C:\Users\USER\Desktop\ai_dataset\forestry_dataset_splitted\train\bamboo_forest\bamboo_272.webp
bamboo_273.jpg,bamboo_forest,train,C:\Users\USER\Desktop\ai_dataset\forestry_dataset_splitted\train\bamboo_forest\bamboo_273.jpg
bamboo_274.jpg,bamboo_forest,train,C:\Users\USER\Desktop\ai_dataset\forestry_dataset_splitted\train\bamboo_forest\bamboo_274.jpg
bamboo_275.webp,bamboo_forest,train,C:\Users\USER\Desktop\ai_dataset\forestry_dataset_splitted\train\bamboo_forest\bamboo_275.webp
bamboo_276.jpg,bamboo_forest,train,C:\Users\USER\Desktop\ai_dataset\forestry_dataset_splitted\train\bamboo_forest\bamboo_276.jpg
bamboo_277.jpg,bamboo_forest,train,C:\Users\USER\Desktop\ai_dataset\forestry_dataset_splitted\train\bamboo_forest\bamboo_277.jpg
bamboo_278.jpg,bamboo_forest,train,C:\Users\USER\Desktop\ai_dataset\forestry_dataset_splitted\train\bamboo_forest\bamboo_278.jpg
bamboo_279.jpg,bamboo_forest,train,C:\Users\USER\Desktop\ai_dataset\forestry_dataset_splitted\train\bamboo_forest\bamboo_279.jpg
bamboo_28.jpg,bamboo_forest,train,C:\Users\USER\Desktop\ai_dataset\forestry_dataset_splitted\train\bamboo_forest\bamboo_28.jpg
bamboo_280.jpg,bamboo_forest,train,C:\Users\USER\Desktop\ai_dataset\forestry_dataset_splitted\train\bamboo_forest\bamboo_280.jpg
bamboo_281.webp,bamboo_forest,train,C:\Users\USER\Desktop\ai_dataset\forestry_dataset_splitted\train\bamboo_forest\bamboo_281.webp
bamboo_282.jpg,bamboo_forest,train,C:\Users\USER\Desktop\ai_dataset\forestry_dataset_splitted\train\bamboo_forest\bamboo_282.jpg
bamboo_283.jpg,bamboo_forest,train,C:\Users\USER\Desktop\ai_dataset\forestry_dataset_splitted\train\bamboo_forest\bamboo_283.jpg
bamboo_284.webp,bamboo_forest,train,C:\Users\USER\Desktop\ai_dataset\forestry_dataset_splitted\train\bamboo_forest\bamboo_284.webp
bamboo_285.webp,bamboo_forest,train,C:\Users\USER\Desktop\ai_dataset\forestry_dataset_splitted\train\bamboo_forest\bamboo_285.webp
bamboo_286.webp,bamboo_forest,train,C:\Users\USER\Desktop\ai_dataset\forestry_dataset_splitted\train\bamboo_forest\bamboo_286.webp
bamboo_287.jpg,bamboo_forest,train,C:\Users\USER\Desktop\ai_dataset\forestry_dataset_splitted\train\bamboo_forest\bamboo_287.jpg
bamboo_288.jpg,bamboo_forest,train,C:\Users\USER\Desktop\ai_dataset\forestry_dataset_splitted\train\bamboo_forest\bamboo_288.jpg
bamboo_289.jpg,bamboo_forest,train,C:\Users\USER\Desktop\ai_dataset\forestry_dataset_splitted\train\bamboo_forest\bamboo_289.jpg
bamboo_29.jpg,bamboo_forest,train,C:\Users\USER\Desktop\ai_dataset\forestry_dataset_splitted\train\bamboo_forest\bamboo_29.jpg
bamboo_290.webp,bamboo_forest,train,C:\Users\USER\Desktop\ai_dataset\forestry_dataset_splitted\train\bamboo_forest\bamboo_290.webp
bamboo_291.jpg,bamboo_forest,train,C:\Users\USER\Desktop\ai_dataset\forestry_dataset_splitted\train\bamboo_forest\bamboo_291.jpg
bamboo_292.jpg,bamboo_forest,train,C:\Users\USER\Desktop\ai_dataset\forestry_dataset_splitted\train\bamboo_forest\bamboo_292.jpg
bamboo_293.jpg,bamboo_forest,train,C:\Users\USER\Desktop\ai_dataset\forestry_dataset_splitted\train\bamboo_forest\bamboo_293.jpg
bamboo_294.jpg,bamboo_forest,train,C:\Users\USER\Desktop\ai_dataset\forestry_dataset_splitted\train\bamboo_forest\bamboo_294.jpg
bamboo_295.jpg,bamboo_forest,train,C:\Users\USER\Desktop\ai_dataset\forestry_dataset_splitted\train\bamboo_forest\bamboo_295.jpg
bamboo_296.jpg,bamboo_forest,train,C:\Users\USER\Desktop\ai_dataset\forestry_dataset_splitted\train\bamboo_forest\bamboo_296.jpg
bamboo_297.jpg,bamboo_forest,train,C:\Users\USER\Desktop\ai_dataset\forestry_dataset_splitted\train\bamboo_forest\bamboo_297.jpg
bamboo_298.webp,bamboo_forest,train,C:\Users\USER\Desktop\ai_dataset\forestry_dataset_splitted\train\bamboo_forest\bamboo_298.webp
bamboo_299.jpg,bamboo_forest,train,C:\Users\USER\Desktop\ai_dataset\forestry_dataset_splitted\train\bamboo_forest\bamboo_299.jpg
bamboo_3.webp,bamboo_forest,train,C:\Users\USER\Desktop\ai_dataset\forestry_dataset_splitted\train\bamboo_forest\bamboo_3.webp
bamboo_30.webp,bamboo_forest,train,C:\Users\USER\Desktop\ai_dataset\forestry_dataset_splitted\train\bamboo_forest\bamboo_30.webp
bamboo_300.jpg,bamboo_forest,train,C:\Users\USER\Desktop\ai_dataset\forestry_dataset_splitted\train\bamboo_forest\bamboo_300.jpg
bamboo_301.jpg,bamboo_forest,train,C:\Users\USER\Desktop\ai_dataset\forestry_dataset_splitted\train\bamboo_forest\bamboo_301.jpg
bamboo_302.jpg,bamboo_forest,train,C:\Users\USER\Desktop\ai_dataset\forestry_dataset_splitted\train\bamboo_forest\bamboo_302.jpg
bamboo_303.webp,bamboo_forest,train,C:\Users\USER\Desktop\ai_dataset\forestry_dataset_splitted\train\bamboo_forest\bamboo_303.webp
bamboo_304.jpg,bamboo_forest,train,C:\Users\USER\Desktop\ai_dataset\forestry_dataset_splitted\train\bamboo_forest\bamboo_304.jpg
bamboo_305.jpg,bamboo_forest,train,C:\Users\USER\Desktop\ai_dataset\forestry_dataset_splitted\train\bamboo_forest\bamboo_305.jpg
bamboo_306.jpg,bamboo_forest,train,C:\Users\USER\Desktop\ai_dataset\forestry_dataset_splitted\train\bamboo_forest\bamboo_306.jpg
bamboo_307.jpg,bamboo_forest,train,C:\Users\USER\Desktop\ai_dataset\forestry_dataset_splitted\train\bamboo_forest\bamboo_307.jpg
bamboo_308.webp,bamboo_forest,train,C:\Users\USER\Desktop\ai_dataset\forestry_dataset_splitted\train\bamboo_forest\bamboo_308.webp
bamboo_309.jpg,bamboo_forest,train,C:\Users\USER\Desktop\ai_dataset\forestry_dataset_splitted\train\bamboo_forest\bamboo_309.jpg
bamboo_31.webp,bamboo_forest,train,C:\Users\USER\Desktop\ai_dataset\forestry_dataset_splitted\train\bamboo_forest\bamboo_31.webp
bamboo_310.jpg,bamboo_forest,train,C:\Users\USER\Desktop\ai_dataset\forestry_dataset_splitted\train\bamboo_forest\bamboo_310.jpg
bamboo_311.jpg,bamboo_forest,train,C:\Users\USER\Desktop\ai_dataset\forestry_dataset_splitted\train\bamboo_forest\bamboo_311.jpg
bamboo_312.jpg,bamboo_forest,train,C:\Users\USER\Desktop\ai_dataset\forestry_dataset_splitted\train\bamboo_forest\bamboo_312.jpg
bamboo_313.jpg,bamboo_forest,train,C:\Users\USER\Desktop\ai_dataset\forestry_dataset_splitted\train\bamboo_forest\bamboo_313.jpg
bamboo_314.jpg,bamboo_forest,train,C:\Users\USER\Desktop\ai_dataset\forestry_dataset_splitted\train\bamboo_forest\bamboo_314.jpg
bamboo_315.jpg,bamboo_forest,train,C:\Users\USER\Desktop\ai_dataset\forestry_dataset_splitted\train\bamboo_forest\bamboo_315.jpg
bamboo_316.jpg,bamboo_forest,train,C:\Users\USER\Desktop\ai_dataset\forestry_dataset_splitted\train\bamboo_forest\bamboo_316.jpg
bamboo_317.webp,bamboo_forest,train,C:\Users\USER\Desktop\ai_dataset\forestry_dataset_splitted\train\bamboo_forest\bamboo_317.webp
bamboo_318.jpg,bamboo_forest,train,C:\Users\USER\Desktop\ai_dataset\forestry_dataset_splitted\train\bamboo_forest\bamboo_318.jpg
bamboo_319.jpg,bamboo_forest,train,C:\Users\USER\Desktop\ai_dataset\forestry_dataset_splitted\train\bamboo_forest\bamboo_319.jpg
bamboo_32.jpg,bamboo_forest,train,C:\Users\USER\Desktop\ai_dataset\forestry_dataset_splitted\train\bamboo_forest\bamboo_32.jpg
bamboo_320.jpg,bamboo_forest,train,C:\Users\USER\Desktop\ai_dataset\forestry_dataset_splitted\train\bamboo_forest\bamboo_320.jpg
bamboo_321.webp,bamboo_forest,train,C:\Users\USER\Desktop\ai_dataset\forestry_dataset_splitted\train\bamboo_forest\bamboo_321.webp
bamboo_322.jpg,bamboo_forest,train,C:\Users\USER\Desktop\ai_dataset\forestry_dataset_splitted\train\bamboo_forest\bamboo_322.jpg
bamboo_323.jpg,bamboo_forest,train,C:\Users\USER\Desktop\ai_dataset\forestry_dataset_splitted\train\bamboo_forest\bamboo_323.jpg
bamboo_324.jpg,bamboo_forest,train,C:\Users\USER\Desktop\ai_dataset\forestry_dataset_splitted\train\bamboo_forest\bamboo_324.jpg
bamboo_325.jpg,bamboo_forest,train,C:\Users\USER\Desktop\ai_dataset\forestry_dataset_splitted\train\bamboo_forest\bamboo_325.jpg
bamboo_326.jpg,bamboo_forest,train,C:\Users\USER\Desktop\ai_dataset\forestry_dataset_splitted\train\bamboo_forest\bamboo_326.jpg
bamboo_327.jpg,bamboo_forest,train,C:\Users\USER\Desktop\ai_dataset\forestry_dataset_splitted\train\bamboo_forest\bamboo_327.jpg
bamboo_328.jpg,bamboo_forest,train,C:\Users\USER\Desktop\ai_dataset\forestry_dataset_splitted\train\bamboo_forest\bamboo_328.jpg
bamboo_329.jpg,bamboo_forest,train,C:\Users\USER\Desktop\ai_dataset\forestry_dataset_splitted\train\bamboo_forest\bamboo_329.jpg
bamboo_33.webp,bamboo_forest,train,C:\Users\USER\Desktop\ai_dataset\forestry_dataset_splitted\train\bamboo_forest\bamboo_33.webp
bamboo_330.jpg,bamboo_forest,train,C:\Users\USER\Desktop\ai_dataset\forestry_dataset_splitted\train\bamboo_forest\bamboo_330.jpg
bamboo_331.jpg,bamboo_forest,train,C:\Users\USER\Desktop\ai_dataset\forestry_dataset_splitted\train\bamboo_forest\bamboo_331.jpg
bamboo_332.jpg,bamboo_forest,train,C:\Users\USER\Desktop\ai_dataset\forestry_dataset_splitted\train\bamboo_forest\bamboo_332.jpg
bamboo_333.webp,bamboo_forest,train,C:\Users\USER\Desktop\ai_dataset\forestry_dataset_splitted\train\bamboo_forest\bamboo_333.webp
bamboo_334.webp,bamboo_forest,train,C:\Users\USER\Desktop\ai_dataset\forestry_dataset_splitted\train\bamboo_forest\bamboo_334.webp
bamboo_335.jpg,bamboo_forest,train,C:\Users\USER\Desktop\ai_dataset\forestry_dataset_splitted\train\bamboo_forest\bamboo_335.jpg
bamboo_336.jpg,bamboo_forest,train,C:\Users\USER\Desktop\ai_dataset\forestry_dataset_splitted\train\bamboo_forest\bamboo_336.jpg
bamboo_337.jpg,bamboo_forest,train,C:\Users\USER\Desktop\ai_dataset\forestry_dataset_splitted\train\bamboo_forest\bamboo_337.jpg
bamboo_338.jpg,bamboo_forest,train,C:\Users\USER\Desktop\ai_dataset\forestry_dataset_splitted\train\bamboo_forest\bamboo_338.jpg
bamboo_339.jpg,bamboo_forest,train,C:\Users\USER\Desktop\ai_dataset\forestry_dataset_splitted\train\bamboo_forest\bamboo_339.jpg
bamboo_34.jpg,bamboo_forest,train,C:\Users\USER\Desktop\ai_dataset\forestry_dataset_splitted\train\bamboo_forest\bamboo_34.jpg
bamboo_340.jpg,bamboo_forest,train,C:\Users\USER\Desktop\ai_dataset\forestry_dataset_splitted\train\bamboo_forest\bamboo_340.jpg
bamboo_341.jpg,bamboo_forest,train,C:\Users\USER\Desktop\ai_dataset\forestry_dataset_splitted\train\bamboo_forest\bamboo_341.jpg
bamboo_342.jpg,bamboo_forest,train,C:\Users\USER\Desktop\ai_dataset\forestry_dataset_splitted\train\bamboo_forest\bamboo_342.jpg
bamboo_343.jpg,bamboo_forest,train,C:\Users\USER\Desktop\ai_dataset\forestry_dataset_splitted\train\bamboo_forest\bamboo_343.jpg
bamboo_344.jpg,bamboo_forest,train,C:\Users\USER\Desktop\ai_dataset\forestry_dataset_splitted\train\bamboo_forest\bamboo_344.jpg
bamboo_345.jpg,bamboo_forest,train,C:\Users\USER\Desktop\ai_dataset\forestry_dataset_splitted\train\bamboo_forest\bamboo_345.jpg
bamboo_346.jpg,bamboo_forest,train,C:\Users\USER\Desktop\ai_dataset\forestry_dataset_splitted\train\bamboo_forest\bamboo_346.jpg
bamboo_347.jpg,bamboo_forest,train,C:\Users\USER\Desktop\ai_dataset\forestry_dataset_splitted\train\bamboo_forest\bamboo_347.jpg
bamboo_348.jpg,bamboo_forest,train,C:\Users\USER\Desktop\ai_dataset\forestry_dataset_splitted\train\bamboo_forest\bamboo_348.jpg
bamboo_349.jpg,bamboo_forest,train,C:\Users\USER\Desktop\ai_dataset\forestry_dataset_splitted\train\bamboo_forest\bamboo_349.jpg
bamboo_35.webp,bamboo_forest,train,C:\Users\USER\Desktop\ai_dataset\forestry_dataset_splitted\train\bamboo_forest\bamboo_35.webp
bamboo_350.webp,bamboo_forest,train,C:\Users\USER\Desktop\ai_dataset\forestry_dataset_splitted\train\bamboo_forest\bamboo_350.webp
bamboo_351.jpg,bamboo_forest,train,C:\Users\USER\Desktop\ai_dataset\forestry_dataset_splitted\train\bamboo_forest\bamboo_351.jpg
bamboo_352.jpg,bamboo_forest,train,C:\Users\USER\Desktop\ai_dataset\forestry_dataset_splitted\train\bamboo_forest\bamboo_352.jpg
bamboo_353.jpg,bamboo_forest,train,C:\Users\USER\Desktop\ai_dataset\forestry_dataset_splitted\train\bamboo_forest\bamboo_353.jpg
bamboo_354.jpg,bamboo_forest,train,C:\Users\USER\Desktop\ai_dataset\forestry_dataset_splitted\train\bamboo_forest\bamboo_354.jpg
bamboo_355.jpg,bamboo_forest,train,C:\Users\USER\Desktop\ai_dataset\forestry_dataset_splitted\train\bamboo_forest\bamboo_355.jpg
bamboo_356.jpg,bamboo_forest,train,C:\Users\USER\Desktop\ai_dataset\forestry_dataset_splitted\train\bamboo_forest\bamboo_356.jpg
bamboo_357.jpg,bamboo_forest,train,C:\Users\USER\Desktop\ai_dataset\forestry_dataset_splitted\train\bamboo_forest\bamboo_357.jpg
bamboo_358.webp,bamboo_forest,train,C:\Users\USER\Desktop\ai_dataset\forestry_dataset_splitted\train\bamboo_forest\bamboo_358.webp
bamboo_359.jpg,bamboo_forest,train,C:\Users\USER\Desktop\ai_dataset\forestry_dataset_splitted\train\bamboo_forest\bamboo_359.jpg
bamboo_36.webp,bamboo_forest,train,C:\Users\USER\Desktop\ai_dataset\forestry_dataset_splitted\train\bamboo_forest\bamboo_36.webp
bamboo_360.jpg,bamboo_forest,train,C:\Users\USER\Desktop\ai_dataset\forestry_dataset_splitted\train\bamboo_forest\bamboo_360.jpg
bamboo_361.jpg,bamboo_forest,train,C:\Users\USER\Desktop\ai_dataset\forestry_dataset_splitted\train\bamboo_forest\bamboo_361.jpg
bamboo_362.jpg,bamboo_forest,train,C:\Users\USER\Desktop\ai_dataset\forestry_dataset_splitted\train\bamboo_forest\bamboo_362.jpg
bamboo_363.jpg,bamboo_forest,train,C:\Users\USER\Desktop\ai_dataset\forestry_dataset_splitted\train\bamboo_forest\bamboo_363.jpg
bamboo_364.jpg,bamboo_forest,train,C:\Users\USER\Desktop\ai_dataset\forestry_dataset_splitted\train\bamboo_forest\bamboo_364.jpg
bamboo_365.jpg,bamboo_forest,train,C:\Users\USER\Desktop\ai_dataset\forestry_dataset_splitted\train\bamboo_forest\bamboo_365.jpg
bamboo_366.jpg,bamboo_forest,train,C:\Users\USER\Desktop\ai_dataset\forestry_dataset_splitted\train\bamboo_forest\bamboo_366.jpg
bamboo_367.jpg,bamboo_forest,train,C:\Users\USER\Desktop\ai_dataset\forestry_dataset_splitted\train\bamboo_forest\bamboo_367.jpg
bamboo_368.jpg,bamboo_forest,train,C:\Users\USER\Desktop\ai_dataset\forestry_dataset_splitted\train\bamboo_forest\bamboo_368.jpg
bamboo_369.jpg,bamboo_forest,train,C:\Users\USER\Desktop\ai_dataset\forestry_dataset_splitted\train\bamboo_forest\bamboo_369.jpg
bamboo_37.jpg,bamboo_forest,train,C:\Users\USER\Desktop\ai_dataset\forestry_dataset_splitted\train\bamboo_forest\bamboo_37.jpg
bamboo_370.jpg,bamboo_forest,train,C:\Users\USER\Desktop\ai_dataset\forestry_dataset_splitted\train\bamboo_forest\bamboo_370.jpg
bamboo_371.jpg,bamboo_forest,train,C:\Users\USER\Desktop\ai_dataset\forestry_dataset_splitted\train\bamboo_forest\bamboo_371.jpg
bamboo_372.webp,bamboo_forest,train,C:\Users\USER\Desktop\ai_dataset\forestry_dataset_splitted\train\bamboo_forest\bamboo_372.webp
bamboo_373.jpg,bamboo_forest,train,C:\Users\USER\Desktop\ai_dataset\forestry_dataset_splitted\train\bamboo_forest\bamboo_373.jpg
bamboo_374.jpg,bamboo_forest,train,C:\Users\USER\Desktop\ai_dataset\forestry_dataset_splitted\train\bamboo_forest\bamboo_374.jpg
bamboo_375.jpg,bamboo_forest,train,C:\Users\USER\Desktop\ai_dataset\forestry_dataset_splitted\train\bamboo_forest\bamboo_375.jpg
bamboo_376.jpg,bamboo_forest,train,C:\Users\USER\Desktop\ai_dataset\forestry_dataset_splitted\train\bamboo_forest\bamboo_376.jpg
bamboo_377.jpg,bamboo_forest,train,C:\Users\USER\Desktop\ai_dataset\forestry_dataset_splitted\train\bamboo_forest\bamboo_377.jpg
bamboo_378.jpg,bamboo_forest,train,C:\Users\USER\Desktop\ai_dataset\forestry_dataset_splitted\train\bamboo_forest\bamboo_378.jpg
bamboo_379.jpg,bamboo_forest,train,C:\Users\USER\Desktop\ai_dataset\forestry_dataset_splitted\train\bamboo_forest\bamboo_379.jpg
bamboo_38.jpg,bamboo_forest,train,C:\Users\USER\Desktop\ai_dataset\forestry_dataset_splitted\train\bamboo_forest\bamboo_38.jpg
bamboo_380.jpg,bamboo_forest,train,C:\Users\USER\Desktop\ai_dataset\forestry_dataset_splitted\train\bamboo_forest\bamboo_380.jpg
bamboo_381.webp,bamboo_forest,train,C:\Users\USER\Desktop\ai_dataset\forestry_dataset_splitted\train\bamboo_forest\bamboo_381.webp
bamboo_382.webp,bamboo_forest,train,C:\Users\USER\Desktop\ai_dataset\forestry_dataset_splitted\train\bamboo_forest\bamboo_382.webp
bamboo_383.jpg,bamboo_forest,train,C:\Users\USER\Desktop\ai_dataset\forestry_dataset_splitted\train\bamboo_forest\bamboo_383.jpg
bamboo_384.jpg,bamboo_forest,train,C:\Users\USER\Desktop\ai_dataset\forestry_dataset_splitted\train\bamboo_forest\bamboo_384.jpg
bamboo_385.jpg,bamboo_forest,train,C:\Users\USER\Desktop\ai_dataset\forestry_dataset_splitted\train\bamboo_forest\bamboo_385.jpg
bamboo_386.jpg,bamboo_forest,train,C:\Users\USER\Desktop\ai_dataset\forestry_dataset_splitted\train\bamboo_forest\bamboo_386.jpg
bamboo_387.webp,bamboo_forest,train,C:\Users\USER\Desktop\ai_dataset\forestry_dataset_splitted\train\bamboo_forest\bamboo_387.webp
bamboo_388.jpg,bamboo_forest,train,C:\Users\USER\Desktop\ai_dataset\forestry_dataset_splitted\train\bamboo_forest\bamboo_388.jpg
bamboo_389.jpg,bamboo_forest,train,C:\Users\USER\Desktop\ai_dataset\forestry_dataset_splitted\train\bamboo_forest\bamboo_389.jpg
bamboo_39.jpg,bamboo_forest,train,C:\Users\USER\Desktop\ai_dataset\forestry_dataset_splitted\train\bamboo_forest\bamboo_39.jpg
bamboo_390.jpg,bamboo_forest,train,C:\Users\USER\Desktop\ai_dataset\forestry_dataset_splitted\train\bamboo_forest\bamboo_390.jpg
bamboo_391.webp,bamboo_forest,train,C:\Users\USER\Desktop\ai_dataset\forestry_dataset_splitted\train\bamboo_forest\bamboo_391.webp
bamboo_392.jpg,bamboo_forest,train,C:\Users\USER\Desktop\ai_dataset\forestry_dataset_splitted\train\bamboo_forest\bamboo_392.jpg
bamboo_393.jpg,bamboo_forest,train,C:\Users\USER\Desktop\ai_dataset\forestry_dataset_splitted\train\bamboo_forest\bamboo_393.jpg
bamboo_394.jpg,bamboo_forest,train,C:\Users\USER\Desktop\ai_dataset\forestry_dataset_splitted\train\bamboo_forest\bamboo_394.jpg
bamboo_395.jpg,bamboo_forest,train,C:\Users\USER\Desktop\ai_dataset\forestry_dataset_splitted\train\bamboo_forest\bamboo_395.jpg
bamboo_396.jpg,bamboo_forest,train,C:\Users\USER\Desktop\ai_dataset\forestry_dataset_splitted\train\bamboo_forest\bamboo_396.jpg
bamboo_397.jpg,bamboo_forest,train,C:\Users\USER\Desktop\ai_dataset\forestry_dataset_splitted\train\bamboo_forest\bamboo_397.jpg
bamboo_398.jpg,bamboo_forest,train,C:\Users\USER\Desktop\ai_dataset\forestry_dataset_splitted\train\bamboo_forest\bamboo_398.jpg
bamboo_399.jpg,bamboo_forest,train,C:\Users\USER\Desktop\ai_dataset\forestry_dataset_splitted\train\bamboo_forest\bamboo_399.jpg
bamboo_4.webp,bamboo_forest,train,C:\Users\USER\Desktop\ai_dataset\forestry_dataset_splitted\train\bamboo_forest\bamboo_4.webp
bamboo_40.webp,bamboo_forest,train,C:\Users\USER\Desktop\ai_dataset\forestry_dataset_splitted\train\bamboo_forest\bamboo_40.webp
bamboo_400.jpg,bamboo_forest,train,C:\Users\USER\Desktop\ai_dataset\forestry_dataset_splitted\train\bamboo_forest\bamboo_400.jpg
bamboo_401.jpg,bamboo_forest,train,C:\Users\USER\Desktop\ai_dataset\forestry_dataset_splitted\train\bamboo_forest\bamboo_401.jpg
bamboo_402.jpg,bamboo_forest,train,C:\Users\USER\Desktop\ai_dataset\forestry_dataset_splitted\train\bamboo_forest\bamboo_402.jpg
bamboo_403.jpg,bamboo_forest,train,C:\Users\USER\Desktop\ai_dataset\forestry_dataset_splitted\train\bamboo_forest\bamboo_403.jpg
bamboo_404.webp,bamboo_forest,train,C:\Users\USER\Desktop\ai_dataset\forestry_dataset_splitted\train\bamboo_forest\bamboo_404.webp
bamboo_405.jpg,bamboo_forest,train,C:\Users\USER\Desktop\ai_dataset\forestry_dataset_splitted\train\bamboo_forest\bamboo_405.jpg
bamboo_406.jpg,bamboo_forest,train,C:\Users\USER\Desktop\ai_dataset\forestry_dataset_splitted\train\bamboo_forest\bamboo_406.jpg
bamboo_407.jpg,bamboo_forest,train,C:\Users\USER\Desktop\ai_dataset\forestry_dataset_splitted\train\bamboo_forest\bamboo_407.jpg
bamboo_408.jpg,bamboo_forest,train,C:\Users\USER\Desktop\ai_dataset\forestry_dataset_splitted\train\bamboo_forest\bamboo_408.jpg
bamboo_409.jpg,bamboo_forest,train,C:\Users\USER\Desktop\ai_dataset\forestry_dataset_splitted\train\bamboo_forest\bamboo_409.jpg
bamboo_41.jpg,bamboo_forest,train,C:\Users\USER\Desktop\ai_dataset\forestry_dataset_splitted\train\bamboo_forest\bamboo_41.jpg
bamboo_410.jpg,bamboo_forest,train,C:\Users\USER\Desktop\ai_dataset\forestry_dataset_splitted\train\bamboo_forest\bamboo_410.jpg
bamboo_411.jpg,bamboo_forest,train,C:\Users\USER\Desktop\ai_dataset\forestry_dataset_splitted\train\bamboo_forest\bamboo_411.jpg
bamboo_412.jpg,bamboo_forest,train,C:\Users\USER\Desktop\ai_dataset\forestry_dataset_splitted\train\bamboo_forest\bamboo_412.jpg
bamboo_413.jpg,bamboo_forest,train,C:\Users\USER\Desktop\ai_dataset\forestry_dataset_splitted\train\bamboo_forest\bamboo_413.jpg
bamboo_414.jpg,bamboo_forest,train,C:\Users\USER\Desktop\ai_dataset\forestry_dataset_splitted\train\bamboo_forest\bamboo_414.jpg
bamboo_415.webp,bamboo_forest,train,C:\Users\USER\Desktop\ai_dataset\forestry_dataset_splitted\train\bamboo_forest\bamboo_415.webp
bamboo_416.jpg,bamboo_forest,train,C:\Users\USER\Desktop\ai_dataset\forestry_dataset_splitted\train\bamboo_forest\bamboo_416.jpg
bamboo_417.jpg,bamboo_forest,train,C:\Users\USER\Desktop\ai_dataset\forestry_dataset_splitted\train\bamboo_forest\bamboo_417.jpg
bamboo_418.jpg,bamboo_forest,train,C:\Users\USER\Desktop\ai_dataset\forestry_dataset_splitted\train\bamboo_forest\bamboo_418.jpg
bamboo_419.jpg,bamboo_forest,train,C:\Users\USER\Desktop\ai_dataset\forestry_dataset_splitted\train\bamboo_forest\bamboo_419.jpg
bamboo_42.jpg,bamboo_forest,train,C:\Users\USER\Desktop\ai_dataset\forestry_dataset_splitted\train\bamboo_forest\bamboo_42.jpg
bamboo_420.jpg,bamboo_forest,train,C:\Users\USER\Desktop\ai_dataset\forestry_dataset_splitted\train\bamboo_forest\bamboo_420.jpg
bamboo_421.jpg,bamboo_forest,train,C:\Users\USER\Desktop\ai_dataset\forestry_dataset_splitted\train\bamboo_forest\bamboo_421.jpg
bamboo_422.webp,bamboo_forest,train,C:\Users\USER\Desktop\ai_dataset\forestry_dataset_splitted\train\bamboo_forest\bamboo_422.webp
bamboo_423.webp,bamboo_forest,train,C:\Users\USER\Desktop\ai_dataset\forestry_dataset_splitted\train\bamboo_forest\bamboo_423.webp
bamboo_424.jpg,bamboo_forest,train,C:\Users\USER\Desktop\ai_dataset\forestry_dataset_splitted\train\bamboo_forest\bamboo_424.jpg
bamboo_425.jpg,bamboo_forest,train,C:\Users\USER\Desktop\ai_dataset\forestry_dataset_splitted\train\bamboo_forest\bamboo_425.jpg
bamboo_426.jpg,bamboo_forest,train,C:\Users\USER\Desktop\ai_dataset\forestry_dataset_splitted\train\bamboo_forest\bamboo_426.jpg
bamboo_427.jpg,bamboo_forest,train,C:\Users\USER\Desktop\ai_dataset\forestry_dataset_splitted\train\bamboo_forest\bamboo_427.jpg
bamboo_428.jpg,bamboo_forest,train,C:\Users\USER\Desktop\ai_dataset\forestry_dataset_splitted\train\bamboo_forest\bamboo_428.jpg
bamboo_429.webp,bamboo_forest,train,C:\Users\USER\Desktop\ai_dataset\forestry_dataset_splitted\train\bamboo_forest\bamboo_429.webp
bamboo_43.jpg,bamboo_forest,train,C:\Users\USER\Desktop\ai_dataset\forestry_dataset_splitted\train\bamboo_forest\bamboo_43.jpg
bamboo_430.jpg,bamboo_forest,train,C:\Users\USER\Desktop\ai_dataset\forestry_dataset_splitted\train\bamboo_forest\bamboo_430.jpg
bamboo_431.jpg,bamboo_forest,train,C:\Users\USER\Desktop\ai_dataset\forestry_dataset_splitted\train\bamboo_forest\bamboo_431.jpg
bamboo_432.jpg,bamboo_forest,train,C:\Users\USER\Desktop\ai_dataset\forestry_dataset_splitted\train\bamboo_forest\bamboo_432.jpg
bamboo_433.jpg,bamboo_forest,train,C:\Users\USER\Desktop\ai_dataset\forestry_dataset_splitted\train\bamboo_forest\bamboo_433.jpg
bamboo_434.webp,bamboo_forest,train,C:\Users\USER\Desktop\ai_dataset\forestry_dataset_splitted\train\bamboo_forest\bamboo_434.webp
bamboo_435.jpg,bamboo_forest,train,C:\Users\USER\Desktop\ai_dataset\forestry_dataset_splitted\train\bamboo_forest\bamboo_435.jpg
bamboo_436.jpg,bamboo_forest,train,C:\Users\USER\Desktop\ai_dataset\forestry_dataset_splitted\train\bamboo_forest\bamboo_436.jpg
bamboo_437.jpg,bamboo_forest,train,C:\Users\USER\Desktop\ai_dataset\forestry_dataset_splitted\train\bamboo_forest\bamboo_437.jpg
bamboo_438.jpg,bamboo_forest,train,C:\Users\USER\Desktop\ai_dataset\forestry_dataset_splitted\train\bamboo_forest\bamboo_438.jpg
bamboo_439.jpg,bamboo_forest,train,C:\Users\USER\Desktop\ai_dataset\forestry_dataset_splitted\train\bamboo_forest\bamboo_439.jpg
bamboo_44.webp,bamboo_forest,train,C:\Users\USER\Desktop\ai_dataset\forestry_dataset_splitted\train\bamboo_forest\bamboo_44.webp
bamboo_440.jpg,bamboo_forest,train,C:\Users\USER\Desktop\ai_dataset\forestry_dataset_splitted\train\bamboo_forest\bamboo_440.jpg
bamboo_441.jpg,bamboo_forest,train,C:\Users\USER\Desktop\ai_dataset\forestry_dataset_splitted\train\bamboo_forest\bamboo_441.jpg
bamboo_442.jpg,bamboo_forest,train,C:\Users\USER\Desktop\ai_dataset\forestry_dataset_splitted\train\bamboo_forest\bamboo_442.jpg
bamboo_443.jpg,bamboo_forest,train,C:\Users\USER\Desktop\ai_dataset\forestry_dataset_splitted\train\bamboo_forest\bamboo_443.jpg
bamboo_444.jpg,bamboo_forest,train,C:\Users\USER\Desktop\ai_dataset\forestry_dataset_splitted\train\bamboo_forest\bamboo_444.jpg
bamboo_445.jpg,bamboo_forest,train,C:\Users\USER\Desktop\ai_dataset\forestry_dataset_splitted\train\bamboo_forest\bamboo_445.jpg
bamboo_446.jpg,bamboo_forest,train,C:\Users\USER\Desktop\ai_dataset\forestry_dataset_splitted\train\bamboo_forest\bamboo_446.jpg
bamboo_447.jpg,bamboo_forest,train,C:\Users\USER\Desktop\ai_dataset\forestry_dataset_splitted\train\bamboo_forest\bamboo_447.jpg
bamboo_448.jpg,bamboo_forest,train,C:\Users\USER\Desktop\ai_dataset\forestry_dataset_splitted\train\bamboo_forest\bamboo_448.jpg
bamboo_449.jpg,bamboo_forest,train,C:\Users\USER\Desktop\ai_dataset\forestry_dataset_splitted\train\bamboo_forest\bamboo_449.jpg
bamboo_45.webp,bamboo_forest,train,C:\Users\USER\Desktop\ai_dataset\forestry_dataset_splitted\train\bamboo_forest\bamboo_45.webp
bamboo_450.webp,bamboo_forest,train,C:\Users\USER\Desktop\ai_dataset\forestry_dataset_splitted\train\bamboo_forest\bamboo_450.webp
bamboo_451.jpg,bamboo_forest,train,C:\Users\USER\Desktop\ai_dataset\forestry_dataset_splitted\train\bamboo_forest\bamboo_451.jpg
bamboo_452.jpg,bamboo_forest,train,C:\Users\USER\Desktop\ai_dataset\forestry_dataset_splitted\train\bamboo_forest\bamboo_452.jpg
bamboo_453.jpg,bamboo_forest,train,C:\Users\USER\Desktop\ai_dataset\forestry_dataset_splitted\train\bamboo_forest\bamboo_453.jpg
bamboo_454.jpg,bamboo_forest,train,C:\Users\USER\Desktop\ai_dataset\forestry_dataset_splitted\train\bamboo_forest\bamboo_454.jpg
bamboo_455.jpg,bamboo_forest,train,C:\Users\USER\Desktop\ai_dataset\forestry_dataset_splitted\train\bamboo_forest\bamboo_455.jpg
bamboo_456.jpg,bamboo_forest,train,C:\Users\USER\Desktop\ai_dataset\forestry_dataset_splitted\train\bamboo_forest\bamboo_456.jpg
bamboo_457.jpg,bamboo_forest,train,C:\Users\USER\Desktop\ai_dataset\forestry_dataset_splitted\train\bamboo_forest\bamboo_457.jpg
bamboo_458.jpg,bamboo_forest,train,C:\Users\USER\Desktop\ai_dataset\forestry_dataset_splitted\train\bamboo_forest\bamboo_458.jpg
bamboo_459.jpg,bamboo_forest,train,C:\Users\USER\Desktop\ai_dataset\forestry_dataset_splitted\train\bamboo_forest\bamboo_459.jpg
bamboo_46.jpg,bamboo_forest,train,C:\Users\USER\Desktop\ai_dataset\forestry_dataset_splitted\train\bamboo_forest\bamboo_46.jpg
bamboo_460.jpg,bamboo_forest,train,C:\Users\USER\Desktop\ai_dataset\forestry_dataset_splitted\train\bamboo_forest\bamboo_460.jpg
bamboo_461.webp,bamboo_forest,train,C:\Users\USER\Desktop\ai_dataset\forestry_dataset_splitted\train\bamboo_forest\bamboo_461.webp
bamboo_462.jpg,bamboo_forest,train,C:\Users\USER\Desktop\ai_dataset\forestry_dataset_splitted\train\bamboo_forest\bamboo_462.jpg
bamboo_463.jpg,bamboo_forest,train,C:\Users\USER\Desktop\ai_dataset\forestry_dataset_splitted\train\bamboo_forest\bamboo_463.jpg
bamboo_464.jpg,bamboo_forest,train,C:\Users\USER\Desktop\ai_dataset\forestry_dataset_splitted\train\bamboo_forest\bamboo_464.jpg
bamboo_465.webp,bamboo_forest,train,C:\Users\USER\Desktop\ai_dataset\forestry_dataset_splitted\train\bamboo_forest\bamboo_465.webp
bamboo_466.jpg,bamboo_forest,train,C:\Users\USER\Desktop\ai_dataset\forestry_dataset_splitted\train\bamboo_forest\bamboo_466.jpg
bamboo_467.jpg,bamboo_forest,train,C:\Users\USER\Desktop\ai_dataset\forestry_dataset_splitted\train\bamboo_forest\bamboo_467.jpg
bamboo_468.jpg,bamboo_forest,train,C:\Users\USER\Desktop\ai_dataset\forestry_dataset_splitted\train\bamboo_forest\bamboo_468.jpg
bamboo_469.webp,bamboo_forest,train,C:\Users\USER\Desktop\ai_dataset\forestry_dataset_splitted\train\bamboo_forest\bamboo_469.webp
bamboo_47.jpg,bamboo_forest,train,C:\Users\USER\Desktop\ai_dataset\forestry_dataset_splitted\train\bamboo_forest\bamboo_47.jpg
bamboo_470.jpg,bamboo_forest,train,C:\Users\USER\Desktop\ai_dataset\forestry_dataset_splitted\train\bamboo_forest\bamboo_470.jpg
bamboo_471.jpg,bamboo_forest,train,C:\Users\USER\Desktop\ai_dataset\forestry_dataset_splitted\train\bamboo_forest\bamboo_471.jpg
bamboo_472.jpg,bamboo_forest,train,C:\Users\USER\Desktop\ai_dataset\forestry_dataset_splitted\train\bamboo_forest\bamboo_472.jpg
bamboo_473.webp,bamboo_forest,train,C:\Users\USER\Desktop\ai_dataset\forestry_dataset_splitted\train\bamboo_forest\bamboo_473.webp
bamboo_474.jpg,bamboo_forest,train,C:\Users\USER\Desktop\ai_dataset\forestry_dataset_splitted\train\bamboo_forest\bamboo_474.jpg
bamboo_475.jpg,bamboo_forest,train,C:\Users\USER\Desktop\ai_dataset\forestry_dataset_splitted\train\bamboo_forest\bamboo_475.jpg
bamboo_476.jpg,bamboo_forest,train,C:\Users\USER\Desktop\ai_dataset\forestry_dataset_splitted\train\bamboo_forest\bamboo_476.jpg
bamboo_477.jpg,bamboo_forest,train,C:\Users\USER\Desktop\ai_dataset\forestry_dataset_splitted\train\bamboo_forest\bamboo_477.jpg
bamboo_478.webp,bamboo_forest,train,C:\Users\USER\Desktop\ai_dataset\forestry_dataset_splitted\train\bamboo_forest\bamboo_478.webp
bamboo_479.jpg,bamboo_forest,train,C:\Users\USER\Desktop\ai_dataset\forestry_dataset_splitted\train\bamboo_forest\bamboo_479.jpg
bamboo_48.jpg,bamboo_forest,train,C:\Users\USER\Desktop\ai_dataset\forestry_dataset_splitted\train\bamboo_forest\bamboo_48.jpg
bamboo_480.webp,bamboo_forest,train,C:\Users\USER\Desktop\ai_dataset\forestry_dataset_splitted\train\bamboo_forest\bamboo_480.webp
bamboo_481.jpg,bamboo_forest,train,C:\Users\USER\Desktop\ai_dataset\forestry_dataset_splitted\train\bamboo_forest\bamboo_481.jpg
bamboo_482.jpg,bamboo_forest,train,C:\Users\USER\Desktop\ai_dataset\forestry_dataset_splitted\train\bamboo_forest\bamboo_482.jpg
bamboo_483.jpg,bamboo_forest,train,C:\Users\USER\Desktop\ai_dataset\forestry_dataset_splitted\train\bamboo_forest\bamboo_483.jpg
bamboo_484.jpg,bamboo_forest,train,C:\Users\USER\Desktop\ai_dataset\forestry_dataset_splitted\train\bamboo_forest\bamboo_484.jpg
bamboo_485.jpg,bamboo_forest,train,C:\Users\USER\Desktop\ai_dataset\forestry_dataset_splitted\train\bamboo_forest\bamboo_485.jpg
bamboo_486.jpg,bamboo_forest,train,C:\Users\USER\Desktop\ai_dataset\forestry_dataset_splitted\train\bamboo_forest\bamboo_486.jpg
bamboo_487.jpg,bamboo_forest,train,C:\Users\USER\Desktop\ai_dataset\forestry_dataset_splitted\train\bamboo_forest\bamboo_487.jpg
bamboo_488.jpg,bamboo_forest,train,C:\Users\USER\Desktop\ai_dataset\forestry_dataset_splitted\train\bamboo_forest\bamboo_488.jpg
bamboo_489.jpg,bamboo_forest,train,C:\Users\USER\Desktop\ai_dataset\forestry_dataset_splitted\train\bamboo_forest\bamboo_489.jpg
bamboo_49.webp,bamboo_forest,train,C:\Users\USER\Desktop\ai_dataset\forestry_dataset_splitted\train\bamboo_forest\bamboo_49.webp
bamboo_490.webp,bamboo_forest,train,C:\Users\USER\Desktop\ai_dataset\forestry_dataset_splitted\train\bamboo_forest\bamboo_490.webp
bamboo_491.jpg,bamboo_forest,train,C:\Users\USER\Desktop\ai_dataset\forestry_dataset_splitted\train\bamboo_forest\bamboo_491.jpg
bamboo_492.jpg,bamboo_forest,train,C:\Users\USER\Desktop\ai_dataset\forestry_dataset_splitted\train\bamboo_forest\bamboo_492.jpg
bamboo_493.jpg,bamboo_forest,train,C:\Users\USER\Desktop\ai_dataset\forestry_dataset_splitted\train\bamboo_forest\bamboo_493.jpg
bamboo_494.webp,bamboo_forest,train,C:\Users\USER\Desktop\ai_dataset\forestry_dataset_splitted\train\bamboo_forest\bamboo_494.webp
bamboo_495.jpg,bamboo_forest,train,C:\Users\USER\Desktop\ai_dataset\forestry_dataset_splitted\train\bamboo_forest\bamboo_495.jpg
bamboo_496.jpg,bamboo_forest,train,C:\Users\USER\Desktop\ai_dataset\forestry_dataset_splitted\train\bamboo_forest\bamboo_496.jpg
bamboo_497.jpg,bamboo_forest,train,C:\Users\USER\Desktop\ai_dataset\forestry_dataset_splitted\train\bamboo_forest\bamboo_497.jpg
bamboo_498.jpg,bamboo_forest,train,C:\Users\USER\Desktop\ai_dataset\forestry_dataset_splitted\train\bamboo_forest\bamboo_498.jpg
bamboo_499.jpg,bamboo_forest,train,C:\Users\USER\Desktop\ai_dataset\forestry_dataset_splitted\train\bamboo_forest\bamboo_499.jpg
bamboo_5.webp,bamboo_forest,train,C:\Users\USER\Desktop\ai_dataset\forestry_dataset_splitted\train\bamboo_forest\bamboo_5.webp
bamboo_50.webp,bamboo_forest,train,C:\Users\USER\Desktop\ai_dataset\forestry_dataset_splitted\train\bamboo_forest\bamboo_50.webp
bamboo_500.webp,bamboo_forest,train,C:\Users\USER\Desktop\ai_dataset\forestry_dataset_splitted\train\bamboo_forest\bamboo_500.webp
bamboo_501.jpg,bamboo_forest,train,C:\Users\USER\Desktop\ai_dataset\forestry_dataset_splitted\train\bamboo_forest\bamboo_501.jpg
bamboo_502.webp,bamboo_forest,train,C:\Users\USER\Desktop\ai_dataset\forestry_dataset_splitted\train\bamboo_forest\bamboo_502.webp
bamboo_503.webp,bamboo_forest,train,C:\Users\USER\Desktop\ai_dataset\forestry_dataset_splitted\train\bamboo_forest\bamboo_503.webp
bamboo_504.webp,bamboo_forest,train,C:\Users\USER\Desktop\ai_dataset\forestry_dataset_splitted\train\bamboo_forest\bamboo_504.webp
bamboo_505.png,bamboo_forest,train,C:\Users\USER\Desktop\ai_dataset\forestry_dataset_splitted\train\bamboo_forest\bamboo_505.png
bamboo_506.jpg,bamboo_forest,train,C:\Users\USER\Desktop\ai_dataset\forestry_dataset_splitted\train\bamboo_forest\bamboo_506.jpg
bamboo_507.jpg,bamboo_forest,train,C:\Users\USER\Desktop\ai_dataset\forestry_dataset_splitted\train\bamboo_forest\bamboo_507.jpg
bamboo_508.jpg,bamboo_forest,train,C:\Users\USER\Desktop\ai_dataset\forestry_dataset_splitted\train\bamboo_forest\bamboo_508.jpg
bamboo_509.webp,bamboo_forest,train,C:\Users\USER\Desktop\ai_dataset\forestry_dataset_splitted\train\bamboo_forest\bamboo_509.webp
bamboo_51.webp,bamboo_forest,train,C:\Users\USER\Desktop\ai_dataset\forestry_dataset_splitted\train\bamboo_forest\bamboo_51.webp
bamboo_510.jpg,bamboo_forest,train,C:\Users\USER\Desktop\ai_dataset\forestry_dataset_splitted\train\bamboo_forest\bamboo_510.jpg
bamboo_511.jpg,bamboo_forest,train,C:\Users\USER\Desktop\ai_dataset\forestry_dataset_splitted\train\bamboo_forest\bamboo_511.jpg
bamboo_512.jpg,bamboo_forest,train,C:\Users\USER\Desktop\ai_dataset\forestry_dataset_splitted\train\bamboo_forest\bamboo_512.jpg
bamboo_513.jpg,bamboo_forest,train,C:\Users\USER\Desktop\ai_dataset\forestry_dataset_splitted\train\bamboo_forest\bamboo_513.jpg
bamboo_514.jpg,bamboo_forest,train,C:\Users\USER\Desktop\ai_dataset\forestry_dataset_splitted\train\bamboo_forest\bamboo_514.jpg
bamboo_515.jpg,bamboo_forest,train,C:\Users\USER\Desktop\ai_dataset\forestry_dataset_splitted\train\bamboo_forest\bamboo_515.jpg
bamboo_516.webp,bamboo_forest,train,C:\Users\USER\Desktop\ai_dataset\forestry_dataset_splitted\train\bamboo_forest\bamboo_516.webp
bamboo_517.jpg,bamboo_forest,train,C:\Users\USER\Desktop\ai_dataset\forestry_dataset_splitted\train\bamboo_forest\bamboo_517.jpg
bamboo_518.jpg,bamboo_forest,train,C:\Users\USER\Desktop\ai_dataset\forestry_dataset_splitted\train\bamboo_forest\bamboo_518.jpg
bamboo_519.jpg,bamboo_forest,train,C:\Users\USER\Desktop\ai_dataset\forestry_dataset_splitted\train\bamboo_forest\bamboo_519.jpg
bamboo_52.jpg,bamboo_forest,train,C:\Users\USER\Desktop\ai_dataset\forestry_dataset_splitted\train\bamboo_forest\bamboo_52.jpg
bamboo_520.jpg,bamboo_forest,train,C:\Users\USER\Desktop\ai_dataset\forestry_dataset_splitted\train\bamboo_forest\bamboo_520.jpg
bamboo_521.jpg,bamboo_forest,train,C:\Users\USER\Desktop\ai_dataset\forestry_dataset_splitted\train\bamboo_forest\bamboo_521.jpg
bamboo_522.jpg,bamboo_forest,train,C:\Users\USER\Desktop\ai_dataset\forestry_dataset_splitted\train\bamboo_forest\bamboo_522.jpg
bamboo_523.jpg,bamboo_forest,train,C:\Users\USER\Desktop\ai_dataset\forestry_dataset_splitted\train\bamboo_forest\bamboo_523.jpg
bamboo_524.jpg,bamboo_forest,train,C:\Users\USER\Desktop\ai_dataset\forestry_dataset_splitted\train\bamboo_forest\bamboo_524.jpg
bamboo_525.jpg,bamboo_forest,train,C:\Users\USER\Desktop\ai_dataset\forestry_dataset_splitted\train\bamboo_forest\bamboo_525.jpg
bamboo_526.jpg,bamboo_forest,train,C:\Users\USER\Desktop\ai_dataset\forestry_dataset_splitted\train\bamboo_forest\bamboo_526.jpg
bamboo_527.jpg,bamboo_forest,train,C:\Users\USER\Desktop\ai_dataset\forestry_dataset_splitted\train\bamboo_forest\bamboo_527.jpg
bamboo_528.jpg,bamboo_forest,train,C:\Users\USER\Desktop\ai_dataset\forestry_dataset_splitted\train\bamboo_forest\bamboo_528.jpg
bamboo_529.jpg,bamboo_forest,train,C:\Users\USER\Desktop\ai_dataset\forestry_dataset_splitted\train\bamboo_forest\bamboo_529.jpg
bamboo_53.jpg,bamboo_forest,train,C:\Users\USER\Desktop\ai_dataset\forestry_dataset_splitted\train\bamboo_forest\bamboo_53.jpg
bamboo_530.jpg,bamboo_forest,train,C:\Users\USER\Desktop\ai_dataset\forestry_dataset_splitted\train\bamboo_forest\bamboo_530.jpg
bamboo_531.webp,bamboo_forest,train,C:\Users\USER\Desktop\ai_dataset\forestry_dataset_splitted\train\bamboo_forest\bamboo_531.webp
bamboo_532.jpg,bamboo_forest,train,C:\Users\USER\Desktop\ai_dataset\forestry_dataset_splitted\train\bamboo_forest\bamboo_532.jpg
bamboo_533.jpg,bamboo_forest,train,C:\Users\USER\Desktop\ai_dataset\forestry_dataset_splitted\train\bamboo_forest\bamboo_533.jpg
bamboo_534.jpg,bamboo_forest,train,C:\Users\USER\Desktop\ai_dataset\forestry_dataset_splitted\train\bamboo_forest\bamboo_534.jpg
bamboo_535.jpg,bamboo_forest,train,C:\Users\USER\Desktop\ai_dataset\forestry_dataset_splitted\train\bamboo_forest\bamboo_535.jpg
bamboo_536.webp,bamboo_forest,train,C:\Users\USER\Desktop\ai_dataset\forestry_dataset_splitted\train\bamboo_forest\bamboo_536.webp
bamboo_537.jpg,bamboo_forest,train,C:\Users\USER\Desktop\ai_dataset\forestry_dataset_splitted\train\bamboo_forest\bamboo_537.jpg
bamboo_538.jpg,bamboo_forest,train,C:\Users\USER\Desktop\ai_dataset\forestry_dataset_splitted\train\bamboo_forest\bamboo_538.jpg
bamboo_539.jpg,bamboo_forest,train,C:\Users\USER\Desktop\ai_dataset\forestry_dataset_splitted\train\bamboo_forest\bamboo_539.jpg
bamboo_54.jpg,bamboo_forest,train,C:\Users\USER\Desktop\ai_dataset\forestry_dataset_splitted\train\bamboo_forest\bamboo_54.jpg
bamboo_540.jpg,bamboo_forest,train,C:\Users\USER\Desktop\ai_dataset\forestry_dataset_splitted\train\bamboo_forest\bamboo_540.jpg
bamboo_541.jpg,bamboo_forest,train,C:\Users\USER\Desktop\ai_dataset\forestry_dataset_splitted\train\bamboo_forest\bamboo_541.jpg
bamboo_542.jpg,bamboo_forest,train,C:\Users\USER\Desktop\ai_dataset\forestry_dataset_splitted\train\bamboo_forest\bamboo_542.jpg
bamboo_543.jpg,bamboo_forest,train,C:\Users\USER\Desktop\ai_dataset\forestry_dataset_splitted\train\bamboo_forest\bamboo_543.jpg
bamboo_544.jpg,bamboo_forest,train,C:\Users\USER\Desktop\ai_dataset\forestry_dataset_splitted\train\bamboo_forest\bamboo_544.jpg
bamboo_545.webp,bamboo_forest,train,C:\Users\USER\Desktop\ai_dataset\forestry_dataset_splitted\train\bamboo_forest\bamboo_545.webp
bamboo_546.jpg,bamboo_forest,train,C:\Users\USER\Desktop\ai_dataset\forestry_dataset_splitted\train\bamboo_forest\bamboo_546.jpg
bamboo_547.jpg,bamboo_forest,train,C:\Users\USER\Desktop\ai_dataset\forestry_dataset_splitted\train\bamboo_forest\bamboo_547.jpg
bamboo_548.jpg,bamboo_forest,train,C:\Users\USER\Desktop\ai_dataset\forestry_dataset_splitted\train\bamboo_forest\bamboo_548.jpg
bamboo_549.jpg,bamboo_forest,train,C:\Users\USER\Desktop\ai_dataset\forestry_dataset_splitted\train\bamboo_forest\bamboo_549.jpg
bamboo_55.webp,bamboo_forest,train,C:\Users\USER\Desktop\ai_dataset\forestry_dataset_splitted\train\bamboo_forest\bamboo_55.webp
bamboo_550.jpg,bamboo_forest,train,C:\Users\USER\Desktop\ai_dataset\forestry_dataset_splitted\train\bamboo_forest\bamboo_550.jpg
bamboo_551.jpg,bamboo_forest,train,C:\Users\USER\Desktop\ai_dataset\forestry_dataset_splitted\train\bamboo_forest\bamboo_551.jpg
bamboo_552.webp,bamboo_forest,train,C:\Users\USER\Desktop\ai_dataset\forestry_dataset_splitted\train\bamboo_forest\bamboo_552.webp
bamboo_553.jpg,bamboo_forest,train,C:\Users\USER\Desktop\ai_dataset\forestry_dataset_splitted\train\bamboo_forest\bamboo_553.jpg
bamboo_554.jpg,bamboo_forest,train,C:\Users\USER\Desktop\ai_dataset\forestry_dataset_splitted\train\bamboo_forest\bamboo_554.jpg
bamboo_555.jpg,bamboo_forest,train,C:\Users\USER\Desktop\ai_dataset\forestry_dataset_splitted\train\bamboo_forest\bamboo_555.jpg
bamboo_556.jpg,bamboo_forest,train,C:\Users\USER\Desktop\ai_dataset\forestry_dataset_splitted\train\bamboo_forest\bamboo_556.jpg
bamboo_557.jpg,bamboo_forest,train,C:\Users\USER\Desktop\ai_dataset\forestry_dataset_splitted\train\bamboo_forest\bamboo_557.jpg
bamboo_558.webp,bamboo_forest,train,C:\Users\USER\Desktop\ai_dataset\forestry_dataset_splitted\train\bamboo_forest\bamboo_558.webp
bamboo_559.jpg,bamboo_forest,train,C:\Users\USER\Desktop\ai_dataset\forestry_dataset_splitted\train\bamboo_forest\bamboo_559.jpg
bamboo_56.jpg,bamboo_forest,train,C:\Users\USER\Desktop\ai_dataset\forestry_dataset_splitted\train\bamboo_forest\bamboo_56.jpg
bamboo_560.jpg,bamboo_forest,train,C:\Users\USER\Desktop\ai_dataset\forestry_dataset_splitted\train\bamboo_forest\bamboo_560.jpg
bamboo_561.jpg,bamboo_forest,train,C:\Users\USER\Desktop\ai_dataset\forestry_dataset_splitted\train\bamboo_forest\bamboo_561.jpg
bamboo_562.jpg,bamboo_forest,train,C:\Users\USER\Desktop\ai_dataset\forestry_dataset_splitted\train\bamboo_forest\bamboo_562.jpg
bamboo_563.jpg,bamboo_forest,train,C:\Users\USER\Desktop\ai_dataset\forestry_dataset_splitted\train\bamboo_forest\bamboo_563.jpg
bamboo_564.jpg,bamboo_forest,train,C:\Users\USER\Desktop\ai_dataset\forestry_dataset_splitted\train\bamboo_forest\bamboo_564.jpg
bamboo_565.webp,bamboo_forest,train,C:\Users\USER\Desktop\ai_dataset\forestry_dataset_splitted\train\bamboo_forest\bamboo_565.webp
bamboo_566.jpg,bamboo_forest,train,C:\Users\USER\Desktop\ai_dataset\forestry_dataset_splitted\train\bamboo_forest\bamboo_566.jpg
bamboo_567.jpg,bamboo_forest,train,C:\Users\USER\Desktop\ai_dataset\forestry_dataset_splitted\train\bamboo_forest\bamboo_567.jpg
bamboo_568.webp,bamboo_forest,train,C:\Users\USER\Desktop\ai_dataset\forestry_dataset_splitted\train\bamboo_forest\bamboo_568.webp
bamboo_569.jpg,bamboo_forest,train,C:\Users\USER\Desktop\ai_dataset\forestry_dataset_splitted\train\bamboo_forest\bamboo_569.jpg
bamboo_57.jpg,bamboo_forest,train,C:\Users\USER\Desktop\ai_dataset\forestry_dataset_splitted\train\bamboo_forest\bamboo_57.jpg
bamboo_570.jpg,bamboo_forest,train,C:\Users\USER\Desktop\ai_dataset\forestry_dataset_splitted\train\bamboo_forest\bamboo_570.jpg
bamboo_571.jpg,bamboo_forest,train,C:\Users\USER\Desktop\ai_dataset\forestry_dataset_splitted\train\bamboo_forest\bamboo_571.jpg
bamboo_572.webp,bamboo_forest,train,C:\Users\USER\Desktop\ai_dataset\forestry_dataset_splitted\train\bamboo_forest\bamboo_572.webp
bamboo_573.jpg,bamboo_forest,train,C:\Users\USER\Desktop\ai_dataset\forestry_dataset_splitted\train\bamboo_forest\bamboo_573.jpg
bamboo_574.webp,bamboo_forest,train,C:\Users\USER\Desktop\ai_dataset\forestry_dataset_splitted\train\bamboo_forest\bamboo_574.webp
bamboo_575.webp,bamboo_forest,train,C:\Users\USER\Desktop\ai_dataset\forestry_dataset_splitted\train\bamboo_forest\bamboo_575.webp
bamboo_576.webp,bamboo_forest,train,C:\Users\USER\Desktop\ai_dataset\forestry_dataset_splitted\train\bamboo_forest\bamboo_576.webp
bamboo_577.jpg,bamboo_forest,train,C:\Users\USER\Desktop\ai_dataset\forestry_dataset_splitted\train\bamboo_forest\bamboo_577.jpg
bamboo_578.jpg,bamboo_forest,train,C:\Users\USER\Desktop\ai_dataset\forestry_dataset_splitted\train\bamboo_forest\bamboo_578.jpg
bamboo_579.webp,bamboo_forest,train,C:\Users\USER\Desktop\ai_dataset\forestry_dataset_splitted\train\bamboo_forest\bamboo_579.webp
bamboo_58.jpg,bamboo_forest,train,C:\Users\USER\Desktop\ai_dataset\forestry_dataset_splitted\train\bamboo_forest\bamboo_58.jpg
bamboo_580.jpg,bamboo_forest,train,C:\Users\USER\Desktop\ai_dataset\forestry_dataset_splitted\train\bamboo_forest\bamboo_580.jpg
bamboo_581.jpg,bamboo_forest,train,C:\Users\USER\Desktop\ai_dataset\forestry_dataset_splitted\train\bamboo_forest\bamboo_581.jpg
bamboo_582.jpg,bamboo_forest,train,C:\Users\USER\Desktop\ai_dataset\forestry_dataset_splitted\train\bamboo_forest\bamboo_582.jpg
bamboo_583.webp,bamboo_forest,train,C:\Users\USER\Desktop\ai_dataset\forestry_dataset_splitted\train\bamboo_forest\bamboo_583.webp
bamboo_584.jpg,bamboo_forest,train,C:\Users\USER\Desktop\ai_dataset\forestry_dataset_splitted\train\bamboo_forest\bamboo_584.jpg
bamboo_585.webp,bamboo_forest,train,C:\Users\USER\Desktop\ai_dataset\forestry_dataset_splitted\train\bamboo_forest\bamboo_585.webp
bamboo_586.jpg,bamboo_forest,train,C:\Users\USER\Desktop\ai_dataset\forestry_dataset_splitted\train\bamboo_forest\bamboo_586.jpg
bamboo_587.jpg,bamboo_forest,train,C:\Users\USER\Desktop\ai_dataset\forestry_dataset_splitted\train\bamboo_forest\bamboo_587.jpg
bamboo_588.jpg,bamboo_forest,train,C:\Users\USER\Desktop\ai_dataset\forestry_dataset_splitted\train\bamboo_forest\bamboo_588.jpg
bamboo_589.webp,bamboo_forest,train,C:\Users\USER\Desktop\ai_dataset\forestry_dataset_splitted\train\bamboo_forest\bamboo_589.webp
bamboo_59.webp,bamboo_forest,train,C:\Users\USER\Desktop\ai_dataset\forestry_dataset_splitted\train\bamboo_forest\bamboo_59.webp
bamboo_590.webp,bamboo_forest,train,C:\Users\USER\Desktop\ai_dataset\forestry_dataset_splitted\train\bamboo_forest\bamboo_590.webp
bamboo_591.jpg,bamboo_forest,train,C:\Users\USER\Desktop\ai_dataset\forestry_dataset_splitted\train\bamboo_forest\bamboo_591.jpg
bamboo_592.webp,bamboo_forest,train,C:\Users\USER\Desktop\ai_dataset\forestry_dataset_splitted\train\bamboo_forest\bamboo_592.webp
bamboo_593.jpg,bamboo_forest,train,C:\Users\USER\Desktop\ai_dataset\forestry_dataset_splitted\train\bamboo_forest\bamboo_593.jpg
bamboo_594.jpg,bamboo_forest,train,C:\Users\USER\Desktop\ai_dataset\forestry_dataset_splitted\train\bamboo_forest\bamboo_594.jpg
bamboo_595.jpg,bamboo_forest,train,C:\Users\USER\Desktop\ai_dataset\forestry_dataset_splitted\train\bamboo_forest\bamboo_595.jpg
bamboo_596.jpg,bamboo_forest,train,C:\Users\USER\Desktop\ai_dataset\forestry_dataset_splitted\train\bamboo_forest\bamboo_596.jpg
bamboo_597.webp,bamboo_forest,train,C:\Users\USER\Desktop\ai_dataset\forestry_dataset_splitted\train\bamboo_forest\bamboo_597.webp
bamboo_598.jpg,bamboo_forest,train,C:\Users\USER\Desktop\ai_dataset\forestry_dataset_splitted\train\bamboo_forest\bamboo_598.jpg
bamboo_599.webp,bamboo_forest,train,C:\Users\USER\Desktop\ai_dataset\forestry_dataset_splitted\train\bamboo_forest\bamboo_599.webp
bamboo_6.webp,bamboo_forest,train,C:\Users\USER\Desktop\ai_dataset\forestry_dataset_splitted\train\bamboo_forest\bamboo_6.webp
bamboo_60.webp,bamboo_forest,train,C:\Users\USER\Desktop\ai_dataset\forestry_dataset_splitted\train\bamboo_forest\bamboo_60.webp
bamboo_600.webp,bamboo_forest,train,C:\Users\USER\Desktop\ai_dataset\forestry_dataset_splitted\train\bamboo_forest\bamboo_600.webp
bamboo_601.webp,bamboo_forest,train,C:\Users\USER\Desktop\ai_dataset\forestry_dataset_splitted\train\bamboo_forest\bamboo_601.webp
bamboo_602.webp,bamboo_forest,train,C:\Users\USER\Desktop\ai_dataset\forestry_dataset_splitted\train\bamboo_forest\bamboo_602.webp
bamboo_603.jpg,bamboo_forest,train,C:\Users\USER\Desktop\ai_dataset\forestry_dataset_splitted\train\bamboo_forest\bamboo_603.jpg
bamboo_604.webp,bamboo_forest,train,C:\Users\USER\Desktop\ai_dataset\forestry_dataset_splitted\train\bamboo_forest\bamboo_604.webp
bamboo_605.jpg,bamboo_forest,train,C:\Users\USER\Desktop\ai_dataset\forestry_dataset_splitted\train\bamboo_forest\bamboo_605.jpg
bamboo_606.webp,bamboo_forest,train,C:\Users\USER\Desktop\ai_dataset\forestry_dataset_splitted\train\bamboo_forest\bamboo_606.webp
bamboo_607.webp,bamboo_forest,train,C:\Users\USER\Desktop\ai_dataset\forestry_dataset_splitted\train\bamboo_forest\bamboo_607.webp
bamboo_608.webp,bamboo_forest,train,C:\Users\USER\Desktop\ai_dataset\forestry_dataset_splitted\train\bamboo_forest\bamboo_608.webp
bamboo_609.jpg,bamboo_forest,train,C:\Users\USER\Desktop\ai_dataset\forestry_dataset_splitted\train\bamboo_forest\bamboo_609.jpg
bamboo_61.jpg,bamboo_forest,train,C:\Users\USER\Desktop\ai_dataset\forestry_dataset_splitted\train\bamboo_forest\bamboo_61.jpg
bamboo_610.jpg,bamboo_forest,train,C:\Users\USER\Desktop\ai_dataset\forestry_dataset_splitted\train\bamboo_forest\bamboo_610.jpg
bamboo_611.webp,bamboo_forest,train,C:\Users\USER\Desktop\ai_dataset\forestry_dataset_splitted\train\bamboo_forest\bamboo_611.webp
bamboo_612.jpg,bamboo_forest,train,C:\Users\USER\Desktop\ai_dataset\forestry_dataset_splitted\train\bamboo_forest\bamboo_612.jpg
bamboo_613.webp,bamboo_forest,train,C:\Users\USER\Desktop\ai_dataset\forestry_dataset_splitted\train\bamboo_forest\bamboo_613.webp
bamboo_614.webp,bamboo_forest,train,C:\Users\USER\Desktop\ai_dataset\forestry_dataset_splitted\train\bamboo_forest\bamboo_614.webp
bamboo_615.jpg,bamboo_forest,train,C:\Users\USER\Desktop\ai_dataset\forestry_dataset_splitted\train\bamboo_forest\bamboo_615.jpg
bamboo_616.webp,bamboo_forest,train,C:\Users\USER\Desktop\ai_dataset\forestry_dataset_splitted\train\bamboo_forest\bamboo_616.webp
bamboo_617.webp,bamboo_forest,train,C:\Users\USER\Desktop\ai_dataset\forestry_dataset_splitted\train\bamboo_forest\bamboo_617.webp
bamboo_618.webp,bamboo_forest,train,C:\Users\USER\Desktop\ai_dataset\forestry_dataset_splitted\train\bamboo_forest\bamboo_618.webp
bamboo_619.jpg,bamboo_forest,train,C:\Users\USER\Desktop\ai_dataset\forestry_dataset_splitted\train\bamboo_forest\bamboo_619.jpg
bamboo_62.jpg,bamboo_forest,train,C:\Users\USER\Desktop\ai_dataset\forestry_dataset_splitted\train\bamboo_forest\bamboo_62.jpg
bamboo_620.jpg,bamboo_forest,train,C:\Users\USER\Desktop\ai_dataset\forestry_dataset_splitted\train\bamboo_forest\bamboo_620.jpg
bamboo_621.webp,bamboo_forest,train,C:\Users\USER\Desktop\ai_dataset\forestry_dataset_splitted\train\bamboo_forest\bamboo_621.webp
bamboo_622.jpg,bamboo_forest,train,C:\Users\USER\Desktop\ai_dataset\forestry_dataset_splitted\train\bamboo_forest\bamboo_622.jpg
bamboo_623.jpg,bamboo_forest,train,C:\Users\USER\Desktop\ai_dataset\forestry_dataset_splitted\train\bamboo_forest\bamboo_623.jpg
bamboo_624.jpg,bamboo_forest,train,C:\Users\USER\Desktop\ai_dataset\forestry_dataset_splitted\train\bamboo_forest\bamboo_624.jpg
bamboo_625.webp,bamboo_forest,train,C:\Users\USER\Desktop\ai_dataset\forestry_dataset_splitted\train\bamboo_forest\bamboo_625.webp
bamboo_626.webp,bamboo_forest,train,C:\Users\USER\Desktop\ai_dataset\forestry_dataset_splitted\train\bamboo_forest\bamboo_626.webp
bamboo_627.jpg,bamboo_forest,train,C:\Users\USER\Desktop\ai_dataset\forestry_dataset_splitted\train\bamboo_forest\bamboo_627.jpg
bamboo_628.webp,bamboo_forest,train,C:\Users\USER\Desktop\ai_dataset\forestry_dataset_splitted\train\bamboo_forest\bamboo_628.webp
bamboo_629.jpg,bamboo_forest,train,C:\Users\USER\Desktop\ai_dataset\forestry_dataset_splitted\train\bamboo_forest\bamboo_629.jpg
bamboo_63.webp,bamboo_forest,train,C:\Users\USER\Desktop\ai_dataset\forestry_dataset_splitted\train\bamboo_forest\bamboo_63.webp
bamboo_630.webp,bamboo_forest,train,C:\Users\USER\Desktop\ai_dataset\forestry_dataset_splitted\train\bamboo_forest\bamboo_630.webp
bamboo_631.jpg,bamboo_forest,train,C:\Users\USER\Desktop\ai_dataset\forestry_dataset_splitted\train\bamboo_forest\bamboo_631.jpg
bamboo_632.jpg,bamboo_forest,train,C:\Users\USER\Desktop\ai_dataset\forestry_dataset_splitted\train\bamboo_forest\bamboo_632.jpg
bamboo_633.webp,bamboo_forest,train,C:\Users\USER\Desktop\ai_dataset\forestry_dataset_splitted\train\bamboo_forest\bamboo_633.webp
bamboo_634.jpg,bamboo_forest,train,C:\Users\USER\Desktop\ai_dataset\forestry_dataset_splitted\train\bamboo_forest\bamboo_634.jpg
bamboo_635.webp,bamboo_forest,train,C:\Users\USER\Desktop\ai_dataset\forestry_dataset_splitted\train\bamboo_forest\bamboo_635.webp
bamboo_636.webp,bamboo_forest,train,C:\Users\USER\Desktop\ai_dataset\forestry_dataset_splitted\train\bamboo_forest\bamboo_636.webp
bamboo_637.jpg,bamboo_forest,train,C:\Users\USER\Desktop\ai_dataset\forestry_dataset_splitted\train\bamboo_forest\bamboo_637.jpg
bamboo_638.jpg,bamboo_forest,train,C:\Users\USER\Desktop\ai_dataset\forestry_dataset_splitted\train\bamboo_forest\bamboo_638.jpg
bamboo_639.jpg,bamboo_forest,train,C:\Users\USER\Desktop\ai_dataset\forestry_dataset_splitted\train\bamboo_forest\bamboo_639.jpg
bamboo_64.webp,bamboo_forest,train,C:\Users\USER\Desktop\ai_dataset\forestry_dataset_splitted\train\bamboo_forest\bamboo_64.webp
bamboo_640.webp,bamboo_forest,train,C:\Users\USER\Desktop\ai_dataset\forestry_dataset_splitted\train\bamboo_forest\bamboo_640.webp
bamboo_641.jpg,bamboo_forest,train,C:\Users\USER\Desktop\ai_dataset\forestry_dataset_splitted\train\bamboo_forest\bamboo_641.jpg
bamboo_642.jpg,bamboo_forest,train,C:\Users\USER\Desktop\ai_dataset\forestry_dataset_splitted\train\bamboo_forest\bamboo_642.jpg
bamboo_643.webp,bamboo_forest,train,C:\Users\USER\Desktop\ai_dataset\forestry_dataset_splitted\train\bamboo_forest\bamboo_643.webp
bamboo_644.jpg,bamboo_forest,train,C:\Users\USER\Desktop\ai_dataset\forestry_dataset_splitted\train\bamboo_forest\bamboo_644.jpg
bamboo_645.webp,bamboo_forest,train,C:\Users\USER\Desktop\ai_dataset\forestry_dataset_splitted\train\bamboo_forest\bamboo_645.webp
bamboo_646.webp,bamboo_forest,train,C:\Users\USER\Desktop\ai_dataset\forestry_dataset_splitted\train\bamboo_forest\bamboo_646.webp
bamboo_647.webp,bamboo_forest,train,C:\Users\USER\Desktop\ai_dataset\forestry_dataset_splitted\train\bamboo_forest\bamboo_647.webp
bamboo_648.webp,bamboo_forest,train,C:\Users\USER\Desktop\ai_dataset\forestry_dataset_splitted\train\bamboo_forest\bamboo_648.webp
bamboo_649.webp,bamboo_forest,train,C:\Users\USER\Desktop\ai_dataset\forestry_dataset_splitted\train\bamboo_forest\bamboo_649.webp
bamboo_65.jpg,bamboo_forest,train,C:\Users\USER\Desktop\ai_dataset\forestry_dataset_splitted\train\bamboo_forest\bamboo_65.jpg
bamboo_650.jpg,bamboo_forest,train,C:\Users\USER\Desktop\ai_dataset\forestry_dataset_splitted\train\bamboo_forest\bamboo_650.jpg
bamboo_651.webp,bamboo_forest,train,C:\Users\USER\Desktop\ai_dataset\forestry_dataset_splitted\train\bamboo_forest\bamboo_651.webp
bamboo_652.jpg,bamboo_forest,train,C:\Users\USER\Desktop\ai_dataset\forestry_dataset_splitted\train\bamboo_forest\bamboo_652.jpg
bamboo_653.jpg,bamboo_forest,train,C:\Users\USER\Desktop\ai_dataset\forestry_dataset_splitted\train\bamboo_forest\bamboo_653.jpg
bamboo_654.jpg,bamboo_forest,train,C:\Users\USER\Desktop\ai_dataset\forestry_dataset_splitted\train\bamboo_forest\bamboo_654.jpg
bamboo_655.jpg,bamboo_forest,train,C:\Users\USER\Desktop\ai_dataset\forestry_dataset_splitted\train\bamboo_forest\bamboo_655.jpg
bamboo_656.webp,bamboo_forest,train,C:\Users\USER\Desktop\ai_dataset\forestry_dataset_splitted\train\bamboo_forest\bamboo_656.webp
bamboo_657.jpg,bamboo_forest,train,C:\Users\USER\Desktop\ai_dataset\forestry_dataset_splitted\train\bamboo_forest\bamboo_657.jpg
bamboo_658.webp,bamboo_forest,train,C:\Users\USER\Desktop\ai_dataset\forestry_dataset_splitted\train\bamboo_forest\bamboo_658.webp
bamboo_659.webp,bamboo_forest,train,C:\Users\USER\Desktop\ai_dataset\forestry_dataset_splitted\train\bamboo_forest\bamboo_659.webp
bamboo_66.webp,bamboo_forest,train,C:\Users\USER\Desktop\ai_dataset\forestry_dataset_splitted\train\bamboo_forest\bamboo_66.webp
bamboo_660.webp,bamboo_forest,train,C:\Users\USER\Desktop\ai_dataset\forestry_dataset_splitted\train\bamboo_forest\bamboo_660.webp
bamboo_661.jpg,bamboo_forest,train,C:\Users\USER\Desktop\ai_dataset\forestry_dataset_splitted\train\bamboo_forest\bamboo_661.jpg
bamboo_662.webp,bamboo_forest,train,C:\Users\USER\Desktop\ai_dataset\forestry_dataset_splitted\train\bamboo_forest\bamboo_662.webp
bamboo_663.webp,bamboo_forest,train,C:\Users\USER\Desktop\ai_dataset\forestry_dataset_splitted\train\bamboo_forest\bamboo_663.webp
bamboo_664.jpg,bamboo_forest,train,C:\Users\USER\Desktop\ai_dataset\forestry_dataset_splitted\train\bamboo_forest\bamboo_664.jpg
bamboo_665.webp,bamboo_forest,train,C:\Users\USER\Desktop\ai_dataset\forestry_dataset_splitted\train\bamboo_forest\bamboo_665.webp
bamboo_666.webp,bamboo_forest,train,C:\Users\USER\Desktop\ai_dataset\forestry_dataset_splitted\train\bamboo_forest\bamboo_666.webp
bamboo_667.webp,bamboo_forest,train,C:\Users\USER\Desktop\ai_dataset\forestry_dataset_splitted\train\bamboo_forest\bamboo_667.webp
bamboo_668.jpg,bamboo_forest,train,C:\Users\USER\Desktop\ai_dataset\forestry_dataset_splitted\train\bamboo_forest\bamboo_668.jpg
bamboo_669.webp,bamboo_forest,train,C:\Users\USER\Desktop\ai_dataset\forestry_dataset_splitted\train\bamboo_forest\bamboo_669.webp
bamboo_67.webp,bamboo_forest,train,C:\Users\USER\Desktop\ai_dataset\forestry_dataset_splitted\train\bamboo_forest\bamboo_67.webp
bamboo_670.webp,bamboo_forest,train,C:\Users\USER\Desktop\ai_dataset\forestry_dataset_splitted\train\bamboo_forest\bamboo_670.webp
bamboo_671.webp,bamboo_forest,train,C:\Users\USER\Desktop\ai_dataset\forestry_dataset_splitted\train\bamboo_forest\bamboo_671.webp
bamboo_672.jpg,bamboo_forest,train,C:\Users\USER\Desktop\ai_dataset\forestry_dataset_splitted\train\bamboo_forest\bamboo_672.jpg
bamboo_673.jpg,bamboo_forest,train,C:\Users\USER\Desktop\ai_dataset\forestry_dataset_splitted\train\bamboo_forest\bamboo_673.jpg
bamboo_674.webp,bamboo_forest,train,C:\Users\USER\Desktop\ai_dataset\forestry_dataset_splitted\train\bamboo_forest\bamboo_674.webp
bamboo_675.jpg,bamboo_forest,train,C:\Users\USER\Desktop\ai_dataset\forestry_dataset_splitted\train\bamboo_forest\bamboo_675.jpg
bamboo_676.webp,bamboo_forest,train,C:\Users\USER\Desktop\ai_dataset\forestry_dataset_splitted\train\bamboo_forest\bamboo_676.webp
bamboo_677.webp,bamboo_forest,train,C:\Users\USER\Desktop\ai_dataset\forestry_dataset_splitted\train\bamboo_forest\bamboo_677.webp
bamboo_678.jpg,bamboo_forest,train,C:\Users\USER\Desktop\ai_dataset\forestry_dataset_splitted\train\bamboo_forest\bamboo_678.jpg
bamboo_679.webp,bamboo_forest,train,C:\Users\USER\Desktop\ai_dataset\forestry_dataset_splitted\train\bamboo_forest\bamboo_679.webp
bamboo_68.jpg,bamboo_forest,train,C:\Users\USER\Desktop\ai_dataset\forestry_dataset_splitted\train\bamboo_forest\bamboo_68.jpg
bamboo_680.jpg,bamboo_forest,train,C:\Users\USER\Desktop\ai_dataset\forestry_dataset_splitted\train\bamboo_forest\bamboo_680.jpg
bamboo_681.webp,bamboo_forest,train,C:\Users\USER\Desktop\ai_dataset\forestry_dataset_splitted\train\bamboo_forest\bamboo_681.webp
bamboo_682.jpg,bamboo_forest,train,C:\Users\USER\Desktop\ai_dataset\forestry_dataset_splitted\train\bamboo_forest\bamboo_682.jpg
bamboo_683.webp,bamboo_forest,train,C:\Users\USER\Desktop\ai_dataset\forestry_dataset_splitted\train\bamboo_forest\bamboo_683.webp
bamboo_684.webp,bamboo_forest,train,C:\Users\USER\Desktop\ai_dataset\forestry_dataset_splitted\train\bamboo_forest\bamboo_684.webp
bamboo_685.webp,bamboo_forest,train,C:\Users\USER\Desktop\ai_dataset\forestry_dataset_splitted\train\bamboo_forest\bamboo_685.webp
bamboo_686.jpg,bamboo_forest,train,C:\Users\USER\Desktop\ai_dataset\forestry_dataset_splitted\train\bamboo_forest\bamboo_686.jpg
bamboo_687.jpg,bamboo_forest,train,C:\Users\USER\Desktop\ai_dataset\forestry_dataset_splitted\train\bamboo_forest\bamboo_687.jpg
bamboo_688.jpg,bamboo_forest,train,C:\Users\USER\Desktop\ai_dataset\forestry_dataset_splitted\train\bamboo_forest\bamboo_688.jpg
bamboo_689.webp,bamboo_forest,train,C:\Users\USER\Desktop\ai_dataset\forestry_dataset_splitted\train\bamboo_forest\bamboo_689.webp
bamboo_69.webp,bamboo_forest,train,C:\Users\USER\Desktop\ai_dataset\forestry_dataset_splitted\train\bamboo_forest\bamboo_69.webp
bamboo_690.webp,bamboo_forest,train,C:\Users\USER\Desktop\ai_dataset\forestry_dataset_splitted\train\bamboo_forest\bamboo_690.webp
bamboo_691.jpg,bamboo_forest,train,C:\Users\USER\Desktop\ai_dataset\forestry_dataset_splitted\train\bamboo_forest\bamboo_691.jpg
bamboo_692.webp,bamboo_forest,train,C:\Users\USER\Desktop\ai_dataset\forestry_dataset_splitted\train\bamboo_forest\bamboo_692.webp
bamboo_693.jpg,bamboo_forest,train,C:\Users\USER\Desktop\ai_dataset\forestry_dataset_splitted\train\bamboo_forest\bamboo_693.jpg
bamboo_694.jpg,bamboo_forest,train,C:\Users\USER\Desktop\ai_dataset\forestry_dataset_splitted\train\bamboo_forest\bamboo_694.jpg
bamboo_695.jpg,bamboo_forest,train,C:\Users\USER\Desktop\ai_dataset\forestry_dataset_splitted\train\bamboo_forest\bamboo_695.jpg
bamboo_696.webp,bamboo_forest,train,C:\Users\USER\Desktop\ai_dataset\forestry_dataset_splitted\train\bamboo_forest\bamboo_696.webp
bamboo_697.jpg,bamboo_forest,train,C:\Users\USER\Desktop\ai_dataset\forestry_dataset_splitted\train\bamboo_forest\bamboo_697.jpg
bamboo_698.webp,bamboo_forest,train,C:\Users\USER\Desktop\ai_dataset\forestry_dataset_splitted\train\bamboo_forest\bamboo_698.webp
bamboo_699.jpg,bamboo_forest,train,C:\Users\USER\Desktop\ai_dataset\forestry_dataset_splitted\train\bamboo_forest\bamboo_699.jpg
bamboo_7.webp,bamboo_forest,train,C:\Users\USER\Desktop\ai_dataset\forestry_dataset_splitted\train\bamboo_forest\bamboo_7.webp
bamboo_70.jpg,bamboo_forest,train,C:\Users\USER\Desktop\ai_dataset\forestry_dataset_splitted\train\bamboo_forest\bamboo_70.jpg
bamboo_700.webp,bamboo_forest,train,C:\Users\USER\Desktop\ai_dataset\forestry_dataset_splitted\train\bamboo_forest\bamboo_700.webp
bamboo_701.webp,bamboo_forest,train,C:\Users\USER\Desktop\ai_dataset\forestry_dataset_splitted\train\bamboo_forest\bamboo_701.webp
bamboo_702.webp,bamboo_forest,train,C:\Users\USER\Desktop\ai_dataset\forestry_dataset_splitted\train\bamboo_forest\bamboo_702.webp
bamboo_703.jpg,bamboo_forest,train,C:\Users\USER\Desktop\ai_dataset\forestry_dataset_splitted\train\bamboo_forest\bamboo_703.jpg
bamboo_704.jpg,bamboo_forest,train,C:\Users\USER\Desktop\ai_dataset\forestry_dataset_splitted\train\bamboo_forest\bamboo_704.jpg
bamboo_705.jpg,bamboo_forest,train,C:\Users\USER\Desktop\ai_dataset\forestry_dataset_splitted\train\bamboo_forest\bamboo_705.jpg
bamboo_706.jpg,bamboo_forest,train,C:\Users\USER\Desktop\ai_dataset\forestry_dataset_splitted\train\bamboo_forest\bamboo_706.jpg
bamboo_707.webp,bamboo_forest,train,C:\Users\USER\Desktop\ai_dataset\forestry_dataset_splitted\train\bamboo_forest\bamboo_707.webp
bamboo_708.webp,bamboo_forest,train,C:\Users\USER\Desktop\ai_dataset\forestry_dataset_splitted\train\bamboo_forest\bamboo_708.webp
bamboo_709.webp,bamboo_forest,train,C:\Users\USER\Desktop\ai_dataset\forestry_dataset_splitted\train\bamboo_forest\bamboo_709.webp
bamboo_71.webp,bamboo_forest,train,C:\Users\USER\Desktop\ai_dataset\forestry_dataset_splitted\train\bamboo_forest\bamboo_71.webp
bamboo_710.webp,bamboo_forest,train,C:\Users\USER\Desktop\ai_dataset\forestry_dataset_splitted\train\bamboo_forest\bamboo_710.webp
bamboo_711.jpg,bamboo_forest,train,C:\Users\USER\Desktop\ai_dataset\forestry_dataset_splitted\train\bamboo_forest\bamboo_711.jpg
bamboo_712.jpg,bamboo_forest,train,C:\Users\USER\Desktop\ai_dataset\forestry_dataset_splitted\train\bamboo_forest\bamboo_712.jpg
bamboo_713.jpg,bamboo_forest,train,C:\Users\USER\Desktop\ai_dataset\forestry_dataset_splitted\train\bamboo_forest\bamboo_713.jpg
bamboo_714.webp,bamboo_forest,train,C:\Users\USER\Desktop\ai_dataset\forestry_dataset_splitted\train\bamboo_forest\bamboo_714.webp
bamboo_715.webp,bamboo_forest,train,C:\Users\USER\Desktop\ai_dataset\forestry_dataset_splitted\train\bamboo_forest\bamboo_715.webp
bamboo_716.jpg,bamboo_forest,train,C:\Users\USER\Desktop\ai_dataset\forestry_dataset_splitted\train\bamboo_forest\bamboo_716.jpg
bamboo_717.webp,bamboo_forest,train,C:\Users\USER\Desktop\ai_dataset\forestry_dataset_splitted\train\bamboo_forest\bamboo_717.webp
bamboo_718.webp,bamboo_forest,train,C:\Users\USER\Desktop\ai_dataset\forestry_dataset_splitted\train\bamboo_forest\bamboo_718.webp
bamboo_719.webp,bamboo_forest,train,C:\Users\USER\Desktop\ai_dataset\forestry_dataset_splitted\train\bamboo_forest\bamboo_719.webp
bamboo_72.jpg,bamboo_forest,train,C:\Users\USER\Desktop\ai_dataset\forestry_dataset_splitted\train\bamboo_forest\bamboo_72.jpg
bamboo_720.jpg,bamboo_forest,train,C:\Users\USER\Desktop\ai_dataset\forestry_dataset_splitted\train\bamboo_forest\bamboo_720.jpg
bamboo_721.jpg,bamboo_forest,train,C:\Users\USER\Desktop\ai_dataset\forestry_dataset_splitted\train\bamboo_forest\bamboo_721.jpg
bamboo_722.webp,bamboo_forest,train,C:\Users\USER\Desktop\ai_dataset\forestry_dataset_splitted\train\bamboo_forest\bamboo_722.webp
bamboo_723.jpg,bamboo_forest,train,C:\Users\USER\Desktop\ai_dataset\forestry_dataset_splitted\train\bamboo_forest\bamboo_723.jpg
bamboo_724.jpg,bamboo_forest,train,C:\Users\USER\Desktop\ai_dataset\forestry_dataset_splitted\train\bamboo_forest\bamboo_724.jpg
bamboo_725.webp,bamboo_forest,train,C:\Users\USER\Desktop\ai_dataset\forestry_dataset_splitted\train\bamboo_forest\bamboo_725.webp
bamboo_726.webp,bamboo_forest,train,C:\Users\USER\Desktop\ai_dataset\forestry_dataset_splitted\train\bamboo_forest\bamboo_726.webp
bamboo_727.webp,bamboo_forest,train,C:\Users\USER\Desktop\ai_dataset\forestry_dataset_splitted\train\bamboo_forest\bamboo_727.webp
bamboo_728.webp,bamboo_forest,train,C:\Users\USER\Desktop\ai_dataset\forestry_dataset_splitted\train\bamboo_forest\bamboo_728.webp
bamboo_729.webp,bamboo_forest,train,C:\Users\USER\Desktop\ai_dataset\forestry_dataset_splitted\train\bamboo_forest\bamboo_729.webp
bamboo_73.webp,bamboo_forest,train,C:\Users\USER\Desktop\ai_dataset\forestry_dataset_splitted\train\bamboo_forest\bamboo_73.webp
bamboo_730.jpg,bamboo_forest,train,C:\Users\USER\Desktop\ai_dataset\forestry_dataset_splitted\train\bamboo_forest\bamboo_730.jpg
bamboo_731.webp,bamboo_forest,train,C:\Users\USER\Desktop\ai_dataset\forestry_dataset_splitted\train\bamboo_forest\bamboo_731.webp
bamboo_732.webp,bamboo_forest,train,C:\Users\USER\Desktop\ai_dataset\forestry_dataset_splitted\train\bamboo_forest\bamboo_732.webp
bamboo_733.webp,bamboo_forest,train,C:\Users\USER\Desktop\ai_dataset\forestry_dataset_splitted\train\bamboo_forest\bamboo_733.webp
bamboo_734.webp,bamboo_forest,train,C:\Users\USER\Desktop\ai_dataset\forestry_dataset_splitted\train\bamboo_forest\bamboo_734.webp
bamboo_735.webp,bamboo_forest,train,C:\Users\USER\Desktop\ai_dataset\forestry_dataset_splitted\train\bamboo_forest\bamboo_735.webp
bamboo_736.webp,bamboo_forest,train,C:\Users\USER\Desktop\ai_dataset\forestry_dataset_splitted\train\bamboo_forest\bamboo_736.webp
bamboo_737.jpg,bamboo_forest,train,C:\Users\USER\Desktop\ai_dataset\forestry_dataset_splitted\train\bamboo_forest\bamboo_737.jpg
bamboo_738.webp,bamboo_forest,train,C:\Users\USER\Desktop\ai_dataset\forestry_dataset_splitted\train\bamboo_forest\bamboo_738.webp
bamboo_739.webp,bamboo_forest,train,C:\Users\USER\Desktop\ai_dataset\forestry_dataset_splitted\train\bamboo_forest\bamboo_739.webp
bamboo_74.jpg,bamboo_forest,train,C:\Users\USER\Desktop\ai_dataset\forestry_dataset_splitted\train\bamboo_forest\bamboo_74.jpg
bamboo_740.webp,bamboo_forest,train,C:\Users\USER\Desktop\ai_dataset\forestry_dataset_splitted\train\bamboo_forest\bamboo_740.webp
bamboo_741.webp,bamboo_forest,train,C:\Users\USER\Desktop\ai_dataset\forestry_dataset_splitted\train\bamboo_forest\bamboo_741.webp
bamboo_742.webp,bamboo_forest,train,C:\Users\USER\Desktop\ai_dataset\forestry_dataset_splitted\train\bamboo_forest\bamboo_742.webp
bamboo_743.jpg,bamboo_forest,train,C:\Users\USER\Desktop\ai_dataset\forestry_dataset_splitted\train\bamboo_forest\bamboo_743.jpg
bamboo_744.webp,bamboo_forest,train,C:\Users\USER\Desktop\ai_dataset\forestry_dataset_splitted\train\bamboo_forest\bamboo_744.webp
bamboo_745.webp,bamboo_forest,train,C:\Users\USER\Desktop\ai_dataset\forestry_dataset_splitted\train\bamboo_forest\bamboo_745.webp
bamboo_746.webp,bamboo_forest,train,C:\Users\USER\Desktop\ai_dataset\forestry_dataset_splitted\train\bamboo_forest\bamboo_746.webp
bamboo_747.webp,bamboo_forest,train,C:\Users\USER\Desktop\ai_dataset\forestry_dataset_splitted\train\bamboo_forest\bamboo_747.webp
bamboo_748.webp,bamboo_forest,train,C:\Users\USER\Desktop\ai_dataset\forestry_dataset_splitted\train\bamboo_forest\bamboo_748.webp
bamboo_749.webp,bamboo_forest,train,C:\Users\USER\Desktop\ai_dataset\forestry_dataset_splitted\train\bamboo_forest\bamboo_749.webp
bamboo_75.webp,bamboo_forest,train,C:\Users\USER\Desktop\ai_dataset\forestry_dataset_splitted\train\bamboo_forest\bamboo_75.webp
bamboo_750.webp,bamboo_forest,train,C:\Users\USER\Desktop\ai_dataset\forestry_dataset_splitted\train\bamboo_forest\bamboo_750.webp
bamboo_751.webp,bamboo_forest,train,C:\Users\USER\Desktop\ai_dataset\forestry_dataset_splitted\train\bamboo_forest\bamboo_751.webp
bamboo_752.webp,bamboo_forest,train,C:\Users\USER\Desktop\ai_dataset\forestry_dataset_splitted\train\bamboo_forest\bamboo_752.webp
bamboo_753.webp,bamboo_forest,train,C:\Users\USER\Desktop\ai_dataset\forestry_dataset_splitted\train\bamboo_forest\bamboo_753.webp
bamboo_754.webp,bamboo_forest,train,C:\Users\USER\Desktop\ai_dataset\forestry_dataset_splitted\train\bamboo_forest\bamboo_754.webp
bamboo_755.webp,bamboo_forest,train,C:\Users\USER\Desktop\ai_dataset\forestry_dataset_splitted\train\bamboo_forest\bamboo_755.webp
bamboo_756.webp,bamboo_forest,train,C:\Users\USER\Desktop\ai_dataset\forestry_dataset_splitted\train\bamboo_forest\bamboo_756.webp
bamboo_757.webp,bamboo_forest,train,C:\Users\USER\Desktop\ai_dataset\forestry_dataset_splitted\train\bamboo_forest\bamboo_757.webp
bamboo_758.jpg,bamboo_forest,train,C:\Users\USER\Desktop\ai_dataset\forestry_dataset_splitted\train\bamboo_forest\bamboo_758.jpg
bamboo_759.webp,bamboo_forest,train,C:\Users\USER\Desktop\ai_dataset\forestry_dataset_splitted\train\bamboo_forest\bamboo_759.webp
bamboo_76.webp,bamboo_forest,train,C:\Users\USER\Desktop\ai_dataset\forestry_dataset_splitted\train\bamboo_forest\bamboo_76.webp
bamboo_760.jpg,bamboo_forest,train,C:\Users\USER\Desktop\ai_dataset\forestry_dataset_splitted\train\bamboo_forest\bamboo_760.jpg
bamboo_761.webp,bamboo_forest,train,C:\Users\USER\Desktop\ai_dataset\forestry_dataset_splitted\train\bamboo_forest\bamboo_761.webp
bamboo_762.webp,bamboo_forest,train,C:\Users\USER\Desktop\ai_dataset\forestry_dataset_splitted\train\bamboo_forest\bamboo_762.webp
bamboo_763.webp,bamboo_forest,train,C:\Users\USER\Desktop\ai_dataset\forestry_dataset_splitted\train\bamboo_forest\bamboo_763.webp
bamboo_764.webp,bamboo_forest,train,C:\Users\USER\Desktop\ai_dataset\forestry_dataset_splitted\train\bamboo_forest\bamboo_764.webp
bamboo_765.webp,bamboo_forest,train,C:\Users\USER\Desktop\ai_dataset\forestry_dataset_splitted\train\bamboo_forest\bamboo_765.webp
bamboo_766.webp,bamboo_forest,train,C:\Users\USER\Desktop\ai_dataset\forestry_dataset_splitted\train\bamboo_forest\bamboo_766.webp
bamboo_767.jpg,bamboo_forest,train,C:\Users\USER\Desktop\ai_dataset\forestry_dataset_splitted\train\bamboo_forest\bamboo_767.jpg
bamboo_768.webp,bamboo_forest,train,C:\Users\USER\Desktop\ai_dataset\forestry_dataset_splitted\train\bamboo_forest\bamboo_768.webp
bamboo_769.webp,bamboo_forest,train,C:\Users\USER\Desktop\ai_dataset\forestry_dataset_splitted\train\bamboo_forest\bamboo_769.webp
bamboo_77.jpg,bamboo_forest,train,C:\Users\USER\Desktop\ai_dataset\forestry_dataset_splitted\train\bamboo_forest\bamboo_77.jpg
bamboo_770.webp,bamboo_forest,train,C:\Users\USER\Desktop\ai_dataset\forestry_dataset_splitted\train\bamboo_forest\bamboo_770.webp
bamboo_771.jpg,bamboo_forest,train,C:\Users\USER\Desktop\ai_dataset\forestry_dataset_splitted\train\bamboo_forest\bamboo_771.jpg
bamboo_772.webp,bamboo_forest,train,C:\Users\USER\Desktop\ai_dataset\forestry_dataset_splitted\train\bamboo_forest\bamboo_772.webp
bamboo_773.webp,bamboo_forest,train,C:\Users\USER\Desktop\ai_dataset\forestry_dataset_splitted\train\bamboo_forest\bamboo_773.webp
bamboo_774.webp,bamboo_forest,train,C:\Users\USER\Desktop\ai_dataset\forestry_dataset_splitted\train\bamboo_forest\bamboo_774.webp
bamboo_775.webp,bamboo_forest,train,C:\Users\USER\Desktop\ai_dataset\forestry_dataset_splitted\train\bamboo_forest\bamboo_775.webp
bamboo_776.webp,bamboo_forest,train,C:\Users\USER\Desktop\ai_dataset\forestry_dataset_splitted\train\bamboo_forest\bamboo_776.webp
bamboo_777.webp,bamboo_forest,train,C:\Users\USER\Desktop\ai_dataset\forestry_dataset_splitted\train\bamboo_forest\bamboo_777.webp
bamboo_778.jpg,bamboo_forest,train,C:\Users\USER\Desktop\ai_dataset\forestry_dataset_splitted\train\bamboo_forest\bamboo_778.jpg
bamboo_779.webp,bamboo_forest,train,C:\Users\USER\Desktop\ai_dataset\forestry_dataset_splitted\train\bamboo_forest\bamboo_779.webp
bamboo_78.jpg,bamboo_forest,train,C:\Users\USER\Desktop\ai_dataset\forestry_dataset_splitted\train\bamboo_forest\bamboo_78.jpg
bamboo_780.webp,bamboo_forest,train,C:\Users\USER\Desktop\ai_dataset\forestry_dataset_splitted\train\bamboo_forest\bamboo_780.webp
bamboo_781.webp,bamboo_forest,train,C:\Users\USER\Desktop\ai_dataset\forestry_dataset_splitted\train\bamboo_forest\bamboo_781.webp
bamboo_782.jpg,bamboo_forest,train,C:\Users\USER\Desktop\ai_dataset\forestry_dataset_splitted\train\bamboo_forest\bamboo_782.jpg
bamboo_783.jpg,bamboo_forest,train,C:\Users\USER\Desktop\ai_dataset\forestry_dataset_splitted\train\bamboo_forest\bamboo_783.jpg
bamboo_784.jpg,bamboo_forest,train,C:\Users\USER\Desktop\ai_dataset\forestry_dataset_splitted\train\bamboo_forest\bamboo_784.jpg
bamboo_785.jpg,bamboo_forest,train,C:\Users\USER\Desktop\ai_dataset\forestry_dataset_splitted\train\bamboo_forest\bamboo_785.jpg
bamboo_786.jpg,bamboo_forest,train,C:\Users\USER\Desktop\ai_dataset\forestry_dataset_splitted\train\bamboo_forest\bamboo_786.jpg
bamboo_787.webp,bamboo_forest,train,C:\Users\USER\Desktop\ai_dataset\forestry_dataset_splitted\train\bamboo_forest\bamboo_787.webp
bamboo_788.jpg,bamboo_forest,train,C:\Users\USER\Desktop\ai_dataset\forestry_dataset_splitted\train\bamboo_forest\bamboo_788.jpg
bamboo_789.jpg,bamboo_forest,train,C:\Users\USER\Desktop\ai_dataset\forestry_dataset_splitted\train\bamboo_forest\bamboo_789.jpg
bamboo_79.jpg,bamboo_forest,train,C:\Users\USER\Desktop\ai_dataset\forestry_dataset_splitted\train\bamboo_forest\bamboo_79.jpg
bamboo_790.jpg,bamboo_forest,train,C:\Users\USER\Desktop\ai_dataset\forestry_dataset_splitted\train\bamboo_forest\bamboo_790.jpg
bamboo_791.webp,bamboo_forest,train,C:\Users\USER\Desktop\ai_dataset\forestry_dataset_splitted\train\bamboo_forest\bamboo_791.webp
bamboo_792.jpg,bamboo_forest,train,C:\Users\USER\Desktop\ai_dataset\forestry_dataset_splitted\train\bamboo_forest\bamboo_792.jpg
bamboo_793.webp,bamboo_forest,train,C:\Users\USER\Desktop\ai_dataset\forestry_dataset_splitted\train\bamboo_forest\bamboo_793.webp
bamboo_794.jpg,bamboo_forest,train,C:\Users\USER\Desktop\ai_dataset\forestry_dataset_splitted\train\bamboo_forest\bamboo_794.jpg
bamboo_795.jpg,bamboo_forest,train,C:\Users\USER\Desktop\ai_dataset\forestry_dataset_splitted\train\bamboo_forest\bamboo_795.jpg
bamboo_796.webp,bamboo_forest,train,C:\Users\USER\Desktop\ai_dataset\forestry_dataset_splitted\train\bamboo_forest\bamboo_796.webp
bamboo_797.jpg,bamboo_forest,train,C:\Users\USER\Desktop\ai_dataset\forestry_dataset_splitted\train\bamboo_forest\bamboo_797.jpg
bamboo_798.jpg,bamboo_forest,train,C:\Users\USER\Desktop\ai_dataset\forestry_dataset_splitted\train\bamboo_forest\bamboo_798.jpg
bamboo_799.webp,bamboo_forest,train,C:\Users\USER\Desktop\ai_dataset\forestry_dataset_splitted\train\bamboo_forest\bamboo_799.webp
bamboo_8.webp,bamboo_forest,train,C:\Users\USER\Desktop\ai_dataset\forestry_dataset_splitted\train\bamboo_forest\bamboo_8.webp
bamboo_80.webp,bamboo_forest,train,C:\Users\USER\Desktop\ai_dataset\forestry_dataset_splitted\train\bamboo_forest\bamboo_80.webp
bamboo_800.jpg,bamboo_forest,train,C:\Users\USER\Desktop\ai_dataset\forestry_dataset_splitted\train\bamboo_forest\bamboo_800.jpg
bamboo_801.webp,bamboo_forest,train,C:\Users\USER\Desktop\ai_dataset\forestry_dataset_splitted\train\bamboo_forest\bamboo_801.webp
bamboo_802.webp,bamboo_forest,train,C:\Users\USER\Desktop\ai_dataset\forestry_dataset_splitted\train\bamboo_forest\bamboo_802.webp
bamboo_803.webp,bamboo_forest,train,C:\Users\USER\Desktop\ai_dataset\forestry_dataset_splitted\train\bamboo_forest\bamboo_803.webp
bamboo_804.webp,bamboo_forest,train,C:\Users\USER\Desktop\ai_dataset\forestry_dataset_splitted\train\bamboo_forest\bamboo_804.webp
bamboo_805.webp,bamboo_forest,train,C:\Users\USER\Desktop\ai_dataset\forestry_dataset_splitted\train\bamboo_forest\bamboo_805.webp
bamboo_806.webp,bamboo_forest,train,C:\Users\USER\Desktop\ai_dataset\forestry_dataset_splitted\train\bamboo_forest\bamboo_806.webp
bamboo_807.webp,bamboo_forest,train,C:\Users\USER\Desktop\ai_dataset\forestry_dataset_splitted\train\bamboo_forest\bamboo_807.webp
bamboo_808.webp,bamboo_forest,train,C:\Users\USER\Desktop\ai_dataset\forestry_dataset_splitted\train\bamboo_forest\bamboo_808.webp
bamboo_809.webp,bamboo_forest,train,C:\Users\USER\Desktop\ai_dataset\forestry_dataset_splitted\train\bamboo_forest\bamboo_809.webp
bamboo_81.webp,bamboo_forest,train,C:\Users\USER\Desktop\ai_dataset\forestry_dataset_splitted\train\bamboo_forest\bamboo_81.webp
bamboo_810.webp,bamboo_forest,train,C:\Users\USER\Desktop\ai_dataset\forestry_dataset_splitted\train\bamboo_forest\bamboo_810.webp
bamboo_811.webp,bamboo_forest,train,C:\Users\USER\Desktop\ai_dataset\forestry_dataset_splitted\train\bamboo_forest\bamboo_811.webp
bamboo_812.jpg,bamboo_forest,train,C:\Users\USER\Desktop\ai_dataset\forestry_dataset_splitted\train\bamboo_forest\bamboo_812.jpg
bamboo_813.webp,bamboo_forest,train,C:\Users\USER\Desktop\ai_dataset\forestry_dataset_splitted\train\bamboo_forest\bamboo_813.webp
bamboo_814.webp,bamboo_forest,train,C:\Users\USER\Desktop\ai_dataset\forestry_dataset_splitted\train\bamboo_forest\bamboo_814.webp
bamboo_815.webp,bamboo_forest,train,C:\Users\USER\Desktop\ai_dataset\forestry_dataset_splitted\train\bamboo_forest\bamboo_815.webp
bamboo_816.webp,bamboo_forest,train,C:\Users\USER\Desktop\ai_dataset\forestry_dataset_splitted\train\bamboo_forest\bamboo_816.webp
bamboo_817.webp,bamboo_forest,train,C:\Users\USER\Desktop\ai_dataset\forestry_dataset_splitted\train\bamboo_forest\bamboo_817.webp
bamboo_818.webp,bamboo_forest,train,C:\Users\USER\Desktop\ai_dataset\forestry_dataset_splitted\train\bamboo_forest\bamboo_818.webp
bamboo_819.webp,bamboo_forest,train,C:\Users\USER\Desktop\ai_dataset\forestry_dataset_splitted\train\bamboo_forest\bamboo_819.webp
bamboo_82.webp,bamboo_forest,train,C:\Users\USER\Desktop\ai_dataset\forestry_dataset_splitted\train\bamboo_forest\bamboo_82.webp
bamboo_820.webp,bamboo_forest,train,C:\Users\USER\Desktop\ai_dataset\forestry_dataset_splitted\train\bamboo_forest\bamboo_820.webp
bamboo_821.jpg,bamboo_forest,train,C:\Users\USER\Desktop\ai_dataset\forestry_dataset_splitted\train\bamboo_forest\bamboo_821.jpg
bamboo_822.webp,bamboo_forest,train,C:\Users\USER\Desktop\ai_dataset\forestry_dataset_splitted\train\bamboo_forest\bamboo_822.webp
bamboo_823.webp,bamboo_forest,train,C:\Users\USER\Desktop\ai_dataset\forestry_dataset_splitted\train\bamboo_forest\bamboo_823.webp
bamboo_824.webp,bamboo_forest,train,C:\Users\USER\Desktop\ai_dataset\forestry_dataset_splitted\train\bamboo_forest\bamboo_824.webp
bamboo_825.webp,bamboo_forest,train,C:\Users\USER\Desktop\ai_dataset\forestry_dataset_splitted\train\bamboo_forest\bamboo_825.webp
bamboo_826.webp,bamboo_forest,train,C:\Users\USER\Desktop\ai_dataset\forestry_dataset_splitted\train\bamboo_forest\bamboo_826.webp
bamboo_827.jpg,bamboo_forest,train,C:\Users\USER\Desktop\ai_dataset\forestry_dataset_splitted\train\bamboo_forest\bamboo_827.jpg
bamboo_828.webp,bamboo_forest,train,C:\Users\USER\Desktop\ai_dataset\forestry_dataset_splitted\train\bamboo_forest\bamboo_828.webp
bamboo_829.webp,bamboo_forest,train,C:\Users\USER\Desktop\ai_dataset\forestry_dataset_splitted\train\bamboo_forest\bamboo_829.webp
bamboo_83.webp,bamboo_forest,train,C:\Users\USER\Desktop\ai_dataset\forestry_dataset_splitted\train\bamboo_forest\bamboo_83.webp
bamboo_830.jpg,bamboo_forest,train,C:\Users\USER\Desktop\ai_dataset\forestry_dataset_splitted\train\bamboo_forest\bamboo_830.jpg
bamboo_831.jpg,bamboo_forest,train,C:\Users\USER\Desktop\ai_dataset\forestry_dataset_splitted\train\bamboo_forest\bamboo_831.jpg
bamboo_832.jpg,bamboo_forest,train,C:\Users\USER\Desktop\ai_dataset\forestry_dataset_splitted\train\bamboo_forest\bamboo_832.jpg
bamboo_833.webp,bamboo_forest,train,C:\Users\USER\Desktop\ai_dataset\forestry_dataset_splitted\train\bamboo_forest\bamboo_833.webp
bamboo_834.jpg,bamboo_forest,train,C:\Users\USER\Desktop\ai_dataset\forestry_dataset_splitted\train\bamboo_forest\bamboo_834.jpg
bamboo_835.webp,bamboo_forest,train,C:\Users\USER\Desktop\ai_dataset\forestry_dataset_splitted\train\bamboo_forest\bamboo_835.webp
bamboo_836.jpg,bamboo_forest,train,C:\Users\USER\Desktop\ai_dataset\forestry_dataset_splitted\train\bamboo_forest\bamboo_836.jpg
bamboo_837.jpg,bamboo_forest,train,C:\Users\USER\Desktop\ai_dataset\forestry_dataset_splitted\train\bamboo_forest\bamboo_837.jpg
bamboo_838.jpg,bamboo_forest,train,C:\Users\USER\Desktop\ai_dataset\forestry_dataset_splitted\train\bamboo_forest\bamboo_838.jpg
bamboo_839.webp,bamboo_forest,train,C:\Users\USER\Desktop\ai_dataset\forestry_dataset_splitted\train\bamboo_forest\bamboo_839.webp
bamboo_84.jpg,bamboo_forest,train,C:\Users\USER\Desktop\ai_dataset\forestry_dataset_splitted\train\bamboo_forest\bamboo_84.jpg
bamboo_840.jpg,bamboo_forest,train,C:\Users\USER\Desktop\ai_dataset\forestry_dataset_splitted\train\bamboo_forest\bamboo_840.jpg
bamboo_841.jpg,bamboo_forest,train,C:\Users\USER\Desktop\ai_dataset\forestry_dataset_splitted\train\bamboo_forest\bamboo_841.jpg
bamboo_842.jpg,bamboo_forest,train,C:\Users\USER\Desktop\ai_dataset\forestry_dataset_splitted\train\bamboo_forest\bamboo_842.jpg
bamboo_843.jpg,bamboo_forest,train,C:\Users\USER\Desktop\ai_dataset\forestry_dataset_splitted\train\bamboo_forest\bamboo_843.jpg
bamboo_844.webp,bamboo_forest,train,C:\Users\USER\Desktop\ai_dataset\forestry_dataset_splitted\train\bamboo_forest\bamboo_844.webp
bamboo_845.jpg,bamboo_forest,train,C:\Users\USER\Desktop\ai_dataset\forestry_dataset_splitted\train\bamboo_forest\bamboo_845.jpg
bamboo_846.webp,bamboo_forest,train,C:\Users\USER\Desktop\ai_dataset\forestry_dataset_splitted\train\bamboo_forest\bamboo_846.webp
bamboo_847.jpg,bamboo_forest,train,C:\Users\USER\Desktop\ai_dataset\forestry_dataset_splitted\train\bamboo_forest\bamboo_847.jpg
bamboo_848.jpg,bamboo_forest,train,C:\Users\USER\Desktop\ai_dataset\forestry_dataset_splitted\train\bamboo_forest\bamboo_848.jpg
bamboo_849.jpg,bamboo_forest,train,C:\Users\USER\Desktop\ai_dataset\forestry_dataset_splitted\train\bamboo_forest\bamboo_849.jpg
bamboo_85.webp,bamboo_forest,train,C:\Users\USER\Desktop\ai_dataset\forestry_dataset_splitted\train\bamboo_forest\bamboo_85.webp
bamboo_850.jpg,bamboo_forest,train,C:\Users\USER\Desktop\ai_dataset\forestry_dataset_splitted\train\bamboo_forest\bamboo_850.jpg
bamboo_851.jpg,bamboo_forest,train,C:\Users\USER\Desktop\ai_dataset\forestry_dataset_splitted\train\bamboo_forest\bamboo_851.jpg
bamboo_852.webp,bamboo_forest,train,C:\Users\USER\Desktop\ai_dataset\forestry_dataset_splitted\train\bamboo_forest\bamboo_852.webp
bamboo_853.jpg,bamboo_forest,train,C:\Users\USER\Desktop\ai_dataset\forestry_dataset_splitted\train\bamboo_forest\bamboo_853.jpg
bamboo_854.jpg,bamboo_forest,train,C:\Users\USER\Desktop\ai_dataset\forestry_dataset_splitted\train\bamboo_forest\bamboo_854.jpg
bamboo_855.jpg,bamboo_forest,train,C:\Users\USER\Desktop\ai_dataset\forestry_dataset_splitted\train\bamboo_forest\bamboo_855.jpg
bamboo_856.jpg,bamboo_forest,train,C:\Users\USER\Desktop\ai_dataset\forestry_dataset_splitted\train\bamboo_forest\bamboo_856.jpg
bamboo_857.jpg,bamboo_forest,train,C:\Users\USER\Desktop\ai_dataset\forestry_dataset_splitted\train\bamboo_forest\bamboo_857.jpg
bamboo_858.jpg,bamboo_forest,train,C:\Users\USER\Desktop\ai_dataset\forestry_dataset_splitted\train\bamboo_forest\bamboo_858.jpg
bamboo_859.webp,bamboo_forest,train,C:\Users\USER\Desktop\ai_dataset\forestry_dataset_splitted\train\bamboo_forest\bamboo_859.webp
bamboo_86.jpg,bamboo_forest,train,C:\Users\USER\Desktop\ai_dataset\forestry_dataset_splitted\train\bamboo_forest\bamboo_86.jpg
bamboo_860.jpg,bamboo_forest,train,C:\Users\USER\Desktop\ai_dataset\forestry_dataset_splitted\train\bamboo_forest\bamboo_860.jpg
bamboo_861.jpg,bamboo_forest,train,C:\Users\USER\Desktop\ai_dataset\forestry_dataset_splitted\train\bamboo_forest\bamboo_861.jpg
bamboo_862.webp,bamboo_forest,train,C:\Users\USER\Desktop\ai_dataset\forestry_dataset_splitted\train\bamboo_forest\bamboo_862.webp
bamboo_863.webp,bamboo_forest,train,C:\Users\USER\Desktop\ai_dataset\forestry_dataset_splitted\train\bamboo_forest\bamboo_863.webp
bamboo_864.webp,bamboo_forest,train,C:\Users\USER\Desktop\ai_dataset\forestry_dataset_splitted\train\bamboo_forest\bamboo_864.webp
bamboo_865.jpg,bamboo_forest,train,C:\Users\USER\Desktop\ai_dataset\forestry_dataset_splitted\train\bamboo_forest\bamboo_865.jpg
bamboo_866.webp,bamboo_forest,train,C:\Users\USER\Desktop\ai_dataset\forestry_dataset_splitted\train\bamboo_forest\bamboo_866.webp
bamboo_867.webp,bamboo_forest,train,C:\Users\USER\Desktop\ai_dataset\forestry_dataset_splitted\train\bamboo_forest\bamboo_867.webp
bamboo_868.webp,bamboo_forest,train,C:\Users\USER\Desktop\ai_dataset\forestry_dataset_splitted\train\bamboo_forest\bamboo_868.webp
bamboo_869.webp,bamboo_forest,train,C:\Users\USER\Desktop\ai_dataset\forestry_dataset_splitted\train\bamboo_forest\bamboo_869.webp
bamboo_87.jpg,bamboo_forest,train,C:\Users\USER\Desktop\ai_dataset\forestry_dataset_splitted\train\bamboo_forest\bamboo_87.jpg
bamboo_870.webp,bamboo_forest,train,C:\Users\USER\Desktop\ai_dataset\forestry_dataset_splitted\train\bamboo_forest\bamboo_870.webp
bamboo_871.jpg,bamboo_forest,train,C:\Users\USER\Desktop\ai_dataset\forestry_dataset_splitted\train\bamboo_forest\bamboo_871.jpg
bamboo_872.jpg,bamboo_forest,train,C:\Users\USER\Desktop\ai_dataset\forestry_dataset_splitted\train\bamboo_forest\bamboo_872.jpg
bamboo_873.webp,bamboo_forest,train,C:\Users\USER\Desktop\ai_dataset\forestry_dataset_splitted\train\bamboo_forest\bamboo_873.webp
bamboo_874.webp,bamboo_forest,train,C:\Users\USER\Desktop\ai_dataset\forestry_dataset_splitted\train\bamboo_forest\bamboo_874.webp
bamboo_875.webp,bamboo_forest,train,C:\Users\USER\Desktop\ai_dataset\forestry_dataset_splitted\train\bamboo_forest\bamboo_875.webp
bamboo_876.webp,bamboo_forest,train,C:\Users\USER\Desktop\ai_dataset\forestry_dataset_splitted\train\bamboo_forest\bamboo_876.webp
bamboo_877.jpg,bamboo_forest,train,C:\Users\USER\Desktop\ai_dataset\forestry_dataset_splitted\train\bamboo_forest\bamboo_877.jpg
bamboo_878.webp,bamboo_forest,train,C:\Users\USER\Desktop\ai_dataset\forestry_dataset_splitted\train\bamboo_forest\bamboo_878.webp
bamboo_879.webp,bamboo_forest,train,C:\Users\USER\Desktop\ai_dataset\forestry_dataset_splitted\train\bamboo_forest\bamboo_879.webp
bamboo_88.webp,bamboo_forest,train,C:\Users\USER\Desktop\ai_dataset\forestry_dataset_splitted\train\bamboo_forest\bamboo_88.webp
bamboo_880.webp,bamboo_forest,train,C:\Users\USER\Desktop\ai_dataset\forestry_dataset_splitted\train\bamboo_forest\bamboo_880.webp
bamboo_881.jpg,bamboo_forest,train,C:\Users\USER\Desktop\ai_dataset\forestry_dataset_splitted\train\bamboo_forest\bamboo_881.jpg
bamboo_882.webp,bamboo_forest,train,C:\Users\USER\Desktop\ai_dataset\forestry_dataset_splitted\train\bamboo_forest\bamboo_882.webp
bamboo_883.webp,bamboo_forest,train,C:\Users\USER\Desktop\ai_dataset\forestry_dataset_splitted\train\bamboo_forest\bamboo_883.webp
bamboo_884.webp,bamboo_forest,train,C:\Users\USER\Desktop\ai_dataset\forestry_dataset_splitted\train\bamboo_forest\bamboo_884.webp
bamboo_885.webp,bamboo_forest,train,C:\Users\USER\Desktop\ai_dataset\forestry_dataset_splitted\train\bamboo_forest\bamboo_885.webp
bamboo_886.webp,bamboo_forest,train,C:\Users\USER\Desktop\ai_dataset\forestry_dataset_splitted\train\bamboo_forest\bamboo_886.webp
bamboo_887.webp,bamboo_forest,train,C:\Users\USER\Desktop\ai_dataset\forestry_dataset_splitted\train\bamboo_forest\bamboo_887.webp
bamboo_888.webp,bamboo_forest,train,C:\Users\USER\Desktop\ai_dataset\forestry_dataset_splitted\train\bamboo_forest\bamboo_888.webp
bamboo_889.webp,bamboo_forest,train,C:\Users\USER\Desktop\ai_dataset\forestry_dataset_splitted\train\bamboo_forest\bamboo_889.webp
bamboo_89.jpg,bamboo_forest,train,C:\Users\USER\Desktop\ai_dataset\forestry_dataset_splitted\train\bamboo_forest\bamboo_89.jpg
bamboo_890.webp,bamboo_forest,train,C:\Users\USER\Desktop\ai_dataset\forestry_dataset_splitted\train\bamboo_forest\bamboo_890.webp
bamboo_891.webp,bamboo_forest,train,C:\Users\USER\Desktop\ai_dataset\forestry_dataset_splitted\train\bamboo_forest\bamboo_891.webp
bamboo_892.jpg,bamboo_forest,train,C:\Users\USER\Desktop\ai_dataset\forestry_dataset_splitted\train\bamboo_forest\bamboo_892.jpg
bamboo_893.webp,bamboo_forest,train,C:\Users\USER\Desktop\ai_dataset\forestry_dataset_splitted\train\bamboo_forest\bamboo_893.webp
bamboo_894.webp,bamboo_forest,train,C:\Users\USER\Desktop\ai_dataset\forestry_dataset_splitted\train\bamboo_forest\bamboo_894.webp
bamboo_895.jpg,bamboo_forest,train,C:\Users\USER\Desktop\ai_dataset\forestry_dataset_splitted\train\bamboo_forest\bamboo_895.jpg
bamboo_896.webp,bamboo_forest,train,C:\Users\USER\Desktop\ai_dataset\forestry_dataset_splitted\train\bamboo_forest\bamboo_896.webp
bamboo_897.webp,bamboo_forest,train,C:\Users\USER\Desktop\ai_dataset\forestry_dataset_splitted\train\bamboo_forest\bamboo_897.webp
bamboo_898.webp,bamboo_forest,train,C:\Users\USER\Desktop\ai_dataset\forestry_dataset_splitted\train\bamboo_forest\bamboo_898.webp
bamboo_899.webp,bamboo_forest,train,C:\Users\USER\Desktop\ai_dataset\forestry_dataset_splitted\train\bamboo_forest\bamboo_899.webp
bamboo_9.webp,bamboo_forest,train,C:\Users\USER\Desktop\ai_dataset\forestry_dataset_splitted\train\bamboo_forest\bamboo_9.webp
bamboo_90.webp,bamboo_forest,train,C:\Users\USER\Desktop\ai_dataset\forestry_dataset_splitted\train\bamboo_forest\bamboo_90.webp
bamboo_900.webp,bamboo_forest,train,C:\Users\USER\Desktop\ai_dataset\forestry_dataset_splitted\train\bamboo_forest\bamboo_900.webp
bamboo_901.webp,bamboo_forest,train,C:\Users\USER\Desktop\ai_dataset\forestry_dataset_splitted\train\bamboo_forest\bamboo_901.webp
bamboo_902.webp,bamboo_forest,train,C:\Users\USER\Desktop\ai_dataset\forestry_dataset_splitted\train\bamboo_forest\bamboo_902.webp
bamboo_903.webp,bamboo_forest,train,C:\Users\USER\Desktop\ai_dataset\forestry_dataset_splitted\train\bamboo_forest\bamboo_903.webp
bamboo_904.webp,bamboo_forest,train,C:\Users\USER\Desktop\ai_dataset\forestry_dataset_splitted\train\bamboo_forest\bamboo_904.webp
bamboo_905.webp,bamboo_forest,train,C:\Users\USER\Desktop\ai_dataset\forestry_dataset_splitted\train\bamboo_forest\bamboo_905.webp
bamboo_906.webp,bamboo_forest,train,C:\Users\USER\Desktop\ai_dataset\forestry_dataset_splitted\train\bamboo_forest\bamboo_906.webp
bamboo_907.webp,bamboo_forest,train,C:\Users\USER\Desktop\ai_dataset\forestry_dataset_splitted\train\bamboo_forest\bamboo_907.webp
bamboo_908.jpg,bamboo_forest,train,C:\Users\USER\Desktop\ai_dataset\forestry_dataset_splitted\train\bamboo_forest\bamboo_908.jpg
bamboo_909.webp,bamboo_forest,train,C:\Users\USER\Desktop\ai_dataset\forestry_dataset_splitted\train\bamboo_forest\bamboo_909.webp
bamboo_91.webp,bamboo_forest,train,C:\Users\USER\Desktop\ai_dataset\forestry_dataset_splitted\train\bamboo_forest\bamboo_91.webp
bamboo_910.webp,bamboo_forest,train,C:\Users\USER\Desktop\ai_dataset\forestry_dataset_splitted\train\bamboo_forest\bamboo_910.webp
bamboo_911.jpg,bamboo_forest,train,C:\Users\USER\Desktop\ai_dataset\forestry_dataset_splitted\train\bamboo_forest\bamboo_911.jpg
bamboo_912.webp,bamboo_forest,train,C:\Users\USER\Desktop\ai_dataset\forestry_dataset_splitted\train\bamboo_forest\bamboo_912.webp
bamboo_913.webp,bamboo_forest,train,C:\Users\USER\Desktop\ai_dataset\forestry_dataset_splitted\train\bamboo_forest\bamboo_913.webp
bamboo_914.webp,bamboo_forest,train,C:\Users\USER\Desktop\ai_dataset\forestry_dataset_splitted\train\bamboo_forest\bamboo_914.webp
bamboo_915.webp,bamboo_forest,train,C:\Users\USER\Desktop\ai_dataset\forestry_dataset_splitted\train\bamboo_forest\bamboo_915.webp
bamboo_916.webp,bamboo_forest,train,C:\Users\USER\Desktop\ai_dataset\forestry_dataset_splitted\train\bamboo_forest\bamboo_916.webp
bamboo_917.webp,bamboo_forest,train,C:\Users\USER\Desktop\ai_dataset\forestry_dataset_splitted\train\bamboo_forest\bamboo_917.webp
bamboo_918.webp,bamboo_forest,train,C:\Users\USER\Desktop\ai_dataset\forestry_dataset_splitted\train\bamboo_forest\bamboo_918.webp
bamboo_919.webp,bamboo_forest,train,C:\Users\USER\Desktop\ai_dataset\forestry_dataset_splitted\train\bamboo_forest\bamboo_919.webp
bamboo_92.jpg,bamboo_forest,train,C:\Users\USER\Desktop\ai_dataset\forestry_dataset_splitted\train\bamboo_forest\bamboo_92.jpg
bamboo_920.webp,bamboo_forest,train,C:\Users\USER\Desktop\ai_dataset\forestry_dataset_splitted\train\bamboo_forest\bamboo_920.webp
bamboo_921.webp,bamboo_forest,train,C:\Users\USER\Desktop\ai_dataset\forestry_dataset_splitted\train\bamboo_forest\bamboo_921.webp
bamboo_922.webp,bamboo_forest,train,C:\Users\USER\Desktop\ai_dataset\forestry_dataset_splitted\train\bamboo_forest\bamboo_922.webp
bamboo_923.webp,bamboo_forest,train,C:\Users\USER\Desktop\ai_dataset\forestry_dataset_splitted\train\bamboo_forest\bamboo_923.webp
bamboo_924.webp,bamboo_forest,train,C:\Users\USER\Desktop\ai_dataset\forestry_dataset_splitted\train\bamboo_forest\bamboo_924.webp
bamboo_925.webp,bamboo_forest,train,C:\Users\USER\Desktop\ai_dataset\forestry_dataset_splitted\train\bamboo_forest\bamboo_925.webp
bamboo_926.webp,bamboo_forest,train,C:\Users\USER\Desktop\ai_dataset\forestry_dataset_splitted\train\bamboo_forest\bamboo_926.webp
bamboo_927.webp,bamboo_forest,train,C:\Users\USER\Desktop\ai_dataset\forestry_dataset_splitted\train\bamboo_forest\bamboo_927.webp
bamboo_928.webp,bamboo_forest,train,C:\Users\USER\Desktop\ai_dataset\forestry_dataset_splitted\train\bamboo_forest\bamboo_928.webp
bamboo_929.jpg,bamboo_forest,train,C:\Users\USER\Desktop\ai_dataset\forestry_dataset_splitted\train\bamboo_forest\bamboo_929.jpg
bamboo_93.jpg,bamboo_forest,train,C:\Users\USER\Desktop\ai_dataset\forestry_dataset_splitted\train\bamboo_forest\bamboo_93.jpg
bamboo_930.webp,bamboo_forest,train,C:\Users\USER\Desktop\ai_dataset\forestry_dataset_splitted\train\bamboo_forest\bamboo_930.webp
bamboo_931.webp,bamboo_forest,train,C:\Users\USER\Desktop\ai_dataset\forestry_dataset_splitted\train\bamboo_forest\bamboo_931.webp
bamboo_932.jpg,bamboo_forest,train,C:\Users\USER\Desktop\ai_dataset\forestry_dataset_splitted\train\bamboo_forest\bamboo_932.jpg
bamboo_933.webp,bamboo_forest,train,C:\Users\USER\Desktop\ai_dataset\forestry_dataset_splitted\train\bamboo_forest\bamboo_933.webp
bamboo_934.webp,bamboo_forest,train,C:\Users\USER\Desktop\ai_dataset\forestry_dataset_splitted\train\bamboo_forest\bamboo_934.webp
bamboo_935.webp,bamboo_forest,train,C:\Users\USER\Desktop\ai_dataset\forestry_dataset_splitted\train\bamboo_forest\bamboo_935.webp
bamboo_936.jpg,bamboo_forest,train,C:\Users\USER\Desktop\ai_dataset\forestry_dataset_splitted\train\bamboo_forest\bamboo_936.jpg
bamboo_937.jpg,bamboo_forest,train,C:\Users\USER\Desktop\ai_dataset\forestry_dataset_splitted\train\bamboo_forest\bamboo_937.jpg
bamboo_938.webp,bamboo_forest,train,C:\Users\USER\Desktop\ai_dataset\forestry_dataset_splitted\train\bamboo_forest\bamboo_938.webp
bamboo_939.webp,bamboo_forest,train,C:\Users\USER\Desktop\ai_dataset\forestry_dataset_splitted\train\bamboo_forest\bamboo_939.webp
bamboo_94.webp,bamboo_forest,train,C:\Users\USER\Desktop\ai_dataset\forestry_dataset_splitted\train\bamboo_forest\bamboo_94.webp
bamboo_940.jpg,bamboo_forest,train,C:\Users\USER\Desktop\ai_dataset\forestry_dataset_splitted\train\bamboo_forest\bamboo_940.jpg
bamboo_941.webp,bamboo_forest,train,C:\Users\USER\Desktop\ai_dataset\forestry_dataset_splitted\train\bamboo_forest\bamboo_941.webp
bamboo_942.webp,bamboo_forest,train,C:\Users\USER\Desktop\ai_dataset\forestry_dataset_splitted\train\bamboo_forest\bamboo_942.webp
bamboo_943.webp,bamboo_forest,train,C:\Users\USER\Desktop\ai_dataset\forestry_dataset_splitted\train\bamboo_forest\bamboo_943.webp
bamboo_944.jpg,bamboo_forest,train,C:\Users\USER\Desktop\ai_dataset\forestry_dataset_splitted\train\bamboo_forest\bamboo_944.jpg
bamboo_945.webp,bamboo_forest,train,C:\Users\USER\Desktop\ai_dataset\forestry_dataset_splitted\train\bamboo_forest\bamboo_945.webp
bamboo_946.jpg,bamboo_forest,train,C:\Users\USER\Desktop\ai_dataset\forestry_dataset_splitted\train\bamboo_forest\bamboo_946.jpg
bamboo_947.webp,bamboo_forest,train,C:\Users\USER\Desktop\ai_dataset\forestry_dataset_splitted\train\bamboo_forest\bamboo_947.webp
bamboo_948.webp,bamboo_forest,train,C:\Users\USER\Desktop\ai_dataset\forestry_dataset_splitted\train\bamboo_forest\bamboo_948.webp
bamboo_949.webp,bamboo_forest,train,C:\Users\USER\Desktop\ai_dataset\forestry_dataset_splitted\train\bamboo_forest\bamboo_949.webp
bamboo_95.webp,bamboo_forest,train,C:\Users\USER\Desktop\ai_dataset\forestry_dataset_splitted\train\bamboo_forest\bamboo_95.webp
bamboo_950.webp,bamboo_forest,train,C:\Users\USER\Desktop\ai_dataset\forestry_dataset_splitted\train\bamboo_forest\bamboo_950.webp
bamboo_951.webp,bamboo_forest,train,C:\Users\USER\Desktop\ai_dataset\forestry_dataset_splitted\train\bamboo_forest\bamboo_951.webp
bamboo_952.webp,bamboo_forest,train,C:\Users\USER\Desktop\ai_dataset\forestry_dataset_splitted\train\bamboo_forest\bamboo_952.webp
bamboo_953.webp,bamboo_forest,train,C:\Users\USER\Desktop\ai_dataset\forestry_dataset_splitted\train\bamboo_forest\bamboo_953.webp
bamboo_954.jpg,bamboo_forest,train,C:\Users\USER\Desktop\ai_dataset\forestry_dataset_splitted\train\bamboo_forest\bamboo_954.jpg
bamboo_955.webp,bamboo_forest,train,C:\Users\USER\Desktop\ai_dataset\forestry_dataset_splitted\train\bamboo_forest\bamboo_955.webp
bamboo_956.webp,bamboo_forest,train,C:\Users\USER\Desktop\ai_dataset\forestry_dataset_splitted\train\bamboo_forest\bamboo_956.webp
bamboo_957.webp,bamboo_forest,train,C:\Users\USER\Desktop\ai_dataset\forestry_dataset_splitted\train\bamboo_forest\bamboo_957.webp
bamboo_958.webp,bamboo_forest,train,C:\Users\USER\Desktop\ai_dataset\forestry_dataset_splitted\train\bamboo_forest\bamboo_958.webp
bamboo_959.webp,bamboo_forest,train,C:\Users\USER\Desktop\ai_dataset\forestry_dataset_splitted\train\bamboo_forest\bamboo_959.webp
bamboo_96.jpg,bamboo_forest,train,C:\Users\USER\Desktop\ai_dataset\forestry_dataset_splitted\train\bamboo_forest\bamboo_96.jpg
bamboo_960.jpg,bamboo_forest,train,C:\Users\USER\Desktop\ai_dataset\forestry_dataset_splitted\train\bamboo_forest\bamboo_960.jpg
bamboo_961.webp,bamboo_forest,train,C:\Users\USER\Desktop\ai_dataset\forestry_dataset_splitted\train\bamboo_forest\bamboo_961.webp
bamboo_962.jpg,bamboo_forest,train,C:\Users\USER\Desktop\ai_dataset\forestry_dataset_splitted\train\bamboo_forest\bamboo_962.jpg
bamboo_963.webp,bamboo_forest,train,C:\Users\USER\Desktop\ai_dataset\forestry_dataset_splitted\train\bamboo_forest\bamboo_963.webp
bamboo_964.webp,bamboo_forest,train,C:\Users\USER\Desktop\ai_dataset\forestry_dataset_splitted\train\bamboo_forest\bamboo_964.webp
bamboo_965.webp,bamboo_forest,train,C:\Users\USER\Desktop\ai_dataset\forestry_dataset_splitted\train\bamboo_forest\bamboo_965.webp
bamboo_966.webp,bamboo_forest,train,C:\Users\USER\Desktop\ai_dataset\forestry_dataset_splitted\train\bamboo_forest\bamboo_966.webp
bamboo_967.webp,bamboo_forest,train,C:\Users\USER\Desktop\ai_dataset\forestry_dataset_splitted\train\bamboo_forest\bamboo_967.webp
bamboo_968.jpg,bamboo_forest,train,C:\Users\USER\Desktop\ai_dataset\forestry_dataset_splitted\train\bamboo_forest\bamboo_968.jpg
bamboo_969.webp,bamboo_forest,train,C:\Users\USER\Desktop\ai_dataset\forestry_dataset_splitted\train\bamboo_forest\bamboo_969.webp
bamboo_97.webp,bamboo_forest,train,C:\Users\USER\Desktop\ai_dataset\forestry_dataset_splitted\train\bamboo_forest\bamboo_97.webp
bamboo_970.webp,bamboo_forest,train,C:\Users\USER\Desktop\ai_dataset\forestry_dataset_splitted\train\bamboo_forest\bamboo_970.webp
bamboo_971.webp,bamboo_forest,train,C:\Users\USER\Desktop\ai_dataset\forestry_dataset_splitted\train\bamboo_forest\bamboo_971.webp
bamboo_972.webp,bamboo_forest,train,C:\Users\USER\Desktop\ai_dataset\forestry_dataset_splitted\train\bamboo_forest\bamboo_972.webp
bamboo_973.jpg,bamboo_forest,train,C:\Users\USER\Desktop\ai_dataset\forestry_dataset_splitted\train\bamboo_forest\bamboo_973.jpg
bamboo_974.webp,bamboo_forest,train,C:\Users\USER\Desktop\ai_dataset\forestry_dataset_splitted\train\bamboo_forest\bamboo_974.webp
bamboo_975.webp,bamboo_forest,train,C:\Users\USER\Desktop\ai_dataset\forestry_dataset_splitted\train\bamboo_forest\bamboo_975.webp
bamboo_976.webp,bamboo_forest,train,C:\Users\USER\Desktop\ai_dataset\forestry_dataset_splitted\train\bamboo_forest\bamboo_976.webp
bamboo_977.webp,bamboo_forest,train,C:\Users\USER\Desktop\ai_dataset\forestry_dataset_splitted\train\bamboo_forest\bamboo_977.webp
bamboo_978.webp,bamboo_forest,train,C:\Users\USER\Desktop\ai_dataset\forestry_dataset_splitted\train\bamboo_forest\bamboo_978.webp
bamboo_979.webp,bamboo_forest,train,C:\Users\USER\Desktop\ai_dataset\forestry_dataset_splitted\train\bamboo_forest\bamboo_979.webp
bamboo_98.jpg,bamboo_forest,train,C:\Users\USER\Desktop\ai_dataset\forestry_dataset_splitted\train\bamboo_forest\bamboo_98.jpg
bamboo_980.jpg,bamboo_forest,train,C:\Users\USER\Desktop\ai_dataset\forestry_dataset_splitted\train\bamboo_forest\bamboo_980.jpg
bamboo_981.webp,bamboo_forest,train,C:\Users\USER\Desktop\ai_dataset\forestry_dataset_splitted\train\bamboo_forest\bamboo_981.webp
bamboo_982.webp,bamboo_forest,train,C:\Users\USER\Desktop\ai_dataset\forestry_dataset_splitted\train\bamboo_forest\bamboo_982.webp
bamboo_983.webp,bamboo_forest,train,C:\Users\USER\Desktop\ai_dataset\forestry_dataset_splitted\train\bamboo_forest\bamboo_983.webp
bamboo_984.webp,bamboo_forest,train,C:\Users\USER\Desktop\ai_dataset\forestry_dataset_splitted\train\bamboo_forest\bamboo_984.webp
bamboo_985.webp,bamboo_forest,train,C:\Users\USER\Desktop\ai_dataset\forestry_dataset_splitted\train\bamboo_forest\bamboo_985.webp
bamboo_986.jpg,bamboo_forest,train,C:\Users\USER\Desktop\ai_dataset\forestry_dataset_splitted\train\bamboo_forest\bamboo_986.jpg
bamboo_987.webp,bamboo_forest,train,C:\Users\USER\Desktop\ai_dataset\forestry_dataset_splitted\train\bamboo_forest\bamboo_987.webp
bamboo_988.webp,bamboo_forest,train,C:\Users\USER\Desktop\ai_dataset\forestry_dataset_splitted\train\bamboo_forest\bamboo_988.webp
bamboo_989.webp,bamboo_forest,train,C:\Users\USER\Desktop\ai_dataset\forestry_dataset_splitted\train\bamboo_forest\bamboo_989.webp
bamboo_99.jpg,bamboo_forest,train,C:\Users\USER\Desktop\ai_dataset\forestry_dataset_splitted\train\bamboo_forest\bamboo_99.jpg
bamboo_990.webp,bamboo_forest,train,C:\Users\USER\Desktop\ai_dataset\forestry_dataset_splitted\train\bamboo_forest\bamboo_990.webp
bamboo_991.webp,bamboo_forest,train,C:\Users\USER\Desktop\ai_dataset\forestry_dataset_splitted\train\bamboo_forest\bamboo_991.webp
bamboo_992.webp,bamboo_forest,train,C:\Users\USER\Desktop\ai_dataset\forestry_dataset_splitted\train\bamboo_forest\bamboo_992.webp
bamboo_993.webp,bamboo_forest,train,C:\Users\USER\Desktop\ai_dataset\forestry_dataset_splitted\train\bamboo_forest\bamboo_993.webp
bamboo_994.webp,bamboo_forest,train,C:\Users\USER\Desktop\ai_dataset\forestry_dataset_splitted\train\bamboo_forest\bamboo_994.webp
bamboo_995.jpg,bamboo_forest,train,C:\Users\USER\Desktop\ai_dataset\forestry_dataset_splitted\train\bamboo_forest\bamboo_995.jpg
bamboo_996.jpg,bamboo_forest,train,C:\Users\USER\Desktop\ai_dataset\forestry_dataset_splitted\train\bamboo_forest\bamboo_996.jpg
bamboo_997.jpg,bamboo_forest,train,C:\Users\USER\Desktop\ai_dataset\forestry_dataset_splitted\train\bamboo_forest\bamboo_997.jpg
bamboo_998.webp,bamboo_forest,train,C:\Users\USER\Desktop\ai_dataset\forestry_dataset_splitted\train\bamboo_forest\bamboo_998.webp
bamboo_999.webp,bamboo_forest,train,C:\Users\USER\Desktop\ai_dataset\forestry_dataset_splitted\train\bamboo_forest\bamboo_999.webp
coniferous_1.jpg,coniferous_pine_forest,train,C:\Users\USER\Desktop\ai_dataset\forestry_dataset_splitted\train\coniferous_pine_forest\coniferous_1.jpg
coniferous_10.jpg,coniferous_pine_forest,train,C:\Users\USER\Desktop\ai_dataset\forestry_dataset_splitted\train\coniferous_pine_forest\coniferous_10.jpg
coniferous_100.jpg,coniferous_pine_forest,train,C:\Users\USER\Desktop\ai_dataset\forestry_dataset_splitted\train\coniferous_pine_forest\coniferous_100.jpg
coniferous_101.jpg,coniferous_pine_forest,train,C:\Users\USER\Desktop\ai_dataset\forestry_dataset_splitted\train\coniferous_pine_forest\coniferous_101.jpg
coniferous_102.jpg,coniferous_pine_forest,train,C:\Users\USER\Desktop\ai_dataset\forestry_dataset_splitted\train\coniferous_pine_forest\coniferous_102.jpg
coniferous_103.jpg,coniferous_pine_forest,train,C:\Users\USER\Desktop\ai_dataset\forestry_dataset_splitted\train\coniferous_pine_forest\coniferous_103.jpg
coniferous_104.jpg,coniferous_pine_forest,train,C:\Users\USER\Desktop\ai_dataset\forestry_dataset_splitted\train\coniferous_pine_forest\coniferous_104.jpg
coniferous_105.webp,coniferous_pine_forest,train,C:\Users\USER\Desktop\ai_dataset\forestry_dataset_splitted\train\coniferous_pine_forest\coniferous_105.webp
coniferous_106.jpg,coniferous_pine_forest,train,C:\Users\USER\Desktop\ai_dataset\forestry_dataset_splitted\train\coniferous_pine_forest\coniferous_106.jpg
coniferous_107.webp,coniferous_pine_forest,train,C:\Users\USER\Desktop\ai_dataset\forestry_dataset_splitted\train\coniferous_pine_forest\coniferous_107.webp
coniferous_108.jpg,coniferous_pine_forest,train,C:\Users\USER\Desktop\ai_dataset\forestry_dataset_splitted\train\coniferous_pine_forest\coniferous_108.jpg
coniferous_109.webp,coniferous_pine_forest,train,C:\Users\USER\Desktop\ai_dataset\forestry_dataset_splitted\train\coniferous_pine_forest\coniferous_109.webp
coniferous_11.jpg,coniferous_pine_forest,train,C:\Users\USER\Desktop\ai_dataset\forestry_dataset_splitted\train\coniferous_pine_forest\coniferous_11.jpg
coniferous_110.jpg,coniferous_pine_forest,train,C:\Users\USER\Desktop\ai_dataset\forestry_dataset_splitted\train\coniferous_pine_forest\coniferous_110.jpg
coniferous_111.jpg,coniferous_pine_forest,train,C:\Users\USER\Desktop\ai_dataset\forestry_dataset_splitted\train\coniferous_pine_forest\coniferous_111.jpg
coniferous_112.jpg,coniferous_pine_forest,train,C:\Users\USER\Desktop\ai_dataset\forestry_dataset_splitted\train\coniferous_pine_forest\coniferous_112.jpg
coniferous_113.jpg,coniferous_pine_forest,train,C:\Users\USER\Desktop\ai_dataset\forestry_dataset_splitted\train\coniferous_pine_forest\coniferous_113.jpg
coniferous_114.jpg,coniferous_pine_forest,train,C:\Users\USER\Desktop\ai_dataset\forestry_dataset_splitted\train\coniferous_pine_forest\coniferous_114.jpg
coniferous_115.jpg,coniferous_pine_forest,train,C:\Users\USER\Desktop\ai_dataset\forestry_dataset_splitted\train\coniferous_pine_forest\coniferous_115.jpg
coniferous_116.jpg,coniferous_pine_forest,train,C:\Users\USER\Desktop\ai_dataset\forestry_dataset_splitted\train\coniferous_pine_forest\coniferous_116.jpg
coniferous_117.jpg,coniferous_pine_forest,train,C:\Users\USER\Desktop\ai_dataset\forestry_dataset_splitted\train\coniferous_pine_forest\coniferous_117.jpg
coniferous_118.jpg,coniferous_pine_forest,train,C:\Users\USER\Desktop\ai_dataset\forestry_dataset_splitted\train\coniferous_pine_forest\coniferous_118.jpg
coniferous_119.webp,coniferous_pine_forest,train,C:\Users\USER\Desktop\ai_dataset\forestry_dataset_splitted\train\coniferous_pine_forest\coniferous_119.webp
coniferous_12.jpg,coniferous_pine_forest,train,C:\Users\USER\Desktop\ai_dataset\forestry_dataset_splitted\train\coniferous_pine_forest\coniferous_12.jpg
coniferous_120.jpg,coniferous_pine_forest,train,C:\Users\USER\Desktop\ai_dataset\forestry_dataset_splitted\train\coniferous_pine_forest\coniferous_120.jpg
coniferous_121.jpg,coniferous_pine_forest,train,C:\Users\USER\Desktop\ai_dataset\forestry_dataset_splitted\train\coniferous_pine_forest\coniferous_121.jpg
coniferous_122.jpg,coniferous_pine_forest,train,C:\Users\USER\Desktop\ai_dataset\forestry_dataset_splitted\train\coniferous_pine_forest\coniferous_122.jpg
coniferous_123.jpg,coniferous_pine_forest,train,C:\Users\USER\Desktop\ai_dataset\forestry_dataset_splitted\train\coniferous_pine_forest\coniferous_123.jpg
coniferous_124.png,coniferous_pine_forest,train,C:\Users\USER\Desktop\ai_dataset\forestry_dataset_splitted\train\coniferous_pine_forest\coniferous_124.png
coniferous_125.webp,coniferous_pine_forest,train,C:\Users\USER\Desktop\ai_dataset\forestry_dataset_splitted\train\coniferous_pine_forest\coniferous_125.webp
coniferous_126.webp,coniferous_pine_forest,train,C:\Users\USER\Desktop\ai_dataset\forestry_dataset_splitted\train\coniferous_pine_forest\coniferous_126.webp
coniferous_127.jpg,coniferous_pine_forest,train,C:\Users\USER\Desktop\ai_dataset\forestry_dataset_splitted\train\coniferous_pine_forest\coniferous_127.jpg
coniferous_128.jpg,coniferous_pine_forest,train,C:\Users\USER\Desktop\ai_dataset\forestry_dataset_splitted\train\coniferous_pine_forest\coniferous_128.jpg
coniferous_129.jpg,coniferous_pine_forest,train,C:\Users\USER\Desktop\ai_dataset\forestry_dataset_splitted\train\coniferous_pine_forest\coniferous_129.jpg
coniferous_13.jpg,coniferous_pine_forest,train,C:\Users\USER\Desktop\ai_dataset\forestry_dataset_splitted\train\coniferous_pine_forest\coniferous_13.jpg
coniferous_130.webp,coniferous_pine_forest,train,C:\Users\USER\Desktop\ai_dataset\forestry_dataset_splitted\train\coniferous_pine_forest\coniferous_130.webp
coniferous_131.jpg,coniferous_pine_forest,train,C:\Users\USER\Desktop\ai_dataset\forestry_dataset_splitted\train\coniferous_pine_forest\coniferous_131.jpg
coniferous_132.jpg,coniferous_pine_forest,train,C:\Users\USER\Desktop\ai_dataset\forestry_dataset_splitted\train\coniferous_pine_forest\coniferous_132.jpg
coniferous_133.jpg,coniferous_pine_forest,train,C:\Users\USER\Desktop\ai_dataset\forestry_dataset_splitted\train\coniferous_pine_forest\coniferous_133.jpg
coniferous_134.jpg,coniferous_pine_forest,train,C:\Users\USER\Desktop\ai_dataset\forestry_dataset_splitted\train\coniferous_pine_forest\coniferous_134.jpg
coniferous_135.webp,coniferous_pine_forest,train,C:\Users\USER\Desktop\ai_dataset\forestry_dataset_splitted\train\coniferous_pine_forest\coniferous_135.webp
coniferous_136.jpg,coniferous_pine_forest,train,C:\Users\USER\Desktop\ai_dataset\forestry_dataset_splitted\train\coniferous_pine_forest\coniferous_136.jpg
coniferous_137.jpg,coniferous_pine_forest,train,C:\Users\USER\Desktop\ai_dataset\forestry_dataset_splitted\train\coniferous_pine_forest\coniferous_137.jpg
coniferous_138.jpg,coniferous_pine_forest,train,C:\Users\USER\Desktop\ai_dataset\forestry_dataset_splitted\train\coniferous_pine_forest\coniferous_138.jpg
coniferous_139.jpg,coniferous_pine_forest,train,C:\Users\USER\Desktop\ai_dataset\forestry_dataset_splitted\train\coniferous_pine_forest\coniferous_139.jpg
coniferous_14.jpg,coniferous_pine_forest,train,C:\Users\USER\Desktop\ai_dataset\forestry_dataset_splitted\train\coniferous_pine_forest\coniferous_14.jpg
coniferous_140.jpg,coniferous_pine_forest,train,C:\Users\USER\Desktop\ai_dataset\forestry_dataset_splitted\train\coniferous_pine_forest\coniferous_140.jpg
coniferous_141.jpg,coniferous_pine_forest,train,C:\Users\USER\Desktop\ai_dataset\forestry_dataset_splitted\train\coniferous_pine_forest\coniferous_141.jpg
coniferous_142.jpg,coniferous_pine_forest,train,C:\Users\USER\Desktop\ai_dataset\forestry_dataset_splitted\train\coniferous_pine_forest\coniferous_142.jpg
coniferous_143.jpg,coniferous_pine_forest,train,C:\Users\USER\Desktop\ai_dataset\forestry_dataset_splitted\train\coniferous_pine_forest\coniferous_143.jpg
coniferous_144.webp,coniferous_pine_forest,train,C:\Users\USER\Desktop\ai_dataset\forestry_dataset_splitted\train\coniferous_pine_forest\coniferous_144.webp
coniferous_145.jpg,coniferous_pine_forest,train,C:\Users\USER\Desktop\ai_dataset\forestry_dataset_splitted\train\coniferous_pine_forest\coniferous_145.jpg
coniferous_146.jpg,coniferous_pine_forest,train,C:\Users\USER\Desktop\ai_dataset\forestry_dataset_splitted\train\coniferous_pine_forest\coniferous_146.jpg
coniferous_147.jpg,coniferous_pine_forest,train,C:\Users\USER\Desktop\ai_dataset\forestry_dataset_splitted\train\coniferous_pine_forest\coniferous_147.jpg
coniferous_148.webp,coniferous_pine_forest,train,C:\Users\USER\Desktop\ai_dataset\forestry_dataset_splitted\train\coniferous_pine_forest\coniferous_148.webp
coniferous_149.webp,coniferous_pine_forest,train,C:\Users\USER\Desktop\ai_dataset\forestry_dataset_splitted\train\coniferous_pine_forest\coniferous_149.webp
coniferous_15.jpg,coniferous_pine_forest,train,C:\Users\USER\Desktop\ai_dataset\forestry_dataset_splitted\train\coniferous_pine_forest\coniferous_15.jpg
coniferous_150.jpg,coniferous_pine_forest,train,C:\Users\USER\Desktop\ai_dataset\forestry_dataset_splitted\train\coniferous_pine_forest\coniferous_150.jpg
coniferous_151.jpg,coniferous_pine_forest,train,C:\Users\USER\Desktop\ai_dataset\forestry_dataset_splitted\train\coniferous_pine_forest\coniferous_151.jpg
coniferous_152.jpg,coniferous_pine_forest,train,C:\Users\USER\Desktop\ai_dataset\forestry_dataset_splitted\train\coniferous_pine_forest\coniferous_152.jpg
coniferous_153.jpg,coniferous_pine_forest,train,C:\Users\USER\Desktop\ai_dataset\forestry_dataset_splitted\train\coniferous_pine_forest\coniferous_153.jpg
coniferous_154.jpg,coniferous_pine_forest,train,C:\Users\USER\Desktop\ai_dataset\forestry_dataset_splitted\train\coniferous_pine_forest\coniferous_154.jpg
coniferous_155.jpg,coniferous_pine_forest,train,C:\Users\USER\Desktop\ai_dataset\forestry_dataset_splitted\train\coniferous_pine_forest\coniferous_155.jpg
coniferous_156.jpg,coniferous_pine_forest,train,C:\Users\USER\Desktop\ai_dataset\forestry_dataset_splitted\train\coniferous_pine_forest\coniferous_156.jpg
coniferous_157.jpg,coniferous_pine_forest,train,C:\Users\USER\Desktop\ai_dataset\forestry_dataset_splitted\train\coniferous_pine_forest\coniferous_157.jpg
coniferous_158.jpg,coniferous_pine_forest,train,C:\Users\USER\Desktop\ai_dataset\forestry_dataset_splitted\train\coniferous_pine_forest\coniferous_158.jpg
coniferous_159.jpg,coniferous_pine_forest,train,C:\Users\USER\Desktop\ai_dataset\forestry_dataset_splitted\train\coniferous_pine_forest\coniferous_159.jpg
coniferous_16.webp,coniferous_pine_forest,train,C:\Users\USER\Desktop\ai_dataset\forestry_dataset_splitted\train\coniferous_pine_forest\coniferous_16.webp
coniferous_160.jpg,coniferous_pine_forest,train,C:\Users\USER\Desktop\ai_dataset\forestry_dataset_splitted\train\coniferous_pine_forest\coniferous_160.jpg
coniferous_161.jpg,coniferous_pine_forest,train,C:\Users\USER\Desktop\ai_dataset\forestry_dataset_splitted\train\coniferous_pine_forest\coniferous_161.jpg
coniferous_162.jpg,coniferous_pine_forest,train,C:\Users\USER\Desktop\ai_dataset\forestry_dataset_splitted\train\coniferous_pine_forest\coniferous_162.jpg
coniferous_163.jpg,coniferous_pine_forest,train,C:\Users\USER\Desktop\ai_dataset\forestry_dataset_splitted\train\coniferous_pine_forest\coniferous_163.jpg
coniferous_164.jpg,coniferous_pine_forest,train,C:\Users\USER\Desktop\ai_dataset\forestry_dataset_splitted\train\coniferous_pine_forest\coniferous_164.jpg
coniferous_165.jpg,coniferous_pine_forest,train,C:\Users\USER\Desktop\ai_dataset\forestry_dataset_splitted\train\coniferous_pine_forest\coniferous_165.jpg
coniferous_166.jpg,coniferous_pine_forest,train,C:\Users\USER\Desktop\ai_dataset\forestry_dataset_splitted\train\coniferous_pine_forest\coniferous_166.jpg
coniferous_167.jpg,coniferous_pine_forest,train,C:\Users\USER\Desktop\ai_dataset\forestry_dataset_splitted\train\coniferous_pine_forest\coniferous_167.jpg
coniferous_168.jpg,coniferous_pine_forest,train,C:\Users\USER\Desktop\ai_dataset\forestry_dataset_splitted\train\coniferous_pine_forest\coniferous_168.jpg
coniferous_169.webp,coniferous_pine_forest,train,C:\Users\USER\Desktop\ai_dataset\forestry_dataset_splitted\train\coniferous_pine_forest\coniferous_169.webp
coniferous_17.jpg,coniferous_pine_forest,train,C:\Users\USER\Desktop\ai_dataset\forestry_dataset_splitted\train\coniferous_pine_forest\coniferous_17.jpg
coniferous_170.webp,coniferous_pine_forest,train,C:\Users\USER\Desktop\ai_dataset\forestry_dataset_splitted\train\coniferous_pine_forest\coniferous_170.webp
coniferous_171.jpg,coniferous_pine_forest,train,C:\Users\USER\Desktop\ai_dataset\forestry_dataset_splitted\train\coniferous_pine_forest\coniferous_171.jpg
coniferous_172.jpg,coniferous_pine_forest,train,C:\Users\USER\Desktop\ai_dataset\forestry_dataset_splitted\train\coniferous_pine_forest\coniferous_172.jpg
coniferous_173.jpg,coniferous_pine_forest,train,C:\Users\USER\Desktop\ai_dataset\forestry_dataset_splitted\train\coniferous_pine_forest\coniferous_173.jpg
coniferous_174.jpg,coniferous_pine_forest,train,C:\Users\USER\Desktop\ai_dataset\forestry_dataset_splitted\train\coniferous_pine_forest\coniferous_174.jpg
coniferous_175.jpg,coniferous_pine_forest,train,C:\Users\USER\Desktop\ai_dataset\forestry_dataset_splitted\train\coniferous_pine_forest\coniferous_175.jpg
coniferous_176.jpg,coniferous_pine_forest,train,C:\Users\USER\Desktop\ai_dataset\forestry_dataset_splitted\train\coniferous_pine_forest\coniferous_176.jpg
coniferous_177.jpg,coniferous_pine_forest,train,C:\Users\USER\Desktop\ai_dataset\forestry_dataset_splitted\train\coniferous_pine_forest\coniferous_177.jpg
coniferous_178.png,coniferous_pine_forest,train,C:\Users\USER\Desktop\ai_dataset\forestry_dataset_splitted\train\coniferous_pine_forest\coniferous_178.png
coniferous_179.webp,coniferous_pine_forest,train,C:\Users\USER\Desktop\ai_dataset\forestry_dataset_splitted\train\coniferous_pine_forest\coniferous_179.webp
coniferous_18.jpg,coniferous_pine_forest,train,C:\Users\USER\Desktop\ai_dataset\forestry_dataset_splitted\train\coniferous_pine_forest\coniferous_18.jpg
coniferous_180.jpg,coniferous_pine_forest,train,C:\Users\USER\Desktop\ai_dataset\forestry_dataset_splitted\train\coniferous_pine_forest\coniferous_180.jpg
coniferous_181.jpg,coniferous_pine_forest,train,C:\Users\USER\Desktop\ai_dataset\forestry_dataset_splitted\train\coniferous_pine_forest\coniferous_181.jpg
coniferous_182.jpg,coniferous_pine_forest,train,C:\Users\USER\Desktop\ai_dataset\forestry_dataset_splitted\train\coniferous_pine_forest\coniferous_182.jpg
coniferous_183.jpg,coniferous_pine_forest,train,C:\Users\USER\Desktop\ai_dataset\forestry_dataset_splitted\train\coniferous_pine_forest\coniferous_183.jpg
coniferous_184.webp,coniferous_pine_forest,train,C:\Users\USER\Desktop\ai_dataset\forestry_dataset_splitted\train\coniferous_pine_forest\coniferous_184.webp
coniferous_185.webp,coniferous_pine_forest,train,C:\Users\USER\Desktop\ai_dataset\forestry_dataset_splitted\train\coniferous_pine_forest\coniferous_185.webp
coniferous_186.png,coniferous_pine_forest,train,C:\Users\USER\Desktop\ai_dataset\forestry_dataset_splitted\train\coniferous_pine_forest\coniferous_186.png
coniferous_187.jpg,coniferous_pine_forest,train,C:\Users\USER\Desktop\ai_dataset\forestry_dataset_splitted\train\coniferous_pine_forest\coniferous_187.jpg
coniferous_188.jpg,coniferous_pine_forest,train,C:\Users\USER\Desktop\ai_dataset\forestry_dataset_splitted\train\coniferous_pine_forest\coniferous_188.jpg
coniferous_189.jpg,coniferous_pine_forest,train,C:\Users\USER\Desktop\ai_dataset\forestry_dataset_splitted\train\coniferous_pine_forest\coniferous_189.jpg
coniferous_19.webp,coniferous_pine_forest,train,C:\Users\USER\Desktop\ai_dataset\forestry_dataset_splitted\train\coniferous_pine_forest\coniferous_19.webp
coniferous_190.jpg,coniferous_pine_forest,train,C:\Users\USER\Desktop\ai_dataset\forestry_dataset_splitted\train\coniferous_pine_forest\coniferous_190.jpg
coniferous_191.jpg,coniferous_pine_forest,train,C:\Users\USER\Desktop\ai_dataset\forestry_dataset_splitted\train\coniferous_pine_forest\coniferous_191.jpg
coniferous_192.jpg,coniferous_pine_forest,train,C:\Users\USER\Desktop\ai_dataset\forestry_dataset_splitted\train\coniferous_pine_forest\coniferous_192.jpg
coniferous_193.jpg,coniferous_pine_forest,train,C:\Users\USER\Desktop\ai_dataset\forestry_dataset_splitted\train\coniferous_pine_forest\coniferous_193.jpg
coniferous_194.jpg,coniferous_pine_forest,train,C:\Users\USER\Desktop\ai_dataset\forestry_dataset_splitted\train\coniferous_pine_forest\coniferous_194.jpg
coniferous_195.jpg,coniferous_pine_forest,train,C:\Users\USER\Desktop\ai_dataset\forestry_dataset_splitted\train\coniferous_pine_forest\coniferous_195.jpg
coniferous_196.jpg,coniferous_pine_forest,train,C:\Users\USER\Desktop\ai_dataset\forestry_dataset_splitted\train\coniferous_pine_forest\coniferous_196.jpg
coniferous_197.jpg,coniferous_pine_forest,train,C:\Users\USER\Desktop\ai_dataset\forestry_dataset_splitted\train\coniferous_pine_forest\coniferous_197.jpg
coniferous_198.jpg,coniferous_pine_forest,train,C:\Users\USER\Desktop\ai_dataset\forestry_dataset_splitted\train\coniferous_pine_forest\coniferous_198.jpg
coniferous_199.jpg,coniferous_pine_forest,train,C:\Users\USER\Desktop\ai_dataset\forestry_dataset_splitted\train\coniferous_pine_forest\coniferous_199.jpg
coniferous_2.jpg,coniferous_pine_forest,train,C:\Users\USER\Desktop\ai_dataset\forestry_dataset_splitted\train\coniferous_pine_forest\coniferous_2.jpg
coniferous_20.jpg,coniferous_pine_forest,train,C:\Users\USER\Desktop\ai_dataset\forestry_dataset_splitted\train\coniferous_pine_forest\coniferous_20.jpg
coniferous_200.jpg,coniferous_pine_forest,train,C:\Users\USER\Desktop\ai_dataset\forestry_dataset_splitted\train\coniferous_pine_forest\coniferous_200.jpg
coniferous_201.webp,coniferous_pine_forest,train,C:\Users\USER\Desktop\ai_dataset\forestry_dataset_splitted\train\coniferous_pine_forest\coniferous_201.webp
coniferous_202.jpg,coniferous_pine_forest,train,C:\Users\USER\Desktop\ai_dataset\forestry_dataset_splitted\train\coniferous_pine_forest\coniferous_202.jpg
coniferous_203.jpg,coniferous_pine_forest,train,C:\Users\USER\Desktop\ai_dataset\forestry_dataset_splitted\train\coniferous_pine_forest\coniferous_203.jpg
coniferous_204.jpg,coniferous_pine_forest,train,C:\Users\USER\Desktop\ai_dataset\forestry_dataset_splitted\train\coniferous_pine_forest\coniferous_204.jpg
coniferous_205.jpg,coniferous_pine_forest,train,C:\Users\USER\Desktop\ai_dataset\forestry_dataset_splitted\train\coniferous_pine_forest\coniferous_205.jpg
coniferous_206.jpg,coniferous_pine_forest,train,C:\Users\USER\Desktop\ai_dataset\forestry_dataset_splitted\train\coniferous_pine_forest\coniferous_206.jpg
coniferous_207.webp,coniferous_pine_forest,train,C:\Users\USER\Desktop\ai_dataset\forestry_dataset_splitted\train\coniferous_pine_forest\coniferous_207.webp
coniferous_208.jpg,coniferous_pine_forest,train,C:\Users\USER\Desktop\ai_dataset\forestry_dataset_splitted\train\coniferous_pine_forest\coniferous_208.jpg
coniferous_209.webp,coniferous_pine_forest,train,C:\Users\USER\Desktop\ai_dataset\forestry_dataset_splitted\train\coniferous_pine_forest\coniferous_209.webp
coniferous_21.jpg,coniferous_pine_forest,train,C:\Users\USER\Desktop\ai_dataset\forestry_dataset_splitted\train\coniferous_pine_forest\coniferous_21.jpg
coniferous_210.jpg,coniferous_pine_forest,train,C:\Users\USER\Desktop\ai_dataset\forestry_dataset_splitted\train\coniferous_pine_forest\coniferous_210.jpg
coniferous_211.jpg,coniferous_pine_forest,train,C:\Users\USER\Desktop\ai_dataset\forestry_dataset_splitted\train\coniferous_pine_forest\coniferous_211.jpg
coniferous_212.jpg,coniferous_pine_forest,train,C:\Users\USER\Desktop\ai_dataset\forestry_dataset_splitted\train\coniferous_pine_forest\coniferous_212.jpg
coniferous_213.jpg,coniferous_pine_forest,train,C:\Users\USER\Desktop\ai_dataset\forestry_dataset_splitted\train\coniferous_pine_forest\coniferous_213.jpg
coniferous_214.jpg,coniferous_pine_forest,train,C:\Users\USER\Desktop\ai_dataset\forestry_dataset_splitted\train\coniferous_pine_forest\coniferous_214.jpg
coniferous_215.jpg,coniferous_pine_forest,train,C:\Users\USER\Desktop\ai_dataset\forestry_dataset_splitted\train\coniferous_pine_forest\coniferous_215.jpg
coniferous_216.jpg,coniferous_pine_forest,train,C:\Users\USER\Desktop\ai_dataset\forestry_dataset_splitted\train\coniferous_pine_forest\coniferous_216.jpg
coniferous_217.jpg,coniferous_pine_forest,train,C:\Users\USER\Desktop\ai_dataset\forestry_dataset_splitted\train\coniferous_pine_forest\coniferous_217.jpg
coniferous_218.jpg,coniferous_pine_forest,train,C:\Users\USER\Desktop\ai_dataset\forestry_dataset_splitted\train\coniferous_pine_forest\coniferous_218.jpg
coniferous_219.jpg,coniferous_pine_forest,train,C:\Users\USER\Desktop\ai_dataset\forestry_dataset_splitted\train\coniferous_pine_forest\coniferous_219.jpg
coniferous_22.jpg,coniferous_pine_forest,train,C:\Users\USER\Desktop\ai_dataset\forestry_dataset_splitted\train\coniferous_pine_forest\coniferous_22.jpg
coniferous_220.jpg,coniferous_pine_forest,train,C:\Users\USER\Desktop\ai_dataset\forestry_dataset_splitted\train\coniferous_pine_forest\coniferous_220.jpg
coniferous_221.jpg,coniferous_pine_forest,train,C:\Users\USER\Desktop\ai_dataset\forestry_dataset_splitted\train\coniferous_pine_forest\coniferous_221.jpg
coniferous_222.jpg,coniferous_pine_forest,train,C:\Users\USER\Desktop\ai_dataset\forestry_dataset_splitted\train\coniferous_pine_forest\coniferous_222.jpg
coniferous_223.jpg,coniferous_pine_forest,train,C:\Users\USER\Desktop\ai_dataset\forestry_dataset_splitted\train\coniferous_pine_forest\coniferous_223.jpg
coniferous_224.jpg,coniferous_pine_forest,train,C:\Users\USER\Desktop\ai_dataset\forestry_dataset_splitted\train\coniferous_pine_forest\coniferous_224.jpg
coniferous_225.jpg,coniferous_pine_forest,train,C:\Users\USER\Desktop\ai_dataset\forestry_dataset_splitted\train\coniferous_pine_forest\coniferous_225.jpg
coniferous_226.jpg,coniferous_pine_forest,train,C:\Users\USER\Desktop\ai_dataset\forestry_dataset_splitted\train\coniferous_pine_forest\coniferous_226.jpg
coniferous_227.jpg,coniferous_pine_forest,train,C:\Users\USER\Desktop\ai_dataset\forestry_dataset_splitted\train\coniferous_pine_forest\coniferous_227.jpg
coniferous_228.jpg,coniferous_pine_forest,train,C:\Users\USER\Desktop\ai_dataset\forestry_dataset_splitted\train\coniferous_pine_forest\coniferous_228.jpg
coniferous_229.jpg,coniferous_pine_forest,train,C:\Users\USER\Desktop\ai_dataset\forestry_dataset_splitted\train\coniferous_pine_forest\coniferous_229.jpg
coniferous_23.jpg,coniferous_pine_forest,train,C:\Users\USER\Desktop\ai_dataset\forestry_dataset_splitted\train\coniferous_pine_forest\coniferous_23.jpg
coniferous_230.webp,coniferous_pine_forest,train,C:\Users\USER\Desktop\ai_dataset\forestry_dataset_splitted\train\coniferous_pine_forest\coniferous_230.webp
coniferous_231.jpg,coniferous_pine_forest,train,C:\Users\USER\Desktop\ai_dataset\forestry_dataset_splitted\train\coniferous_pine_forest\coniferous_231.jpg
coniferous_232.jpg,coniferous_pine_forest,train,C:\Users\USER\Desktop\ai_dataset\forestry_dataset_splitted\train\coniferous_pine_forest\coniferous_232.jpg
coniferous_233.jpg,coniferous_pine_forest,train,C:\Users\USER\Desktop\ai_dataset\forestry_dataset_splitted\train\coniferous_pine_forest\coniferous_233.jpg
coniferous_234.jpg,coniferous_pine_forest,train,C:\Users\USER\Desktop\ai_dataset\forestry_dataset_splitted\train\coniferous_pine_forest\coniferous_234.jpg
coniferous_235.jpg,coniferous_pine_forest,train,C:\Users\USER\Desktop\ai_dataset\forestry_dataset_splitted\train\coniferous_pine_forest\coniferous_235.jpg
coniferous_236.jpg,coniferous_pine_forest,train,C:\Users\USER\Desktop\ai_dataset\forestry_dataset_splitted\train\coniferous_pine_forest\coniferous_236.jpg
coniferous_237.jpg,coniferous_pine_forest,train,C:\Users\USER\Desktop\ai_dataset\forestry_dataset_splitted\train\coniferous_pine_forest\coniferous_237.jpg
coniferous_238.jpg,coniferous_pine_forest,train,C:\Users\USER\Desktop\ai_dataset\forestry_dataset_splitted\train\coniferous_pine_forest\coniferous_238.jpg
coniferous_239.webp,coniferous_pine_forest,train,C:\Users\USER\Desktop\ai_dataset\forestry_dataset_splitted\train\coniferous_pine_forest\coniferous_239.webp
coniferous_24.jpg,coniferous_pine_forest,train,C:\Users\USER\Desktop\ai_dataset\forestry_dataset_splitted\train\coniferous_pine_forest\coniferous_24.jpg
coniferous_240.jpg,coniferous_pine_forest,train,C:\Users\USER\Desktop\ai_dataset\forestry_dataset_splitted\train\coniferous_pine_forest\coniferous_240.jpg
coniferous_241.jpg,coniferous_pine_forest,train,C:\Users\USER\Desktop\ai_dataset\forestry_dataset_splitted\train\coniferous_pine_forest\coniferous_241.jpg
coniferous_242.jpg,coniferous_pine_forest,train,C:\Users\USER\Desktop\ai_dataset\forestry_dataset_splitted\train\coniferous_pine_forest\coniferous_242.jpg
coniferous_243.jpg,coniferous_pine_forest,train,C:\Users\USER\Desktop\ai_dataset\forestry_dataset_splitted\train\coniferous_pine_forest\coniferous_243.jpg
coniferous_244.jpg,coniferous_pine_forest,train,C:\Users\USER\Desktop\ai_dataset\forestry_dataset_splitted\train\coniferous_pine_forest\coniferous_244.jpg
coniferous_245.jpg,coniferous_pine_forest,train,C:\Users\USER\Desktop\ai_dataset\forestry_dataset_splitted\train\coniferous_pine_forest\coniferous_245.jpg
coniferous_246.jpg,coniferous_pine_forest,train,C:\Users\USER\Desktop\ai_dataset\forestry_dataset_splitted\train\coniferous_pine_forest\coniferous_246.jpg
coniferous_247.webp,coniferous_pine_forest,train,C:\Users\USER\Desktop\ai_dataset\forestry_dataset_splitted\train\coniferous_pine_forest\coniferous_247.webp
coniferous_248.jpg,coniferous_pine_forest,train,C:\Users\USER\Desktop\ai_dataset\forestry_dataset_splitted\train\coniferous_pine_forest\coniferous_248.jpg
coniferous_249.jpg,coniferous_pine_forest,train,C:\Users\USER\Desktop\ai_dataset\forestry_dataset_splitted\train\coniferous_pine_forest\coniferous_249.jpg
coniferous_25.jpg,coniferous_pine_forest,train,C:\Users\USER\Desktop\ai_dataset\forestry_dataset_splitted\train\coniferous_pine_forest\coniferous_25.jpg
coniferous_250.webp,coniferous_pine_forest,train,C:\Users\USER\Desktop\ai_dataset\forestry_dataset_splitted\train\coniferous_pine_forest\coniferous_250.webp
coniferous_251.jpg,coniferous_pine_forest,train,C:\Users\USER\Desktop\ai_dataset\forestry_dataset_splitted\train\coniferous_pine_forest\coniferous_251.jpg
coniferous_252.jpg,coniferous_pine_forest,train,C:\Users\USER\Desktop\ai_dataset\forestry_dataset_splitted\train\coniferous_pine_forest\coniferous_252.jpg
coniferous_253.jpg,coniferous_pine_forest,train,C:\Users\USER\Desktop\ai_dataset\forestry_dataset_splitted\train\coniferous_pine_forest\coniferous_253.jpg
coniferous_254.jpg,coniferous_pine_forest,train,C:\Users\USER\Desktop\ai_dataset\forestry_dataset_splitted\train\coniferous_pine_forest\coniferous_254.jpg
coniferous_255.png,coniferous_pine_forest,train,C:\Users\USER\Desktop\ai_dataset\forestry_dataset_splitted\train\coniferous_pine_forest\coniferous_255.png
coniferous_256.jpg,coniferous_pine_forest,train,C:\Users\USER\Desktop\ai_dataset\forestry_dataset_splitted\train\coniferous_pine_forest\coniferous_256.jpg
coniferous_257.jpg,coniferous_pine_forest,train,C:\Users\USER\Desktop\ai_dataset\forestry_dataset_splitted\train\coniferous_pine_forest\coniferous_257.jpg
coniferous_258.jpg,coniferous_pine_forest,train,C:\Users\USER\Desktop\ai_dataset\forestry_dataset_splitted\train\coniferous_pine_forest\coniferous_258.jpg
coniferous_259.jpg,coniferous_pine_forest,train,C:\Users\USER\Desktop\ai_dataset\forestry_dataset_splitted\train\coniferous_pine_forest\coniferous_259.jpg
coniferous_26.jpg,coniferous_pine_forest,train,C:\Users\USER\Desktop\ai_dataset\forestry_dataset_splitted\train\coniferous_pine_forest\coniferous_26.jpg
coniferous_260.webp,coniferous_pine_forest,train,C:\Users\USER\Desktop\ai_dataset\forestry_dataset_splitted\train\coniferous_pine_forest\coniferous_260.webp
coniferous_261.jpg,coniferous_pine_forest,train,C:\Users\USER\Desktop\ai_dataset\forestry_dataset_splitted\train\coniferous_pine_forest\coniferous_261.jpg
coniferous_262.jpg,coniferous_pine_forest,train,C:\Users\USER\Desktop\ai_dataset\forestry_dataset_splitted\train\coniferous_pine_forest\coniferous_262.jpg
coniferous_263.jpg,coniferous_pine_forest,train,C:\Users\USER\Desktop\ai_dataset\forestry_dataset_splitted\train\coniferous_pine_forest\coniferous_263.jpg
coniferous_264.jpg,coniferous_pine_forest,train,C:\Users\USER\Desktop\ai_dataset\forestry_dataset_splitted\train\coniferous_pine_forest\coniferous_264.jpg
coniferous_265.jpg,coniferous_pine_forest,train,C:\Users\USER\Desktop\ai_dataset\forestry_dataset_splitted\train\coniferous_pine_forest\coniferous_265.jpg
coniferous_266.jpg,coniferous_pine_forest,train,C:\Users\USER\Desktop\ai_dataset\forestry_dataset_splitted\train\coniferous_pine_forest\coniferous_266.jpg
coniferous_267.jpg,coniferous_pine_forest,train,C:\Users\USER\Desktop\ai_dataset\forestry_dataset_splitted\train\coniferous_pine_forest\coniferous_267.jpg
coniferous_268.jpg,coniferous_pine_forest,train,C:\Users\USER\Desktop\ai_dataset\forestry_dataset_splitted\train\coniferous_pine_forest\coniferous_268.jpg
coniferous_269.jpg,coniferous_pine_forest,train,C:\Users\USER\Desktop\ai_dataset\forestry_dataset_splitted\train\coniferous_pine_forest\coniferous_269.jpg
coniferous_27.jpg,coniferous_pine_forest,train,C:\Users\USER\Desktop\ai_dataset\forestry_dataset_splitted\train\coniferous_pine_forest\coniferous_27.jpg
coniferous_270.jpg,coniferous_pine_forest,train,C:\Users\USER\Desktop\ai_dataset\forestry_dataset_splitted\train\coniferous_pine_forest\coniferous_270.jpg
coniferous_271.jpg,coniferous_pine_forest,train,C:\Users\USER\Desktop\ai_dataset\forestry_dataset_splitted\train\coniferous_pine_forest\coniferous_271.jpg
coniferous_272.jpg,coniferous_pine_forest,train,C:\Users\USER\Desktop\ai_dataset\forestry_dataset_splitted\train\coniferous_pine_forest\coniferous_272.jpg
coniferous_273.jpg,coniferous_pine_forest,train,C:\Users\USER\Desktop\ai_dataset\forestry_dataset_splitted\train\coniferous_pine_forest\coniferous_273.jpg
coniferous_274.jpg,coniferous_pine_forest,train,C:\Users\USER\Desktop\ai_dataset\forestry_dataset_splitted\train\coniferous_pine_forest\coniferous_274.jpg
coniferous_275.jpg,coniferous_pine_forest,train,C:\Users\USER\Desktop\ai_dataset\forestry_dataset_splitted\train\coniferous_pine_forest\coniferous_275.jpg
coniferous_276.jpg,coniferous_pine_forest,train,C:\Users\USER\Desktop\ai_dataset\forestry_dataset_splitted\train\coniferous_pine_forest\coniferous_276.jpg
coniferous_277.jpg,coniferous_pine_forest,train,C:\Users\USER\Desktop\ai_dataset\forestry_dataset_splitted\train\coniferous_pine_forest\coniferous_277.jpg
coniferous_278.webp,coniferous_pine_forest,train,C:\Users\USER\Desktop\ai_dataset\forestry_dataset_splitted\train\coniferous_pine_forest\coniferous_278.webp
coniferous_279.webp,coniferous_pine_forest,train,C:\Users\USER\Desktop\ai_dataset\forestry_dataset_splitted\train\coniferous_pine_forest\coniferous_279.webp
coniferous_28.jpg,coniferous_pine_forest,train,C:\Users\USER\Desktop\ai_dataset\forestry_dataset_splitted\train\coniferous_pine_forest\coniferous_28.jpg
coniferous_280.jpg,coniferous_pine_forest,train,C:\Users\USER\Desktop\ai_dataset\forestry_dataset_splitted\train\coniferous_pine_forest\coniferous_280.jpg
coniferous_281.jpg,coniferous_pine_forest,train,C:\Users\USER\Desktop\ai_dataset\forestry_dataset_splitted\train\coniferous_pine_forest\coniferous_281.jpg
coniferous_282.jpg,coniferous_pine_forest,train,C:\Users\USER\Desktop\ai_dataset\forestry_dataset_splitted\train\coniferous_pine_forest\coniferous_282.jpg
coniferous_283.jpg,coniferous_pine_forest,train,C:\Users\USER\Desktop\ai_dataset\forestry_dataset_splitted\train\coniferous_pine_forest\coniferous_283.jpg
coniferous_284.jpg,coniferous_pine_forest,train,C:\Users\USER\Desktop\ai_dataset\forestry_dataset_splitted\train\coniferous_pine_forest\coniferous_284.jpg
coniferous_285.jpg,coniferous_pine_forest,train,C:\Users\USER\Desktop\ai_dataset\forestry_dataset_splitted\train\coniferous_pine_forest\coniferous_285.jpg
coniferous_286.jpg,coniferous_pine_forest,train,C:\Users\USER\Desktop\ai_dataset\forestry_dataset_splitted\train\coniferous_pine_forest\coniferous_286.jpg
coniferous_287.png,coniferous_pine_forest,train,C:\Users\USER\Desktop\ai_dataset\forestry_dataset_splitted\train\coniferous_pine_forest\coniferous_287.png
coniferous_288.jpg,coniferous_pine_forest,train,C:\Users\USER\Desktop\ai_dataset\forestry_dataset_splitted\train\coniferous_pine_forest\coniferous_288.jpg
coniferous_289.webp,coniferous_pine_forest,train,C:\Users\USER\Desktop\ai_dataset\forestry_dataset_splitted\train\coniferous_pine_forest\coniferous_289.webp
coniferous_29.jpg,coniferous_pine_forest,train,C:\Users\USER\Desktop\ai_dataset\forestry_dataset_splitted\train\coniferous_pine_forest\coniferous_29.jpg
coniferous_290.jpg,coniferous_pine_forest,train,C:\Users\USER\Desktop\ai_dataset\forestry_dataset_splitted\train\coniferous_pine_forest\coniferous_290.jpg
coniferous_291.jpg,coniferous_pine_forest,train,C:\Users\USER\Desktop\ai_dataset\forestry_dataset_splitted\train\coniferous_pine_forest\coniferous_291.jpg
coniferous_292.jpg,coniferous_pine_forest,train,C:\Users\USER\Desktop\ai_dataset\forestry_dataset_splitted\train\coniferous_pine_forest\coniferous_292.jpg
coniferous_293.jpg,coniferous_pine_forest,train,C:\Users\USER\Desktop\ai_dataset\forestry_dataset_splitted\train\coniferous_pine_forest\coniferous_293.jpg
coniferous_294.jpg,coniferous_pine_forest,train,C:\Users\USER\Desktop\ai_dataset\forestry_dataset_splitted\train\coniferous_pine_forest\coniferous_294.jpg
coniferous_295.jpg,coniferous_pine_forest,train,C:\Users\USER\Desktop\ai_dataset\forestry_dataset_splitted\train\coniferous_pine_forest\coniferous_295.jpg
coniferous_296.jpg,coniferous_pine_forest,train,C:\Users\USER\Desktop\ai_dataset\forestry_dataset_splitted\train\coniferous_pine_forest\coniferous_296.jpg
coniferous_297.webp,coniferous_pine_forest,train,C:\Users\USER\Desktop\ai_dataset\forestry_dataset_splitted\train\coniferous_pine_forest\coniferous_297.webp
coniferous_298.jpg,coniferous_pine_forest,train,C:\Users\USER\Desktop\ai_dataset\forestry_dataset_splitted\train\coniferous_pine_forest\coniferous_298.jpg
coniferous_299.jpg,coniferous_pine_forest,train,C:\Users\USER\Desktop\ai_dataset\forestry_dataset_splitted\train\coniferous_pine_forest\coniferous_299.jpg
coniferous_3.jpg,coniferous_pine_forest,train,C:\Users\USER\Desktop\ai_dataset\forestry_dataset_splitted\train\coniferous_pine_forest\coniferous_3.jpg
coniferous_30.jpg,coniferous_pine_forest,train,C:\Users\USER\Desktop\ai_dataset\forestry_dataset_splitted\train\coniferous_pine_forest\coniferous_30.jpg
coniferous_300.jpg,coniferous_pine_forest,train,C:\Users\USER\Desktop\ai_dataset\forestry_dataset_splitted\train\coniferous_pine_forest\coniferous_300.jpg
coniferous_301.jpg,coniferous_pine_forest,train,C:\Users\USER\Desktop\ai_dataset\forestry_dataset_splitted\train\coniferous_pine_forest\coniferous_301.jpg
coniferous_302.jpg,coniferous_pine_forest,train,C:\Users\USER\Desktop\ai_dataset\forestry_dataset_splitted\train\coniferous_pine_forest\coniferous_302.jpg
coniferous_303.png,coniferous_pine_forest,train,C:\Users\USER\Desktop\ai_dataset\forestry_dataset_splitted\train\coniferous_pine_forest\coniferous_303.png
coniferous_304.jpg,coniferous_pine_forest,train,C:\Users\USER\Desktop\ai_dataset\forestry_dataset_splitted\train\coniferous_pine_forest\coniferous_304.jpg
coniferous_305.jpg,coniferous_pine_forest,train,C:\Users\USER\Desktop\ai_dataset\forestry_dataset_splitted\train\coniferous_pine_forest\coniferous_305.jpg
coniferous_306.jpg,coniferous_pine_forest,train,C:\Users\USER\Desktop\ai_dataset\forestry_dataset_splitted\train\coniferous_pine_forest\coniferous_306.jpg
coniferous_307.webp,coniferous_pine_forest,train,C:\Users\USER\Desktop\ai_dataset\forestry_dataset_splitted\train\coniferous_pine_forest\coniferous_307.webp
coniferous_308.jpg,coniferous_pine_forest,train,C:\Users\USER\Desktop\ai_dataset\forestry_dataset_splitted\train\coniferous_pine_forest\coniferous_308.jpg
coniferous_309.jpg,coniferous_pine_forest,train,C:\Users\USER\Desktop\ai_dataset\forestry_dataset_splitted\train\coniferous_pine_forest\coniferous_309.jpg
coniferous_31.jpg,coniferous_pine_forest,train,C:\Users\USER\Desktop\ai_dataset\forestry_dataset_splitted\train\coniferous_pine_forest\coniferous_31.jpg
coniferous_310.jpg,coniferous_pine_forest,train,C:\Users\USER\Desktop\ai_dataset\forestry_dataset_splitted\train\coniferous_pine_forest\coniferous_310.jpg
coniferous_311.jpg,coniferous_pine_forest,train,C:\Users\USER\Desktop\ai_dataset\forestry_dataset_splitted\train\coniferous_pine_forest\coniferous_311.jpg
coniferous_312.jpg,coniferous_pine_forest,train,C:\Users\USER\Desktop\ai_dataset\forestry_dataset_splitted\train\coniferous_pine_forest\coniferous_312.jpg
coniferous_313.jpg,coniferous_pine_forest,train,C:\Users\USER\Desktop\ai_dataset\forestry_dataset_splitted\train\coniferous_pine_forest\coniferous_313.jpg
coniferous_314.jpg,coniferous_pine_forest,train,C:\Users\USER\Desktop\ai_dataset\forestry_dataset_splitted\train\coniferous_pine_forest\coniferous_314.jpg
coniferous_315.webp,coniferous_pine_forest,train,C:\Users\USER\Desktop\ai_dataset\forestry_dataset_splitted\train\coniferous_pine_forest\coniferous_315.webp
coniferous_316.jpg,coniferous_pine_forest,train,C:\Users\USER\Desktop\ai_dataset\forestry_dataset_splitted\train\coniferous_pine_forest\coniferous_316.jpg
coniferous_317.jpg,coniferous_pine_forest,train,C:\Users\USER\Desktop\ai_dataset\forestry_dataset_splitted\train\coniferous_pine_forest\coniferous_317.jpg
coniferous_318.jpg,coniferous_pine_forest,train,C:\Users\USER\Desktop\ai_dataset\forestry_dataset_splitted\train\coniferous_pine_forest\coniferous_318.jpg
coniferous_319.jpg,coniferous_pine_forest,train,C:\Users\USER\Desktop\ai_dataset\forestry_dataset_splitted\train\coniferous_pine_forest\coniferous_319.jpg
coniferous_32.jpg,coniferous_pine_forest,train,C:\Users\USER\Desktop\ai_dataset\forestry_dataset_splitted\train\coniferous_pine_forest\coniferous_32.jpg
coniferous_320.jpg,coniferous_pine_forest,train,C:\Users\USER\Desktop\ai_dataset\forestry_dataset_splitted\train\coniferous_pine_forest\coniferous_320.jpg
coniferous_321.jpg,coniferous_pine_forest,train,C:\Users\USER\Desktop\ai_dataset\forestry_dataset_splitted\train\coniferous_pine_forest\coniferous_321.jpg
coniferous_322.png,coniferous_pine_forest,train,C:\Users\USER\Desktop\ai_dataset\forestry_dataset_splitted\train\coniferous_pine_forest\coniferous_322.png
coniferous_323.jpg,coniferous_pine_forest,train,C:\Users\USER\Desktop\ai_dataset\forestry_dataset_splitted\train\coniferous_pine_forest\coniferous_323.jpg
coniferous_324.jpg,coniferous_pine_forest,train,C:\Users\USER\Desktop\ai_dataset\forestry_dataset_splitted\train\coniferous_pine_forest\coniferous_324.jpg
coniferous_325.jpg,coniferous_pine_forest,train,C:\Users\USER\Desktop\ai_dataset\forestry_dataset_splitted\train\coniferous_pine_forest\coniferous_325.jpg
coniferous_326.png,coniferous_pine_forest,train,C:\Users\USER\Desktop\ai_dataset\forestry_dataset_splitted\train\coniferous_pine_forest\coniferous_326.png
coniferous_327.jpg,coniferous_pine_forest,train,C:\Users\USER\Desktop\ai_dataset\forestry_dataset_splitted\train\coniferous_pine_forest\coniferous_327.jpg
coniferous_328.jpg,coniferous_pine_forest,train,C:\Users\USER\Desktop\ai_dataset\forestry_dataset_splitted\train\coniferous_pine_forest\coniferous_328.jpg
coniferous_329.png,coniferous_pine_forest,train,C:\Users\USER\Desktop\ai_dataset\forestry_dataset_splitted\train\coniferous_pine_forest\coniferous_329.png
coniferous_33.jpg,coniferous_pine_forest,train,C:\Users\USER\Desktop\ai_dataset\forestry_dataset_splitted\train\coniferous_pine_forest\coniferous_33.jpg
coniferous_330.webp,coniferous_pine_forest,train,C:\Users\USER\Desktop\ai_dataset\forestry_dataset_splitted\train\coniferous_pine_forest\coniferous_330.webp
coniferous_331.jpg,coniferous_pine_forest,train,C:\Users\USER\Desktop\ai_dataset\forestry_dataset_splitted\train\coniferous_pine_forest\coniferous_331.jpg
coniferous_332.jpg,coniferous_pine_forest,train,C:\Users\USER\Desktop\ai_dataset\forestry_dataset_splitted\train\coniferous_pine_forest\coniferous_332.jpg
coniferous_333.webp,coniferous_pine_forest,train,C:\Users\USER\Desktop\ai_dataset\forestry_dataset_splitted\train\coniferous_pine_forest\coniferous_333.webp
coniferous_334.jpg,coniferous_pine_forest,train,C:\Users\USER\Desktop\ai_dataset\forestry_dataset_splitted\train\coniferous_pine_forest\coniferous_334.jpg
coniferous_335.webp,coniferous_pine_forest,train,C:\Users\USER\Desktop\ai_dataset\forestry_dataset_splitted\train\coniferous_pine_forest\coniferous_335.webp
coniferous_336.webp,coniferous_pine_forest,train,C:\Users\USER\Desktop\ai_dataset\forestry_dataset_splitted\train\coniferous_pine_forest\coniferous_336.webp
coniferous_337.jpg,coniferous_pine_forest,train,C:\Users\USER\Desktop\ai_dataset\forestry_dataset_splitted\train\coniferous_pine_forest\coniferous_337.jpg
coniferous_338.webp,coniferous_pine_forest,train,C:\Users\USER\Desktop\ai_dataset\forestry_dataset_splitted\train\coniferous_pine_forest\coniferous_338.webp
coniferous_339.webp,coniferous_pine_forest,train,C:\Users\USER\Desktop\ai_dataset\forestry_dataset_splitted\train\coniferous_pine_forest\coniferous_339.webp
coniferous_34.jpg,coniferous_pine_forest,train,C:\Users\USER\Desktop\ai_dataset\forestry_dataset_splitted\train\coniferous_pine_forest\coniferous_34.jpg
coniferous_340.jpg,coniferous_pine_forest,train,C:\Users\USER\Desktop\ai_dataset\forestry_dataset_splitted\train\coniferous_pine_forest\coniferous_340.jpg
coniferous_341.jpg,coniferous_pine_forest,train,C:\Users\USER\Desktop\ai_dataset\forestry_dataset_splitted\train\coniferous_pine_forest\coniferous_341.jpg
coniferous_342.webp,coniferous_pine_forest,train,C:\Users\USER\Desktop\ai_dataset\forestry_dataset_splitted\train\coniferous_pine_forest\coniferous_342.webp
coniferous_343.webp,coniferous_pine_forest,train,C:\Users\USER\Desktop\ai_dataset\forestry_dataset_splitted\train\coniferous_pine_forest\coniferous_343.webp
coniferous_344.jpg,coniferous_pine_forest,train,C:\Users\USER\Desktop\ai_dataset\forestry_dataset_splitted\train\coniferous_pine_forest\coniferous_344.jpg
coniferous_345.webp,coniferous_pine_forest,train,C:\Users\USER\Desktop\ai_dataset\forestry_dataset_splitted\train\coniferous_pine_forest\coniferous_345.webp
coniferous_346.webp,coniferous_pine_forest,train,C:\Users\USER\Desktop\ai_dataset\forestry_dataset_splitted\train\coniferous_pine_forest\coniferous_346.webp
coniferous_347.jpg,coniferous_pine_forest,train,C:\Users\USER\Desktop\ai_dataset\forestry_dataset_splitted\train\coniferous_pine_forest\coniferous_347.jpg
coniferous_348.webp,coniferous_pine_forest,train,C:\Users\USER\Desktop\ai_dataset\forestry_dataset_splitted\train\coniferous_pine_forest\coniferous_348.webp
coniferous_349.webp,coniferous_pine_forest,train,C:\Users\USER\Desktop\ai_dataset\forestry_dataset_splitted\train\coniferous_pine_forest\coniferous_349.webp
coniferous_35.jpg,coniferous_pine_forest,train,C:\Users\USER\Desktop\ai_dataset\forestry_dataset_splitted\train\coniferous_pine_forest\coniferous_35.jpg
coniferous_350.webp,coniferous_pine_forest,train,C:\Users\USER\Desktop\ai_dataset\forestry_dataset_splitted\train\coniferous_pine_forest\coniferous_350.webp
coniferous_351.webp,coniferous_pine_forest,train,C:\Users\USER\Desktop\ai_dataset\forestry_dataset_splitted\train\coniferous_pine_forest\coniferous_351.webp
coniferous_352.webp,coniferous_pine_forest,train,C:\Users\USER\Desktop\ai_dataset\forestry_dataset_splitted\train\coniferous_pine_forest\coniferous_352.webp
coniferous_353.jpg,coniferous_pine_forest,train,C:\Users\USER\Desktop\ai_dataset\forestry_dataset_splitted\train\coniferous_pine_forest\coniferous_353.jpg
coniferous_354.webp,coniferous_pine_forest,train,C:\Users\USER\Desktop\ai_dataset\forestry_dataset_splitted\train\coniferous_pine_forest\coniferous_354.webp
coniferous_355.jpg,coniferous_pine_forest,train,C:\Users\USER\Desktop\ai_dataset\forestry_dataset_splitted\train\coniferous_pine_forest\coniferous_355.jpg
coniferous_356.webp,coniferous_pine_forest,train,C:\Users\USER\Desktop\ai_dataset\forestry_dataset_splitted\train\coniferous_pine_forest\coniferous_356.webp
coniferous_357.jpg,coniferous_pine_forest,train,C:\Users\USER\Desktop\ai_dataset\forestry_dataset_splitted\train\coniferous_pine_forest\coniferous_357.jpg
coniferous_358.webp,coniferous_pine_forest,train,C:\Users\USER\Desktop\ai_dataset\forestry_dataset_splitted\train\coniferous_pine_forest\coniferous_358.webp
coniferous_359.webp,coniferous_pine_forest,train,C:\Users\USER\Desktop\ai_dataset\forestry_dataset_splitted\train\coniferous_pine_forest\coniferous_359.webp
coniferous_36.jpg,coniferous_pine_forest,train,C:\Users\USER\Desktop\ai_dataset\forestry_dataset_splitted\train\coniferous_pine_forest\coniferous_36.jpg
coniferous_360.webp,coniferous_pine_forest,train,C:\Users\USER\Desktop\ai_dataset\forestry_dataset_splitted\train\coniferous_pine_forest\coniferous_360.webp
coniferous_361.webp,coniferous_pine_forest,train,C:\Users\USER\Desktop\ai_dataset\forestry_dataset_splitted\train\coniferous_pine_forest\coniferous_361.webp
coniferous_362.webp,coniferous_pine_forest,train,C:\Users\USER\Desktop\ai_dataset\forestry_dataset_splitted\train\coniferous_pine_forest\coniferous_362.webp
coniferous_363.webp,coniferous_pine_forest,train,C:\Users\USER\Desktop\ai_dataset\forestry_dataset_splitted\train\coniferous_pine_forest\coniferous_363.webp
coniferous_364.webp,coniferous_pine_forest,train,C:\Users\USER\Desktop\ai_dataset\forestry_dataset_splitted\train\coniferous_pine_forest\coniferous_364.webp
coniferous_365.jpg,coniferous_pine_forest,train,C:\Users\USER\Desktop\ai_dataset\forestry_dataset_splitted\train\coniferous_pine_forest\coniferous_365.jpg
coniferous_366.jpg,coniferous_pine_forest,train,C:\Users\USER\Desktop\ai_dataset\forestry_dataset_splitted\train\coniferous_pine_forest\coniferous_366.jpg
coniferous_367.jpg,coniferous_pine_forest,train,C:\Users\USER\Desktop\ai_dataset\forestry_dataset_splitted\train\coniferous_pine_forest\coniferous_367.jpg
coniferous_368.webp,coniferous_pine_forest,train,C:\Users\USER\Desktop\ai_dataset\forestry_dataset_splitted\train\coniferous_pine_forest\coniferous_368.webp
coniferous_369.jpg,coniferous_pine_forest,train,C:\Users\USER\Desktop\ai_dataset\forestry_dataset_splitted\train\coniferous_pine_forest\coniferous_369.jpg
coniferous_37.jpg,coniferous_pine_forest,train,C:\Users\USER\Desktop\ai_dataset\forestry_dataset_splitted\train\coniferous_pine_forest\coniferous_37.jpg
coniferous_370.webp,coniferous_pine_forest,train,C:\Users\USER\Desktop\ai_dataset\forestry_dataset_splitted\train\coniferous_pine_forest\coniferous_370.webp
coniferous_371.jpg,coniferous_pine_forest,train,C:\Users\USER\Desktop\ai_dataset\forestry_dataset_splitted\train\coniferous_pine_forest\coniferous_371.jpg
coniferous_372.webp,coniferous_pine_forest,train,C:\Users\USER\Desktop\ai_dataset\forestry_dataset_splitted\train\coniferous_pine_forest\coniferous_372.webp
coniferous_373.webp,coniferous_pine_forest,train,C:\Users\USER\Desktop\ai_dataset\forestry_dataset_splitted\train\coniferous_pine_forest\coniferous_373.webp
coniferous_374.jpg,coniferous_pine_forest,train,C:\Users\USER\Desktop\ai_dataset\forestry_dataset_splitted\train\coniferous_pine_forest\coniferous_374.jpg
coniferous_375.webp,coniferous_pine_forest,train,C:\Users\USER\Desktop\ai_dataset\forestry_dataset_splitted\train\coniferous_pine_forest\coniferous_375.webp
coniferous_376.webp,coniferous_pine_forest,train,C:\Users\USER\Desktop\ai_dataset\forestry_dataset_splitted\train\coniferous_pine_forest\coniferous_376.webp
coniferous_377.jpg,coniferous_pine_forest,train,C:\Users\USER\Desktop\ai_dataset\forestry_dataset_splitted\train\coniferous_pine_forest\coniferous_377.jpg
coniferous_378.webp,coniferous_pine_forest,train,C:\Users\USER\Desktop\ai_dataset\forestry_dataset_splitted\train\coniferous_pine_forest\coniferous_378.webp
coniferous_379.jpg,coniferous_pine_forest,train,C:\Users\USER\Desktop\ai_dataset\forestry_dataset_splitted\train\coniferous_pine_forest\coniferous_379.jpg
coniferous_38.webp,coniferous_pine_forest,train,C:\Users\USER\Desktop\ai_dataset\forestry_dataset_splitted\train\coniferous_pine_forest\coniferous_38.webp
coniferous_380.webp,coniferous_pine_forest,train,C:\Users\USER\Desktop\ai_dataset\forestry_dataset_splitted\train\coniferous_pine_forest\coniferous_380.webp
coniferous_381.webp,coniferous_pine_forest,train,C:\Users\USER\Desktop\ai_dataset\forestry_dataset_splitted\train\coniferous_pine_forest\coniferous_381.webp
coniferous_382.webp,coniferous_pine_forest,train,C:\Users\USER\Desktop\ai_dataset\forestry_dataset_splitted\train\coniferous_pine_forest\coniferous_382.webp
coniferous_383.webp,coniferous_pine_forest,train,C:\Users\USER\Desktop\ai_dataset\forestry_dataset_splitted\train\coniferous_pine_forest\coniferous_383.webp
coniferous_384.jpg,coniferous_pine_forest,train,C:\Users\USER\Desktop\ai_dataset\forestry_dataset_splitted\train\coniferous_pine_forest\coniferous_384.jpg
coniferous_385.jpg,coniferous_pine_forest,train,C:\Users\USER\Desktop\ai_dataset\forestry_dataset_splitted\train\coniferous_pine_forest\coniferous_385.jpg
coniferous_386.jpg,coniferous_pine_forest,train,C:\Users\USER\Desktop\ai_dataset\forestry_dataset_splitted\train\coniferous_pine_forest\coniferous_386.jpg
coniferous_387.jpg,coniferous_pine_forest,train,C:\Users\USER\Desktop\ai_dataset\forestry_dataset_splitted\train\coniferous_pine_forest\coniferous_387.jpg
coniferous_388.webp,coniferous_pine_forest,train,C:\Users\USER\Desktop\ai_dataset\forestry_dataset_splitted\train\coniferous_pine_forest\coniferous_388.webp
coniferous_389.webp,coniferous_pine_forest,train,C:\Users\USER\Desktop\ai_dataset\forestry_dataset_splitted\train\coniferous_pine_forest\coniferous_389.webp
coniferous_39.jpg,coniferous_pine_forest,train,C:\Users\USER\Desktop\ai_dataset\forestry_dataset_splitted\train\coniferous_pine_forest\coniferous_39.jpg
coniferous_390.jpg,coniferous_pine_forest,train,C:\Users\USER\Desktop\ai_dataset\forestry_dataset_splitted\train\coniferous_pine_forest\coniferous_390.jpg
coniferous_391.jpg,coniferous_pine_forest,train,C:\Users\USER\Desktop\ai_dataset\forestry_dataset_splitted\train\coniferous_pine_forest\coniferous_391.jpg
coniferous_392.webp,coniferous_pine_forest,train,C:\Users\USER\Desktop\ai_dataset\forestry_dataset_splitted\train\coniferous_pine_forest\coniferous_392.webp
coniferous_393.webp,coniferous_pine_forest,train,C:\Users\USER\Desktop\ai_dataset\forestry_dataset_splitted\train\coniferous_pine_forest\coniferous_393.webp
coniferous_394.webp,coniferous_pine_forest,train,C:\Users\USER\Desktop\ai_dataset\forestry_dataset_splitted\train\coniferous_pine_forest\coniferous_394.webp
coniferous_395.jpg,coniferous_pine_forest,train,C:\Users\USER\Desktop\ai_dataset\forestry_dataset_splitted\train\coniferous_pine_forest\coniferous_395.jpg
coniferous_396.webp,coniferous_pine_forest,train,C:\Users\USER\Desktop\ai_dataset\forestry_dataset_splitted\train\coniferous_pine_forest\coniferous_396.webp
coniferous_397.webp,coniferous_pine_forest,train,C:\Users\USER\Desktop\ai_dataset\forestry_dataset_splitted\train\coniferous_pine_forest\coniferous_397.webp
coniferous_398.jpg,coniferous_pine_forest,train,C:\Users\USER\Desktop\ai_dataset\forestry_dataset_splitted\train\coniferous_pine_forest\coniferous_398.jpg
coniferous_399.webp,coniferous_pine_forest,train,C:\Users\USER\Desktop\ai_dataset\forestry_dataset_splitted\train\coniferous_pine_forest\coniferous_399.webp
coniferous_4.jpg,coniferous_pine_forest,train,C:\Users\USER\Desktop\ai_dataset\forestry_dataset_splitted\train\coniferous_pine_forest\coniferous_4.jpg
coniferous_40.jpg,coniferous_pine_forest,train,C:\Users\USER\Desktop\ai_dataset\forestry_dataset_splitted\train\coniferous_pine_forest\coniferous_40.jpg
coniferous_400.jpg,coniferous_pine_forest,train,C:\Users\USER\Desktop\ai_dataset\forestry_dataset_splitted\train\coniferous_pine_forest\coniferous_400.jpg
coniferous_401.webp,coniferous_pine_forest,train,C:\Users\USER\Desktop\ai_dataset\forestry_dataset_splitted\train\coniferous_pine_forest\coniferous_401.webp
coniferous_402.webp,coniferous_pine_forest,train,C:\Users\USER\Desktop\ai_dataset\forestry_dataset_splitted\train\coniferous_pine_forest\coniferous_402.webp
coniferous_403.jpg,coniferous_pine_forest,train,C:\Users\USER\Desktop\ai_dataset\forestry_dataset_splitted\train\coniferous_pine_forest\coniferous_403.jpg
coniferous_404.webp,coniferous_pine_forest,train,C:\Users\USER\Desktop\ai_dataset\forestry_dataset_splitted\train\coniferous_pine_forest\coniferous_404.webp
coniferous_405.webp,coniferous_pine_forest,train,C:\Users\USER\Desktop\ai_dataset\forestry_dataset_splitted\train\coniferous_pine_forest\coniferous_405.webp
coniferous_406.webp,coniferous_pine_forest,train,C:\Users\USER\Desktop\ai_dataset\forestry_dataset_splitted\train\coniferous_pine_forest\coniferous_406.webp
coniferous_407.jpg,coniferous_pine_forest,train,C:\Users\USER\Desktop\ai_dataset\forestry_dataset_splitted\train\coniferous_pine_forest\coniferous_407.jpg
coniferous_408.jpg,coniferous_pine_forest,train,C:\Users\USER\Desktop\ai_dataset\forestry_dataset_splitted\train\coniferous_pine_forest\coniferous_408.jpg
coniferous_409.jpg,coniferous_pine_forest,train,C:\Users\USER\Desktop\ai_dataset\forestry_dataset_splitted\train\coniferous_pine_forest\coniferous_409.jpg
coniferous_41.jpg,coniferous_pine_forest,train,C:\Users\USER\Desktop\ai_dataset\forestry_dataset_splitted\train\coniferous_pine_forest\coniferous_41.jpg
coniferous_410.webp,coniferous_pine_forest,train,C:\Users\USER\Desktop\ai_dataset\forestry_dataset_splitted\train\coniferous_pine_forest\coniferous_410.webp
coniferous_411.jpg,coniferous_pine_forest,train,C:\Users\USER\Desktop\ai_dataset\forestry_dataset_splitted\train\coniferous_pine_forest\coniferous_411.jpg
coniferous_412.webp,coniferous_pine_forest,train,C:\Users\USER\Desktop\ai_dataset\forestry_dataset_splitted\train\coniferous_pine_forest\coniferous_412.webp
coniferous_413.webp,coniferous_pine_forest,train,C:\Users\USER\Desktop\ai_dataset\forestry_dataset_splitted\train\coniferous_pine_forest\coniferous_413.webp
coniferous_414.webp,coniferous_pine_forest,train,C:\Users\USER\Desktop\ai_dataset\forestry_dataset_splitted\train\coniferous_pine_forest\coniferous_414.webp
coniferous_415.webp,coniferous_pine_forest,train,C:\Users\USER\Desktop\ai_dataset\forestry_dataset_splitted\train\coniferous_pine_forest\coniferous_415.webp
coniferous_416.jpg,coniferous_pine_forest,train,C:\Users\USER\Desktop\ai_dataset\forestry_dataset_splitted\train\coniferous_pine_forest\coniferous_416.jpg
coniferous_417.jpg,coniferous_pine_forest,train,C:\Users\USER\Desktop\ai_dataset\forestry_dataset_splitted\train\coniferous_pine_forest\coniferous_417.jpg
coniferous_418.webp,coniferous_pine_forest,train,C:\Users\USER\Desktop\ai_dataset\forestry_dataset_splitted\train\coniferous_pine_forest\coniferous_418.webp
coniferous_419.webp,coniferous_pine_forest,train,C:\Users\USER\Desktop\ai_dataset\forestry_dataset_splitted\train\coniferous_pine_forest\coniferous_419.webp
coniferous_42.jpg,coniferous_pine_forest,train,C:\Users\USER\Desktop\ai_dataset\forestry_dataset_splitted\train\coniferous_pine_forest\coniferous_42.jpg
coniferous_420.jpg,coniferous_pine_forest,train,C:\Users\USER\Desktop\ai_dataset\forestry_dataset_splitted\train\coniferous_pine_forest\coniferous_420.jpg
coniferous_421.jpg,coniferous_pine_forest,train,C:\Users\USER\Desktop\ai_dataset\forestry_dataset_splitted\train\coniferous_pine_forest\coniferous_421.jpg
coniferous_422.webp,coniferous_pine_forest,train,C:\Users\USER\Desktop\ai_dataset\forestry_dataset_splitted\train\coniferous_pine_forest\coniferous_422.webp
coniferous_423.png,coniferous_pine_forest,train,C:\Users\USER\Desktop\ai_dataset\forestry_dataset_splitted\train\coniferous_pine_forest\coniferous_423.png
coniferous_424.webp,coniferous_pine_forest,train,C:\Users\USER\Desktop\ai_dataset\forestry_dataset_splitted\train\coniferous_pine_forest\coniferous_424.webp
coniferous_425.webp,coniferous_pine_forest,train,C:\Users\USER\Desktop\ai_dataset\forestry_dataset_splitted\train\coniferous_pine_forest\coniferous_425.webp
coniferous_426.webp,coniferous_pine_forest,train,C:\Users\USER\Desktop\ai_dataset\forestry_dataset_splitted\train\coniferous_pine_forest\coniferous_426.webp
coniferous_427.webp,coniferous_pine_forest,train,C:\Users\USER\Desktop\ai_dataset\forestry_dataset_splitted\train\coniferous_pine_forest\coniferous_427.webp
coniferous_428.webp,coniferous_pine_forest,train,C:\Users\USER\Desktop\ai_dataset\forestry_dataset_splitted\train\coniferous_pine_forest\coniferous_428.webp
coniferous_429.webp,coniferous_pine_forest,train,C:\Users\USER\Desktop\ai_dataset\forestry_dataset_splitted\train\coniferous_pine_forest\coniferous_429.webp
coniferous_43.jpg,coniferous_pine_forest,train,C:\Users\USER\Desktop\ai_dataset\forestry_dataset_splitted\train\coniferous_pine_forest\coniferous_43.jpg
coniferous_430.jpg,coniferous_pine_forest,train,C:\Users\USER\Desktop\ai_dataset\forestry_dataset_splitted\train\coniferous_pine_forest\coniferous_430.jpg
coniferous_431.webp,coniferous_pine_forest,train,C:\Users\USER\Desktop\ai_dataset\forestry_dataset_splitted\train\coniferous_pine_forest\coniferous_431.webp
coniferous_432.webp,coniferous_pine_forest,train,C:\Users\USER\Desktop\ai_dataset\forestry_dataset_splitted\train\coniferous_pine_forest\coniferous_432.webp
coniferous_433.jpg,coniferous_pine_forest,train,C:\Users\USER\Desktop\ai_dataset\forestry_dataset_splitted\train\coniferous_pine_forest\coniferous_433.jpg
coniferous_434.jpg,coniferous_pine_forest,train,C:\Users\USER\Desktop\ai_dataset\forestry_dataset_splitted\train\coniferous_pine_forest\coniferous_434.jpg
coniferous_435.webp,coniferous_pine_forest,train,C:\Users\USER\Desktop\ai_dataset\forestry_dataset_splitted\train\coniferous_pine_forest\coniferous_435.webp
coniferous_436.jpg,coniferous_pine_forest,train,C:\Users\USER\Desktop\ai_dataset\forestry_dataset_splitted\train\coniferous_pine_forest\coniferous_436.jpg
coniferous_437.webp,coniferous_pine_forest,train,C:\Users\USER\Desktop\ai_dataset\forestry_dataset_splitted\train\coniferous_pine_forest\coniferous_437.webp
coniferous_438.webp,coniferous_pine_forest,train,C:\Users\USER\Desktop\ai_dataset\forestry_dataset_splitted\train\coniferous_pine_forest\coniferous_438.webp
coniferous_439.webp,coniferous_pine_forest,train,C:\Users\USER\Desktop\ai_dataset\forestry_dataset_splitted\train\coniferous_pine_forest\coniferous_439.webp
coniferous_44.jpg,coniferous_pine_forest,train,C:\Users\USER\Desktop\ai_dataset\forestry_dataset_splitted\train\coniferous_pine_forest\coniferous_44.jpg
coniferous_440.webp,coniferous_pine_forest,train,C:\Users\USER\Desktop\ai_dataset\forestry_dataset_splitted\train\coniferous_pine_forest\coniferous_440.webp
coniferous_441.webp,coniferous_pine_forest,train,C:\Users\USER\Desktop\ai_dataset\forestry_dataset_splitted\train\coniferous_pine_forest\coniferous_441.webp
coniferous_442.webp,coniferous_pine_forest,train,C:\Users\USER\Desktop\ai_dataset\forestry_dataset_splitted\train\coniferous_pine_forest\coniferous_442.webp
coniferous_443.webp,coniferous_pine_forest,train,C:\Users\USER\Desktop\ai_dataset\forestry_dataset_splitted\train\coniferous_pine_forest\coniferous_443.webp
coniferous_444.jpg,coniferous_pine_forest,train,C:\Users\USER\Desktop\ai_dataset\forestry_dataset_splitted\train\coniferous_pine_forest\coniferous_444.jpg
coniferous_445.webp,coniferous_pine_forest,train,C:\Users\USER\Desktop\ai_dataset\forestry_dataset_splitted\train\coniferous_pine_forest\coniferous_445.webp
coniferous_446.webp,coniferous_pine_forest,train,C:\Users\USER\Desktop\ai_dataset\forestry_dataset_splitted\train\coniferous_pine_forest\coniferous_446.webp
coniferous_447.webp,coniferous_pine_forest,train,C:\Users\USER\Desktop\ai_dataset\forestry_dataset_splitted\train\coniferous_pine_forest\coniferous_447.webp
coniferous_448.webp,coniferous_pine_forest,train,C:\Users\USER\Desktop\ai_dataset\forestry_dataset_splitted\train\coniferous_pine_forest\coniferous_448.webp
coniferous_449.webp,coniferous_pine_forest,train,C:\Users\USER\Desktop\ai_dataset\forestry_dataset_splitted\train\coniferous_pine_forest\coniferous_449.webp
coniferous_45.jpg,coniferous_pine_forest,train,C:\Users\USER\Desktop\ai_dataset\forestry_dataset_splitted\train\coniferous_pine_forest\coniferous_45.jpg
coniferous_450.webp,coniferous_pine_forest,train,C:\Users\USER\Desktop\ai_dataset\forestry_dataset_splitted\train\coniferous_pine_forest\coniferous_450.webp
coniferous_451.webp,coniferous_pine_forest,train,C:\Users\USER\Desktop\ai_dataset\forestry_dataset_splitted\train\coniferous_pine_forest\coniferous_451.webp
coniferous_452.webp,coniferous_pine_forest,train,C:\Users\USER\Desktop\ai_dataset\forestry_dataset_splitted\train\coniferous_pine_forest\coniferous_452.webp
coniferous_453.webp,coniferous_pine_forest,train,C:\Users\USER\Desktop\ai_dataset\forestry_dataset_splitted\train\coniferous_pine_forest\coniferous_453.webp
coniferous_454.webp,coniferous_pine_forest,train,C:\Users\USER\Desktop\ai_dataset\forestry_dataset_splitted\train\coniferous_pine_forest\coniferous_454.webp
coniferous_455.webp,coniferous_pine_forest,train,C:\Users\USER\Desktop\ai_dataset\forestry_dataset_splitted\train\coniferous_pine_forest\coniferous_455.webp
coniferous_456.webp,coniferous_pine_forest,train,C:\Users\USER\Desktop\ai_dataset\forestry_dataset_splitted\train\coniferous_pine_forest\coniferous_456.webp
coniferous_457.jpg,coniferous_pine_forest,train,C:\Users\USER\Desktop\ai_dataset\forestry_dataset_splitted\train\coniferous_pine_forest\coniferous_457.jpg
coniferous_458.webp,coniferous_pine_forest,train,C:\Users\USER\Desktop\ai_dataset\forestry_dataset_splitted\train\coniferous_pine_forest\coniferous_458.webp
coniferous_459.webp,coniferous_pine_forest,train,C:\Users\USER\Desktop\ai_dataset\forestry_dataset_splitted\train\coniferous_pine_forest\coniferous_459.webp
coniferous_46.jpg,coniferous_pine_forest,train,C:\Users\USER\Desktop\ai_dataset\forestry_dataset_splitted\train\coniferous_pine_forest\coniferous_46.jpg
coniferous_460.webp,coniferous_pine_forest,train,C:\Users\USER\Desktop\ai_dataset\forestry_dataset_splitted\train\coniferous_pine_forest\coniferous_460.webp
coniferous_461.webp,coniferous_pine_forest,train,C:\Users\USER\Desktop\ai_dataset\forestry_dataset_splitted\train\coniferous_pine_forest\coniferous_461.webp
coniferous_462.webp,coniferous_pine_forest,train,C:\Users\USER\Desktop\ai_dataset\forestry_dataset_splitted\train\coniferous_pine_forest\coniferous_462.webp
coniferous_463.jpg,coniferous_pine_forest,train,C:\Users\USER\Desktop\ai_dataset\forestry_dataset_splitted\train\coniferous_pine_forest\coniferous_463.jpg
coniferous_464.webp,coniferous_pine_forest,train,C:\Users\USER\Desktop\ai_dataset\forestry_dataset_splitted\train\coniferous_pine_forest\coniferous_464.webp
coniferous_465.webp,coniferous_pine_forest,train,C:\Users\USER\Desktop\ai_dataset\forestry_dataset_splitted\train\coniferous_pine_forest\coniferous_465.webp
coniferous_466.webp,coniferous_pine_forest,train,C:\Users\USER\Desktop\ai_dataset\forestry_dataset_splitted\train\coniferous_pine_forest\coniferous_466.webp
coniferous_467.webp,coniferous_pine_forest,train,C:\Users\USER\Desktop\ai_dataset\forestry_dataset_splitted\train\coniferous_pine_forest\coniferous_467.webp
coniferous_468.webp,coniferous_pine_forest,train,C:\Users\USER\Desktop\ai_dataset\forestry_dataset_splitted\train\coniferous_pine_forest\coniferous_468.webp
coniferous_469.jpg,coniferous_pine_forest,train,C:\Users\USER\Desktop\ai_dataset\forestry_dataset_splitted\train\coniferous_pine_forest\coniferous_469.jpg
coniferous_47.jpg,coniferous_pine_forest,train,C:\Users\USER\Desktop\ai_dataset\forestry_dataset_splitted\train\coniferous_pine_forest\coniferous_47.jpg
coniferous_470.webp,coniferous_pine_forest,train,C:\Users\USER\Desktop\ai_dataset\forestry_dataset_splitted\train\coniferous_pine_forest\coniferous_470.webp
coniferous_471.jpg,coniferous_pine_forest,train,C:\Users\USER\Desktop\ai_dataset\forestry_dataset_splitted\train\coniferous_pine_forest\coniferous_471.jpg
coniferous_472.webp,coniferous_pine_forest,train,C:\Users\USER\Desktop\ai_dataset\forestry_dataset_splitted\train\coniferous_pine_forest\coniferous_472.webp
coniferous_473.webp,coniferous_pine_forest,train,C:\Users\USER\Desktop\ai_dataset\forestry_dataset_splitted\train\coniferous_pine_forest\coniferous_473.webp
coniferous_474.webp,coniferous_pine_forest,train,C:\Users\USER\Desktop\ai_dataset\forestry_dataset_splitted\train\coniferous_pine_forest\coniferous_474.webp
coniferous_475.webp,coniferous_pine_forest,train,C:\Users\USER\Desktop\ai_dataset\forestry_dataset_splitted\train\coniferous_pine_forest\coniferous_475.webp
coniferous_476.webp,coniferous_pine_forest,train,C:\Users\USER\Desktop\ai_dataset\forestry_dataset_splitted\train\coniferous_pine_forest\coniferous_476.webp
coniferous_477.webp,coniferous_pine_forest,train,C:\Users\USER\Desktop\ai_dataset\forestry_dataset_splitted\train\coniferous_pine_forest\coniferous_477.webp
coniferous_478.jpg,coniferous_pine_forest,train,C:\Users\USER\Desktop\ai_dataset\forestry_dataset_splitted\train\coniferous_pine_forest\coniferous_478.jpg
coniferous_479.webp,coniferous_pine_forest,train,C:\Users\USER\Desktop\ai_dataset\forestry_dataset_splitted\train\coniferous_pine_forest\coniferous_479.webp
coniferous_48.jpg,coniferous_pine_forest,train,C:\Users\USER\Desktop\ai_dataset\forestry_dataset_splitted\train\coniferous_pine_forest\coniferous_48.jpg
coniferous_480.webp,coniferous_pine_forest,train,C:\Users\USER\Desktop\ai_dataset\forestry_dataset_splitted\train\coniferous_pine_forest\coniferous_480.webp
coniferous_481.webp,coniferous_pine_forest,train,C:\Users\USER\Desktop\ai_dataset\forestry_dataset_splitted\train\coniferous_pine_forest\coniferous_481.webp
coniferous_482.webp,coniferous_pine_forest,train,C:\Users\USER\Desktop\ai_dataset\forestry_dataset_splitted\train\coniferous_pine_forest\coniferous_482.webp
coniferous_483.webp,coniferous_pine_forest,train,C:\Users\USER\Desktop\ai_dataset\forestry_dataset_splitted\train\coniferous_pine_forest\coniferous_483.webp
coniferous_484.webp,coniferous_pine_forest,train,C:\Users\USER\Desktop\ai_dataset\forestry_dataset_splitted\train\coniferous_pine_forest\coniferous_484.webp
coniferous_485.webp,coniferous_pine_forest,train,C:\Users\USER\Desktop\ai_dataset\forestry_dataset_splitted\train\coniferous_pine_forest\coniferous_485.webp
coniferous_486.webp,coniferous_pine_forest,train,C:\Users\USER\Desktop\ai_dataset\forestry_dataset_splitted\train\coniferous_pine_forest\coniferous_486.webp
coniferous_487.webp,coniferous_pine_forest,train,C:\Users\USER\Desktop\ai_dataset\forestry_dataset_splitted\train\coniferous_pine_forest\coniferous_487.webp
coniferous_488.webp,coniferous_pine_forest,train,C:\Users\USER\Desktop\ai_dataset\forestry_dataset_splitted\train\coniferous_pine_forest\coniferous_488.webp
coniferous_489.webp,coniferous_pine_forest,train,C:\Users\USER\Desktop\ai_dataset\forestry_dataset_splitted\train\coniferous_pine_forest\coniferous_489.webp
coniferous_49.jpg,coniferous_pine_forest,train,C:\Users\USER\Desktop\ai_dataset\forestry_dataset_splitted\train\coniferous_pine_forest\coniferous_49.jpg
coniferous_490.jpg,coniferous_pine_forest,train,C:\Users\USER\Desktop\ai_dataset\forestry_dataset_splitted\train\coniferous_pine_forest\coniferous_490.jpg
coniferous_491.jpg,coniferous_pine_forest,train,C:\Users\USER\Desktop\ai_dataset\forestry_dataset_splitted\train\coniferous_pine_forest\coniferous_491.jpg
coniferous_492.webp,coniferous_pine_forest,train,C:\Users\USER\Desktop\ai_dataset\forestry_dataset_splitted\train\coniferous_pine_forest\coniferous_492.webp
coniferous_493.webp,coniferous_pine_forest,train,C:\Users\USER\Desktop\ai_dataset\forestry_dataset_splitted\train\coniferous_pine_forest\coniferous_493.webp
coniferous_494.webp,coniferous_pine_forest,train,C:\Users\USER\Desktop\ai_dataset\forestry_dataset_splitted\train\coniferous_pine_forest\coniferous_494.webp
coniferous_495.webp,coniferous_pine_forest,train,C:\Users\USER\Desktop\ai_dataset\forestry_dataset_splitted\train\coniferous_pine_forest\coniferous_495.webp
coniferous_496.webp,coniferous_pine_forest,train,C:\Users\USER\Desktop\ai_dataset\forestry_dataset_splitted\train\coniferous_pine_forest\coniferous_496.webp
coniferous_497.webp,coniferous_pine_forest,train,C:\Users\USER\Desktop\ai_dataset\forestry_dataset_splitted\train\coniferous_pine_forest\coniferous_497.webp
coniferous_498.webp,coniferous_pine_forest,train,C:\Users\USER\Desktop\ai_dataset\forestry_dataset_splitted\train\coniferous_pine_forest\coniferous_498.webp
coniferous_499.jpg,coniferous_pine_forest,train,C:\Users\USER\Desktop\ai_dataset\forestry_dataset_splitted\train\coniferous_pine_forest\coniferous_499.jpg
coniferous_5.jpg,coniferous_pine_forest,train,C:\Users\USER\Desktop\ai_dataset\forestry_dataset_splitted\train\coniferous_pine_forest\coniferous_5.jpg
coniferous_50.jpg,coniferous_pine_forest,train,C:\Users\USER\Desktop\ai_dataset\forestry_dataset_splitted\train\coniferous_pine_forest\coniferous_50.jpg
coniferous_500.webp,coniferous_pine_forest,train,C:\Users\USER\Desktop\ai_dataset\forestry_dataset_splitted\train\coniferous_pine_forest\coniferous_500.webp
coniferous_501.webp,coniferous_pine_forest,train,C:\Users\USER\Desktop\ai_dataset\forestry_dataset_splitted\train\coniferous_pine_forest\coniferous_501.webp
coniferous_502.webp,coniferous_pine_forest,train,C:\Users\USER\Desktop\ai_dataset\forestry_dataset_splitted\train\coniferous_pine_forest\coniferous_502.webp
coniferous_503.webp,coniferous_pine_forest,train,C:\Users\USER\Desktop\ai_dataset\forestry_dataset_splitted\train\coniferous_pine_forest\coniferous_503.webp
coniferous_504.webp,coniferous_pine_forest,train,C:\Users\USER\Desktop\ai_dataset\forestry_dataset_splitted\train\coniferous_pine_forest\coniferous_504.webp
coniferous_505.webp,coniferous_pine_forest,train,C:\Users\USER\Desktop\ai_dataset\forestry_dataset_splitted\train\coniferous_pine_forest\coniferous_505.webp
coniferous_506.webp,coniferous_pine_forest,train,C:\Users\USER\Desktop\ai_dataset\forestry_dataset_splitted\train\coniferous_pine_forest\coniferous_506.webp
coniferous_507.webp,coniferous_pine_forest,train,C:\Users\USER\Desktop\ai_dataset\forestry_dataset_splitted\train\coniferous_pine_forest\coniferous_507.webp
coniferous_508.webp,coniferous_pine_forest,train,C:\Users\USER\Desktop\ai_dataset\forestry_dataset_splitted\train\coniferous_pine_forest\coniferous_508.webp
coniferous_509.jpg,coniferous_pine_forest,train,C:\Users\USER\Desktop\ai_dataset\forestry_dataset_splitted\train\coniferous_pine_forest\coniferous_509.jpg
coniferous_51.jpg,coniferous_pine_forest,train,C:\Users\USER\Desktop\ai_dataset\forestry_dataset_splitted\train\coniferous_pine_forest\coniferous_51.jpg
coniferous_510.jpg,coniferous_pine_forest,train,C:\Users\USER\Desktop\ai_dataset\forestry_dataset_splitted\train\coniferous_pine_forest\coniferous_510.jpg
coniferous_511.webp,coniferous_pine_forest,train,C:\Users\USER\Desktop\ai_dataset\forestry_dataset_splitted\train\coniferous_pine_forest\coniferous_511.webp
coniferous_512.webp,coniferous_pine_forest,train,C:\Users\USER\Desktop\ai_dataset\forestry_dataset_splitted\train\coniferous_pine_forest\coniferous_512.webp
coniferous_513.webp,coniferous_pine_forest,train,C:\Users\USER\Desktop\ai_dataset\forestry_dataset_splitted\train\coniferous_pine_forest\coniferous_513.webp
coniferous_514.webp,coniferous_pine_forest,train,C:\Users\USER\Desktop\ai_dataset\forestry_dataset_splitted\train\coniferous_pine_forest\coniferous_514.webp
coniferous_515.webp,coniferous_pine_forest,train,C:\Users\USER\Desktop\ai_dataset\forestry_dataset_splitted\train\coniferous_pine_forest\coniferous_515.webp
coniferous_516.jpg,coniferous_pine_forest,train,C:\Users\USER\Desktop\ai_dataset\forestry_dataset_splitted\train\coniferous_pine_forest\coniferous_516.jpg
coniferous_517.webp,coniferous_pine_forest,train,C:\Users\USER\Desktop\ai_dataset\forestry_dataset_splitted\train\coniferous_pine_forest\coniferous_517.webp
coniferous_518.webp,coniferous_pine_forest,train,C:\Users\USER\Desktop\ai_dataset\forestry_dataset_splitted\train\coniferous_pine_forest\coniferous_518.webp
coniferous_519.webp,coniferous_pine_forest,train,C:\Users\USER\Desktop\ai_dataset\forestry_dataset_splitted\train\coniferous_pine_forest\coniferous_519.webp
coniferous_52.webp,coniferous_pine_forest,train,C:\Users\USER\Desktop\ai_dataset\forestry_dataset_splitted\train\coniferous_pine_forest\coniferous_52.webp
coniferous_520.webp,coniferous_pine_forest,train,C:\Users\USER\Desktop\ai_dataset\forestry_dataset_splitted\train\coniferous_pine_forest\coniferous_520.webp
coniferous_521.jpg,coniferous_pine_forest,train,C:\Users\USER\Desktop\ai_dataset\forestry_dataset_splitted\train\coniferous_pine_forest\coniferous_521.jpg
coniferous_522.webp,coniferous_pine_forest,train,C:\Users\USER\Desktop\ai_dataset\forestry_dataset_splitted\train\coniferous_pine_forest\coniferous_522.webp
coniferous_523.webp,coniferous_pine_forest,train,C:\Users\USER\Desktop\ai_dataset\forestry_dataset_splitted\train\coniferous_pine_forest\coniferous_523.webp
coniferous_524.webp,coniferous_pine_forest,train,C:\Users\USER\Desktop\ai_dataset\forestry_dataset_splitted\train\coniferous_pine_forest\coniferous_524.webp
coniferous_525.jpg,coniferous_pine_forest,train,C:\Users\USER\Desktop\ai_dataset\forestry_dataset_splitted\train\coniferous_pine_forest\coniferous_525.jpg
coniferous_526.jpg,coniferous_pine_forest,train,C:\Users\USER\Desktop\ai_dataset\forestry_dataset_splitted\train\coniferous_pine_forest\coniferous_526.jpg
coniferous_527.webp,coniferous_pine_forest,train,C:\Users\USER\Desktop\ai_dataset\forestry_dataset_splitted\train\coniferous_pine_forest\coniferous_527.webp
coniferous_528.webp,coniferous_pine_forest,train,C:\Users\USER\Desktop\ai_dataset\forestry_dataset_splitted\train\coniferous_pine_forest\coniferous_528.webp
coniferous_529.webp,coniferous_pine_forest,train,C:\Users\USER\Desktop\ai_dataset\forestry_dataset_splitted\train\coniferous_pine_forest\coniferous_529.webp
coniferous_53.jpg,coniferous_pine_forest,train,C:\Users\USER\Desktop\ai_dataset\forestry_dataset_splitted\train\coniferous_pine_forest\coniferous_53.jpg
coniferous_530.webp,coniferous_pine_forest,train,C:\Users\USER\Desktop\ai_dataset\forestry_dataset_splitted\train\coniferous_pine_forest\coniferous_530.webp
coniferous_531.jpg,coniferous_pine_forest,train,C:\Users\USER\Desktop\ai_dataset\forestry_dataset_splitted\train\coniferous_pine_forest\coniferous_531.jpg
coniferous_532.webp,coniferous_pine_forest,train,C:\Users\USER\Desktop\ai_dataset\forestry_dataset_splitted\train\coniferous_pine_forest\coniferous_532.webp
coniferous_533.jpg,coniferous_pine_forest,train,C:\Users\USER\Desktop\ai_dataset\forestry_dataset_splitted\train\coniferous_pine_forest\coniferous_533.jpg
coniferous_534.webp,coniferous_pine_forest,train,C:\Users\USER\Desktop\ai_dataset\forestry_dataset_splitted\train\coniferous_pine_forest\coniferous_534.webp
coniferous_535.webp,coniferous_pine_forest,train,C:\Users\USER\Desktop\ai_dataset\forestry_dataset_splitted\train\coniferous_pine_forest\coniferous_535.webp
coniferous_536.webp,coniferous_pine_forest,train,C:\Users\USER\Desktop\ai_dataset\forestry_dataset_splitted\train\coniferous_pine_forest\coniferous_536.webp
coniferous_537.webp,coniferous_pine_forest,train,C:\Users\USER\Desktop\ai_dataset\forestry_dataset_splitted\train\coniferous_pine_forest\coniferous_537.webp
coniferous_538.webp,coniferous_pine_forest,train,C:\Users\USER\Desktop\ai_dataset\forestry_dataset_splitted\train\coniferous_pine_forest\coniferous_538.webp
coniferous_539.webp,coniferous_pine_forest,train,C:\Users\USER\Desktop\ai_dataset\forestry_dataset_splitted\train\coniferous_pine_forest\coniferous_539.webp
coniferous_54.webp,coniferous_pine_forest,train,C:\Users\USER\Desktop\ai_dataset\forestry_dataset_splitted\train\coniferous_pine_forest\coniferous_54.webp
coniferous_540.webp,coniferous_pine_forest,train,C:\Users\USER\Desktop\ai_dataset\forestry_dataset_splitted\train\coniferous_pine_forest\coniferous_540.webp
coniferous_541.webp,coniferous_pine_forest,train,C:\Users\USER\Desktop\ai_dataset\forestry_dataset_splitted\train\coniferous_pine_forest\coniferous_541.webp
coniferous_542.jpg,coniferous_pine_forest,train,C:\Users\USER\Desktop\ai_dataset\forestry_dataset_splitted\train\coniferous_pine_forest\coniferous_542.jpg
coniferous_543.webp,coniferous_pine_forest,train,C:\Users\USER\Desktop\ai_dataset\forestry_dataset_splitted\train\coniferous_pine_forest\coniferous_543.webp
coniferous_544.webp,coniferous_pine_forest,train,C:\Users\USER\Desktop\ai_dataset\forestry_dataset_splitted\train\coniferous_pine_forest\coniferous_544.webp
coniferous_545.jpg,coniferous_pine_forest,train,C:\Users\USER\Desktop\ai_dataset\forestry_dataset_splitted\train\coniferous_pine_forest\coniferous_545.jpg
coniferous_546.webp,coniferous_pine_forest,train,C:\Users\USER\Desktop\ai_dataset\forestry_dataset_splitted\train\coniferous_pine_forest\coniferous_546.webp
coniferous_547.webp,coniferous_pine_forest,train,C:\Users\USER\Desktop\ai_dataset\forestry_dataset_splitted\train\coniferous_pine_forest\coniferous_547.webp
coniferous_548.webp,coniferous_pine_forest,train,C:\Users\USER\Desktop\ai_dataset\forestry_dataset_splitted\train\coniferous_pine_forest\coniferous_548.webp
coniferous_549.webp,coniferous_pine_forest,train,C:\Users\USER\Desktop\ai_dataset\forestry_dataset_splitted\train\coniferous_pine_forest\coniferous_549.webp
coniferous_55.jpg,coniferous_pine_forest,train,C:\Users\USER\Desktop\ai_dataset\forestry_dataset_splitted\train\coniferous_pine_forest\coniferous_55.jpg
coniferous_550.webp,coniferous_pine_forest,train,C:\Users\USER\Desktop\ai_dataset\forestry_dataset_splitted\train\coniferous_pine_forest\coniferous_550.webp
coniferous_551.webp,coniferous_pine_forest,train,C:\Users\USER\Desktop\ai_dataset\forestry_dataset_splitted\train\coniferous_pine_forest\coniferous_551.webp
coniferous_552.webp,coniferous_pine_forest,train,C:\Users\USER\Desktop\ai_dataset\forestry_dataset_splitted\train\coniferous_pine_forest\coniferous_552.webp
coniferous_553.webp,coniferous_pine_forest,train,C:\Users\USER\Desktop\ai_dataset\forestry_dataset_splitted\train\coniferous_pine_forest\coniferous_553.webp
coniferous_554.webp,coniferous_pine_forest,train,C:\Users\USER\Desktop\ai_dataset\forestry_dataset_splitted\train\coniferous_pine_forest\coniferous_554.webp
coniferous_555.webp,coniferous_pine_forest,train,C:\Users\USER\Desktop\ai_dataset\forestry_dataset_splitted\train\coniferous_pine_forest\coniferous_555.webp
coniferous_556.webp,coniferous_pine_forest,train,C:\Users\USER\Desktop\ai_dataset\forestry_dataset_splitted\train\coniferous_pine_forest\coniferous_556.webp
coniferous_557.webp,coniferous_pine_forest,train,C:\Users\USER\Desktop\ai_dataset\forestry_dataset_splitted\train\coniferous_pine_forest\coniferous_557.webp
coniferous_558.webp,coniferous_pine_forest,train,C:\Users\USER\Desktop\ai_dataset\forestry_dataset_splitted\train\coniferous_pine_forest\coniferous_558.webp
coniferous_559.webp,coniferous_pine_forest,train,C:\Users\USER\Desktop\ai_dataset\forestry_dataset_splitted\train\coniferous_pine_forest\coniferous_559.webp
coniferous_56.webp,coniferous_pine_forest,train,C:\Users\USER\Desktop\ai_dataset\forestry_dataset_splitted\train\coniferous_pine_forest\coniferous_56.webp
coniferous_560.webp,coniferous_pine_forest,train,C:\Users\USER\Desktop\ai_dataset\forestry_dataset_splitted\train\coniferous_pine_forest\coniferous_560.webp
coniferous_561.webp,coniferous_pine_forest,train,C:\Users\USER\Desktop\ai_dataset\forestry_dataset_splitted\train\coniferous_pine_forest\coniferous_561.webp
coniferous_562.jpg,coniferous_pine_forest,train,C:\Users\USER\Desktop\ai_dataset\forestry_dataset_splitted\train\coniferous_pine_forest\coniferous_562.jpg
coniferous_563.webp,coniferous_pine_forest,train,C:\Users\USER\Desktop\ai_dataset\forestry_dataset_splitted\train\coniferous_pine_forest\coniferous_563.webp
coniferous_564.webp,coniferous_pine_forest,train,C:\Users\USER\Desktop\ai_dataset\forestry_dataset_splitted\train\coniferous_pine_forest\coniferous_564.webp
coniferous_565.webp,coniferous_pine_forest,train,C:\Users\USER\Desktop\ai_dataset\forestry_dataset_splitted\train\coniferous_pine_forest\coniferous_565.webp
coniferous_566.webp,coniferous_pine_forest,train,C:\Users\USER\Desktop\ai_dataset\forestry_dataset_splitted\train\coniferous_pine_forest\coniferous_566.webp
coniferous_567.webp,coniferous_pine_forest,train,C:\Users\USER\Desktop\ai_dataset\forestry_dataset_splitted\train\coniferous_pine_forest\coniferous_567.webp
coniferous_568.webp,coniferous_pine_forest,train,C:\Users\USER\Desktop\ai_dataset\forestry_dataset_splitted\train\coniferous_pine_forest\coniferous_568.webp
coniferous_569.webp,coniferous_pine_forest,train,C:\Users\USER\Desktop\ai_dataset\forestry_dataset_splitted\train\coniferous_pine_forest\coniferous_569.webp
coniferous_57.png,coniferous_pine_forest,train,C:\Users\USER\Desktop\ai_dataset\forestry_dataset_splitted\train\coniferous_pine_forest\coniferous_57.png
coniferous_570.webp,coniferous_pine_forest,train,C:\Users\USER\Desktop\ai_dataset\forestry_dataset_splitted\train\coniferous_pine_forest\coniferous_570.webp
coniferous_571.webp,coniferous_pine_forest,train,C:\Users\USER\Desktop\ai_dataset\forestry_dataset_splitted\train\coniferous_pine_forest\coniferous_571.webp
coniferous_572.webp,coniferous_pine_forest,train,C:\Users\USER\Desktop\ai_dataset\forestry_dataset_splitted\train\coniferous_pine_forest\coniferous_572.webp
coniferous_573.webp,coniferous_pine_forest,train,C:\Users\USER\Desktop\ai_dataset\forestry_dataset_splitted\train\coniferous_pine_forest\coniferous_573.webp
coniferous_574.webp,coniferous_pine_forest,train,C:\Users\USER\Desktop\ai_dataset\forestry_dataset_splitted\train\coniferous_pine_forest\coniferous_574.webp
coniferous_575.webp,coniferous_pine_forest,train,C:\Users\USER\Desktop\ai_dataset\forestry_dataset_splitted\train\coniferous_pine_forest\coniferous_575.webp
coniferous_576.webp,coniferous_pine_forest,train,C:\Users\USER\Desktop\ai_dataset\forestry_dataset_splitted\train\coniferous_pine_forest\coniferous_576.webp
coniferous_577.webp,coniferous_pine_forest,train,C:\Users\USER\Desktop\ai_dataset\forestry_dataset_splitted\train\coniferous_pine_forest\coniferous_577.webp
coniferous_578.webp,coniferous_pine_forest,train,C:\Users\USER\Desktop\ai_dataset\forestry_dataset_splitted\train\coniferous_pine_forest\coniferous_578.webp
coniferous_579.webp,coniferous_pine_forest,train,C:\Users\USER\Desktop\ai_dataset\forestry_dataset_splitted\train\coniferous_pine_forest\coniferous_579.webp
coniferous_58.jpg,coniferous_pine_forest,train,C:\Users\USER\Desktop\ai_dataset\forestry_dataset_splitted\train\coniferous_pine_forest\coniferous_58.jpg
coniferous_580.webp,coniferous_pine_forest,train,C:\Users\USER\Desktop\ai_dataset\forestry_dataset_splitted\train\coniferous_pine_forest\coniferous_580.webp
coniferous_581.webp,coniferous_pine_forest,train,C:\Users\USER\Desktop\ai_dataset\forestry_dataset_splitted\train\coniferous_pine_forest\coniferous_581.webp
coniferous_582.webp,coniferous_pine_forest,train,C:\Users\USER\Desktop\ai_dataset\forestry_dataset_splitted\train\coniferous_pine_forest\coniferous_582.webp
coniferous_583.webp,coniferous_pine_forest,train,C:\Users\USER\Desktop\ai_dataset\forestry_dataset_splitted\train\coniferous_pine_forest\coniferous_583.webp
coniferous_584.jpg,coniferous_pine_forest,train,C:\Users\USER\Desktop\ai_dataset\forestry_dataset_splitted\train\coniferous_pine_forest\coniferous_584.jpg
coniferous_585.webp,coniferous_pine_forest,train,C:\Users\USER\Desktop\ai_dataset\forestry_dataset_splitted\train\coniferous_pine_forest\coniferous_585.webp
coniferous_586.jpg,coniferous_pine_forest,train,C:\Users\USER\Desktop\ai_dataset\forestry_dataset_splitted\train\coniferous_pine_forest\coniferous_586.jpg
coniferous_587.webp,coniferous_pine_forest,train,C:\Users\USER\Desktop\ai_dataset\forestry_dataset_splitted\train\coniferous_pine_forest\coniferous_587.webp
coniferous_588.webp,coniferous_pine_forest,train,C:\Users\USER\Desktop\ai_dataset\forestry_dataset_splitted\train\coniferous_pine_forest\coniferous_588.webp
coniferous_589.webp,coniferous_pine_forest,train,C:\Users\USER\Desktop\ai_dataset\forestry_dataset_splitted\train\coniferous_pine_forest\coniferous_589.webp
coniferous_59.jpg,coniferous_pine_forest,train,C:\Users\USER\Desktop\ai_dataset\forestry_dataset_splitted\train\coniferous_pine_forest\coniferous_59.jpg
coniferous_590.jpg,coniferous_pine_forest,train,C:\Users\USER\Desktop\ai_dataset\forestry_dataset_splitted\train\coniferous_pine_forest\coniferous_590.jpg
coniferous_591.webp,coniferous_pine_forest,train,C:\Users\USER\Desktop\ai_dataset\forestry_dataset_splitted\train\coniferous_pine_forest\coniferous_591.webp
coniferous_592.jpg,coniferous_pine_forest,train,C:\Users\USER\Desktop\ai_dataset\forestry_dataset_splitted\train\coniferous_pine_forest\coniferous_592.jpg
coniferous_593.webp,coniferous_pine_forest,train,C:\Users\USER\Desktop\ai_dataset\forestry_dataset_splitted\train\coniferous_pine_forest\coniferous_593.webp
coniferous_594.jpg,coniferous_pine_forest,train,C:\Users\USER\Desktop\ai_dataset\forestry_dataset_splitted\train\coniferous_pine_forest\coniferous_594.jpg
coniferous_595.webp,coniferous_pine_forest,train,C:\Users\USER\Desktop\ai_dataset\forestry_dataset_splitted\train\coniferous_pine_forest\coniferous_595.webp
coniferous_596.webp,coniferous_pine_forest,train,C:\Users\USER\Desktop\ai_dataset\forestry_dataset_splitted\train\coniferous_pine_forest\coniferous_596.webp
coniferous_597.jpg,coniferous_pine_forest,train,C:\Users\USER\Desktop\ai_dataset\forestry_dataset_splitted\train\coniferous_pine_forest\coniferous_597.jpg
coniferous_598.jpg,coniferous_pine_forest,train,C:\Users\USER\Desktop\ai_dataset\forestry_dataset_splitted\train\coniferous_pine_forest\coniferous_598.jpg
coniferous_599.webp,coniferous_pine_forest,train,C:\Users\USER\Desktop\ai_dataset\forestry_dataset_splitted\train\coniferous_pine_forest\coniferous_599.webp
coniferous_6.jpg,coniferous_pine_forest,train,C:\Users\USER\Desktop\ai_dataset\forestry_dataset_splitted\train\coniferous_pine_forest\coniferous_6.jpg
coniferous_60.jpg,coniferous_pine_forest,train,C:\Users\USER\Desktop\ai_dataset\forestry_dataset_splitted\train\coniferous_pine_forest\coniferous_60.jpg
coniferous_600.webp,coniferous_pine_forest,train,C:\Users\USER\Desktop\ai_dataset\forestry_dataset_splitted\train\coniferous_pine_forest\coniferous_600.webp
coniferous_601.webp,coniferous_pine_forest,train,C:\Users\USER\Desktop\ai_dataset\forestry_dataset_splitted\train\coniferous_pine_forest\coniferous_601.webp
coniferous_602.webp,coniferous_pine_forest,train,C:\Users\USER\Desktop\ai_dataset\forestry_dataset_splitted\train\coniferous_pine_forest\coniferous_602.webp
coniferous_603.webp,coniferous_pine_forest,train,C:\Users\USER\Desktop\ai_dataset\forestry_dataset_splitted\train\coniferous_pine_forest\coniferous_603.webp
coniferous_604.webp,coniferous_pine_forest,train,C:\Users\USER\Desktop\ai_dataset\forestry_dataset_splitted\train\coniferous_pine_forest\coniferous_604.webp
coniferous_605.webp,coniferous_pine_forest,train,C:\Users\USER\Desktop\ai_dataset\forestry_dataset_splitted\train\coniferous_pine_forest\coniferous_605.webp
coniferous_606.webp,coniferous_pine_forest,train,C:\Users\USER\Desktop\ai_dataset\forestry_dataset_splitted\train\coniferous_pine_forest\coniferous_606.webp
coniferous_607.jpg,coniferous_pine_forest,train,C:\Users\USER\Desktop\ai_dataset\forestry_dataset_splitted\train\coniferous_pine_forest\coniferous_607.jpg
coniferous_608.webp,coniferous_pine_forest,train,C:\Users\USER\Desktop\ai_dataset\forestry_dataset_splitted\train\coniferous_pine_forest\coniferous_608.webp
coniferous_609.jpg,coniferous_pine_forest,train,C:\Users\USER\Desktop\ai_dataset\forestry_dataset_splitted\train\coniferous_pine_forest\coniferous_609.jpg
coniferous_61.jpg,coniferous_pine_forest,train,C:\Users\USER\Desktop\ai_dataset\forestry_dataset_splitted\train\coniferous_pine_forest\coniferous_61.jpg
coniferous_610.jpg,coniferous_pine_forest,train,C:\Users\USER\Desktop\ai_dataset\forestry_dataset_splitted\train\coniferous_pine_forest\coniferous_610.jpg
coniferous_611.webp,coniferous_pine_forest,train,C:\Users\USER\Desktop\ai_dataset\forestry_dataset_splitted\train\coniferous_pine_forest\coniferous_611.webp
coniferous_612.webp,coniferous_pine_forest,train,C:\Users\USER\Desktop\ai_dataset\forestry_dataset_splitted\train\coniferous_pine_forest\coniferous_612.webp
coniferous_613.webp,coniferous_pine_forest,train,C:\Users\USER\Desktop\ai_dataset\forestry_dataset_splitted\train\coniferous_pine_forest\coniferous_613.webp
coniferous_614.jpg,coniferous_pine_forest,train,C:\Users\USER\Desktop\ai_dataset\forestry_dataset_splitted\train\coniferous_pine_forest\coniferous_614.jpg
coniferous_615.jpg,coniferous_pine_forest,train,C:\Users\USER\Desktop\ai_dataset\forestry_dataset_splitted\train\coniferous_pine_forest\coniferous_615.jpg
coniferous_616.jpg,coniferous_pine_forest,train,C:\Users\USER\Desktop\ai_dataset\forestry_dataset_splitted\train\coniferous_pine_forest\coniferous_616.jpg
coniferous_617.jpg,coniferous_pine_forest,train,C:\Users\USER\Desktop\ai_dataset\forestry_dataset_splitted\train\coniferous_pine_forest\coniferous_617.jpg
coniferous_618.jpg,coniferous_pine_forest,train,C:\Users\USER\Desktop\ai_dataset\forestry_dataset_splitted\train\coniferous_pine_forest\coniferous_618.jpg
coniferous_619.webp,coniferous_pine_forest,train,C:\Users\USER\Desktop\ai_dataset\forestry_dataset_splitted\train\coniferous_pine_forest\coniferous_619.webp
coniferous_62.jpg,coniferous_pine_forest,train,C:\Users\USER\Desktop\ai_dataset\forestry_dataset_splitted\train\coniferous_pine_forest\coniferous_62.jpg
coniferous_620.jpg,coniferous_pine_forest,train,C:\Users\USER\Desktop\ai_dataset\forestry_dataset_splitted\train\coniferous_pine_forest\coniferous_620.jpg
coniferous_621.jpg,coniferous_pine_forest,train,C:\Users\USER\Desktop\ai_dataset\forestry_dataset_splitted\train\coniferous_pine_forest\coniferous_621.jpg
coniferous_622.jpg,coniferous_pine_forest,train,C:\Users\USER\Desktop\ai_dataset\forestry_dataset_splitted\train\coniferous_pine_forest\coniferous_622.jpg
coniferous_623.webp,coniferous_pine_forest,train,C:\Users\USER\Desktop\ai_dataset\forestry_dataset_splitted\train\coniferous_pine_forest\coniferous_623.webp
coniferous_624.jpg,coniferous_pine_forest,train,C:\Users\USER\Desktop\ai_dataset\forestry_dataset_splitted\train\coniferous_pine_forest\coniferous_624.jpg
coniferous_625.jpg,coniferous_pine_forest,train,C:\Users\USER\Desktop\ai_dataset\forestry_dataset_splitted\train\coniferous_pine_forest\coniferous_625.jpg
coniferous_626.jpg,coniferous_pine_forest,train,C:\Users\USER\Desktop\ai_dataset\forestry_dataset_splitted\train\coniferous_pine_forest\coniferous_626.jpg
coniferous_627.jpg,coniferous_pine_forest,train,C:\Users\USER\Desktop\ai_dataset\forestry_dataset_splitted\train\coniferous_pine_forest\coniferous_627.jpg
coniferous_628.jpg,coniferous_pine_forest,train,C:\Users\USER\Desktop\ai_dataset\forestry_dataset_splitted\train\coniferous_pine_forest\coniferous_628.jpg
coniferous_629.webp,coniferous_pine_forest,train,C:\Users\USER\Desktop\ai_dataset\forestry_dataset_splitted\train\coniferous_pine_forest\coniferous_629.webp
coniferous_63.jpg,coniferous_pine_forest,train,C:\Users\USER\Desktop\ai_dataset\forestry_dataset_splitted\train\coniferous_pine_forest\coniferous_63.jpg
coniferous_630.jpg,coniferous_pine_forest,train,C:\Users\USER\Desktop\ai_dataset\forestry_dataset_splitted\train\coniferous_pine_forest\coniferous_630.jpg
coniferous_631.jpg,coniferous_pine_forest,train,C:\Users\USER\Desktop\ai_dataset\forestry_dataset_splitted\train\coniferous_pine_forest\coniferous_631.jpg
coniferous_632.webp,coniferous_pine_forest,train,C:\Users\USER\Desktop\ai_dataset\forestry_dataset_splitted\train\coniferous_pine_forest\coniferous_632.webp
coniferous_633.webp,coniferous_pine_forest,train,C:\Users\USER\Desktop\ai_dataset\forestry_dataset_splitted\train\coniferous_pine_forest\coniferous_633.webp
coniferous_634.webp,coniferous_pine_forest,train,C:\Users\USER\Desktop\ai_dataset\forestry_dataset_splitted\train\coniferous_pine_forest\coniferous_634.webp
coniferous_635.webp,coniferous_pine_forest,train,C:\Users\USER\Desktop\ai_dataset\forestry_dataset_splitted\train\coniferous_pine_forest\coniferous_635.webp
coniferous_636.jpg,coniferous_pine_forest,train,C:\Users\USER\Desktop\ai_dataset\forestry_dataset_splitted\train\coniferous_pine_forest\coniferous_636.jpg
coniferous_637.jpg,coniferous_pine_forest,train,C:\Users\USER\Desktop\ai_dataset\forestry_dataset_splitted\train\coniferous_pine_forest\coniferous_637.jpg
coniferous_638.webp,coniferous_pine_forest,train,C:\Users\USER\Desktop\ai_dataset\forestry_dataset_splitted\train\coniferous_pine_forest\coniferous_638.webp
coniferous_639.jpg,coniferous_pine_forest,train,C:\Users\USER\Desktop\ai_dataset\forestry_dataset_splitted\train\coniferous_pine_forest\coniferous_639.jpg
coniferous_64.jpg,coniferous_pine_forest,train,C:\Users\USER\Desktop\ai_dataset\forestry_dataset_splitted\train\coniferous_pine_forest\coniferous_64.jpg
coniferous_640.jpg,coniferous_pine_forest,train,C:\Users\USER\Desktop\ai_dataset\forestry_dataset_splitted\train\coniferous_pine_forest\coniferous_640.jpg
coniferous_641.jpg,coniferous_pine_forest,train,C:\Users\USER\Desktop\ai_dataset\forestry_dataset_splitted\train\coniferous_pine_forest\coniferous_641.jpg
coniferous_642.webp,coniferous_pine_forest,train,C:\Users\USER\Desktop\ai_dataset\forestry_dataset_splitted\train\coniferous_pine_forest\coniferous_642.webp
coniferous_643.jpg,coniferous_pine_forest,train,C:\Users\USER\Desktop\ai_dataset\forestry_dataset_splitted\train\coniferous_pine_forest\coniferous_643.jpg
coniferous_644.jpg,coniferous_pine_forest,train,C:\Users\USER\Desktop\ai_dataset\forestry_dataset_splitted\train\coniferous_pine_forest\coniferous_644.jpg
coniferous_645.webp,coniferous_pine_forest,train,C:\Users\USER\Desktop\ai_dataset\forestry_dataset_splitted\train\coniferous_pine_forest\coniferous_645.webp
coniferous_646.webp,coniferous_pine_forest,train,C:\Users\USER\Desktop\ai_dataset\forestry_dataset_splitted\train\coniferous_pine_forest\coniferous_646.webp
coniferous_647.jpg,coniferous_pine_forest,train,C:\Users\USER\Desktop\ai_dataset\forestry_dataset_splitted\train\coniferous_pine_forest\coniferous_647.jpg
coniferous_648.jpg,coniferous_pine_forest,train,C:\Users\USER\Desktop\ai_dataset\forestry_dataset_splitted\train\coniferous_pine_forest\coniferous_648.jpg
coniferous_649.jpg,coniferous_pine_forest,train,C:\Users\USER\Desktop\ai_dataset\forestry_dataset_splitted\train\coniferous_pine_forest\coniferous_649.jpg
coniferous_65.jpg,coniferous_pine_forest,train,C:\Users\USER\Desktop\ai_dataset\forestry_dataset_splitted\train\coniferous_pine_forest\coniferous_65.jpg
coniferous_650.jpg,coniferous_pine_forest,train,C:\Users\USER\Desktop\ai_dataset\forestry_dataset_splitted\train\coniferous_pine_forest\coniferous_650.jpg
coniferous_651.webp,coniferous_pine_forest,train,C:\Users\USER\Desktop\ai_dataset\forestry_dataset_splitted\train\coniferous_pine_forest\coniferous_651.webp
coniferous_652.jpg,coniferous_pine_forest,train,C:\Users\USER\Desktop\ai_dataset\forestry_dataset_splitted\train\coniferous_pine_forest\coniferous_652.jpg
coniferous_653.jpg,coniferous_pine_forest,train,C:\Users\USER\Desktop\ai_dataset\forestry_dataset_splitted\train\coniferous_pine_forest\coniferous_653.jpg
coniferous_654.webp,coniferous_pine_forest,train,C:\Users\USER\Desktop\ai_dataset\forestry_dataset_splitted\train\coniferous_pine_forest\coniferous_654.webp
coniferous_655.webp,coniferous_pine_forest,train,C:\Users\USER\Desktop\ai_dataset\forestry_dataset_splitted\train\coniferous_pine_forest\coniferous_655.webp
coniferous_656.webp,coniferous_pine_forest,train,C:\Users\USER\Desktop\ai_dataset\forestry_dataset_splitted\train\coniferous_pine_forest\coniferous_656.webp
coniferous_657.jpg,coniferous_pine_forest,train,C:\Users\USER\Desktop\ai_dataset\forestry_dataset_splitted\train\coniferous_pine_forest\coniferous_657.jpg
coniferous_658.webp,coniferous_pine_forest,train,C:\Users\USER\Desktop\ai_dataset\forestry_dataset_splitted\train\coniferous_pine_forest\coniferous_658.webp
coniferous_659.jpg,coniferous_pine_forest,train,C:\Users\USER\Desktop\ai_dataset\forestry_dataset_splitted\train\coniferous_pine_forest\coniferous_659.jpg
coniferous_66.jpg,coniferous_pine_forest,train,C:\Users\USER\Desktop\ai_dataset\forestry_dataset_splitted\train\coniferous_pine_forest\coniferous_66.jpg
coniferous_660.jpg,coniferous_pine_forest,train,C:\Users\USER\Desktop\ai_dataset\forestry_dataset_splitted\train\coniferous_pine_forest\coniferous_660.jpg
coniferous_661.jpg,coniferous_pine_forest,train,C:\Users\USER\Desktop\ai_dataset\forestry_dataset_splitted\train\coniferous_pine_forest\coniferous_661.jpg
coniferous_662.jpg,coniferous_pine_forest,train,C:\Users\USER\Desktop\ai_dataset\forestry_dataset_splitted\train\coniferous_pine_forest\coniferous_662.jpg
coniferous_663.jpg,coniferous_pine_forest,train,C:\Users\USER\Desktop\ai_dataset\forestry_dataset_splitted\train\coniferous_pine_forest\coniferous_663.jpg
coniferous_664.jpg,coniferous_pine_forest,train,C:\Users\USER\Desktop\ai_dataset\forestry_dataset_splitted\train\coniferous_pine_forest\coniferous_664.jpg
coniferous_665.webp,coniferous_pine_forest,train,C:\Users\USER\Desktop\ai_dataset\forestry_dataset_splitted\train\coniferous_pine_forest\coniferous_665.webp
coniferous_666.jpg,coniferous_pine_forest,train,C:\Users\USER\Desktop\ai_dataset\forestry_dataset_splitted\train\coniferous_pine_forest\coniferous_666.jpg
coniferous_667.jpg,coniferous_pine_forest,train,C:\Users\USER\Desktop\ai_dataset\forestry_dataset_splitted\train\coniferous_pine_forest\coniferous_667.jpg
coniferous_668.webp,coniferous_pine_forest,train,C:\Users\USER\Desktop\ai_dataset\forestry_dataset_splitted\train\coniferous_pine_forest\coniferous_668.webp
coniferous_669.webp,coniferous_pine_forest,train,C:\Users\USER\Desktop\ai_dataset\forestry_dataset_splitted\train\coniferous_pine_forest\coniferous_669.webp
coniferous_67.jpg,coniferous_pine_forest,train,C:\Users\USER\Desktop\ai_dataset\forestry_dataset_splitted\train\coniferous_pine_forest\coniferous_67.jpg
coniferous_670.jpg,coniferous_pine_forest,train,C:\Users\USER\Desktop\ai_dataset\forestry_dataset_splitted\train\coniferous_pine_forest\coniferous_670.jpg
coniferous_671.webp,coniferous_pine_forest,train,C:\Users\USER\Desktop\ai_dataset\forestry_dataset_splitted\train\coniferous_pine_forest\coniferous_671.webp
coniferous_672.webp,coniferous_pine_forest,train,C:\Users\USER\Desktop\ai_dataset\forestry_dataset_splitted\train\coniferous_pine_forest\coniferous_672.webp
coniferous_673.jpg,coniferous_pine_forest,train,C:\Users\USER\Desktop\ai_dataset\forestry_dataset_splitted\train\coniferous_pine_forest\coniferous_673.jpg
coniferous_674.jpg,coniferous_pine_forest,train,C:\Users\USER\Desktop\ai_dataset\forestry_dataset_splitted\train\coniferous_pine_forest\coniferous_674.jpg
coniferous_675.jpg,coniferous_pine_forest,train,C:\Users\USER\Desktop\ai_dataset\forestry_dataset_splitted\train\coniferous_pine_forest\coniferous_675.jpg
coniferous_676.webp,coniferous_pine_forest,train,C:\Users\USER\Desktop\ai_dataset\forestry_dataset_splitted\train\coniferous_pine_forest\coniferous_676.webp
coniferous_677.webp,coniferous_pine_forest,train,C:\Users\USER\Desktop\ai_dataset\forestry_dataset_splitted\train\coniferous_pine_forest\coniferous_677.webp
coniferous_678.webp,coniferous_pine_forest,train,C:\Users\USER\Desktop\ai_dataset\forestry_dataset_splitted\train\coniferous_pine_forest\coniferous_678.webp
coniferous_679.webp,coniferous_pine_forest,train,C:\Users\USER\Desktop\ai_dataset\forestry_dataset_splitted\train\coniferous_pine_forest\coniferous_679.webp
coniferous_68.jpg,coniferous_pine_forest,train,C:\Users\USER\Desktop\ai_dataset\forestry_dataset_splitted\train\coniferous_pine_forest\coniferous_68.jpg
coniferous_680.jpg,coniferous_pine_forest,train,C:\Users\USER\Desktop\ai_dataset\forestry_dataset_splitted\train\coniferous_pine_forest\coniferous_680.jpg
coniferous_681.jpg,coniferous_pine_forest,train,C:\Users\USER\Desktop\ai_dataset\forestry_dataset_splitted\train\coniferous_pine_forest\coniferous_681.jpg
coniferous_682.webp,coniferous_pine_forest,train,C:\Users\USER\Desktop\ai_dataset\forestry_dataset_splitted\train\coniferous_pine_forest\coniferous_682.webp
coniferous_683.jpg,coniferous_pine_forest,train,C:\Users\USER\Desktop\ai_dataset\forestry_dataset_splitted\train\coniferous_pine_forest\coniferous_683.jpg
coniferous_684.jpg,coniferous_pine_forest,train,C:\Users\USER\Desktop\ai_dataset\forestry_dataset_splitted\train\coniferous_pine_forest\coniferous_684.jpg
coniferous_685.jpg,coniferous_pine_forest,train,C:\Users\USER\Desktop\ai_dataset\forestry_dataset_splitted\train\coniferous_pine_forest\coniferous_685.jpg
coniferous_686.jpg,coniferous_pine_forest,train,C:\Users\USER\Desktop\ai_dataset\forestry_dataset_splitted\train\coniferous_pine_forest\coniferous_686.jpg
coniferous_687.jpg,coniferous_pine_forest,train,C:\Users\USER\Desktop\ai_dataset\forestry_dataset_splitted\train\coniferous_pine_forest\coniferous_687.jpg
coniferous_688.webp,coniferous_pine_forest,train,C:\Users\USER\Desktop\ai_dataset\forestry_dataset_splitted\train\coniferous_pine_forest\coniferous_688.webp
coniferous_689.jpg,coniferous_pine_forest,train,C:\Users\USER\Desktop\ai_dataset\forestry_dataset_splitted\train\coniferous_pine_forest\coniferous_689.jpg
coniferous_69.webp,coniferous_pine_forest,train,C:\Users\USER\Desktop\ai_dataset\forestry_dataset_splitted\train\coniferous_pine_forest\coniferous_69.webp
coniferous_690.jpg,coniferous_pine_forest,train,C:\Users\USER\Desktop\ai_dataset\forestry_dataset_splitted\train\coniferous_pine_forest\coniferous_690.jpg
coniferous_691.jpg,coniferous_pine_forest,train,C:\Users\USER\Desktop\ai_dataset\forestry_dataset_splitted\train\coniferous_pine_forest\coniferous_691.jpg
coniferous_692.jpg,coniferous_pine_forest,train,C:\Users\USER\Desktop\ai_dataset\forestry_dataset_splitted\train\coniferous_pine_forest\coniferous_692.jpg
coniferous_693.jpg,coniferous_pine_forest,train,C:\Users\USER\Desktop\ai_dataset\forestry_dataset_splitted\train\coniferous_pine_forest\coniferous_693.jpg
coniferous_694.jpg,coniferous_pine_forest,train,C:\Users\USER\Desktop\ai_dataset\forestry_dataset_splitted\train\coniferous_pine_forest\coniferous_694.jpg
coniferous_695.webp,coniferous_pine_forest,train,C:\Users\USER\Desktop\ai_dataset\forestry_dataset_splitted\train\coniferous_pine_forest\coniferous_695.webp
coniferous_696.jpg,coniferous_pine_forest,train,C:\Users\USER\Desktop\ai_dataset\forestry_dataset_splitted\train\coniferous_pine_forest\coniferous_696.jpg
coniferous_697.jpg,coniferous_pine_forest,train,C:\Users\USER\Desktop\ai_dataset\forestry_dataset_splitted\train\coniferous_pine_forest\coniferous_697.jpg
coniferous_698.jpg,coniferous_pine_forest,train,C:\Users\USER\Desktop\ai_dataset\forestry_dataset_splitted\train\coniferous_pine_forest\coniferous_698.jpg
coniferous_699.jpg,coniferous_pine_forest,train,C:\Users\USER\Desktop\ai_dataset\forestry_dataset_splitted\train\coniferous_pine_forest\coniferous_699.jpg
coniferous_7.webp,coniferous_pine_forest,train,C:\Users\USER\Desktop\ai_dataset\forestry_dataset_splitted\train\coniferous_pine_forest\coniferous_7.webp
coniferous_70.jpg,coniferous_pine_forest,train,C:\Users\USER\Desktop\ai_dataset\forestry_dataset_splitted\train\coniferous_pine_forest\coniferous_70.jpg
coniferous_700.jpg,coniferous_pine_forest,train,C:\Users\USER\Desktop\ai_dataset\forestry_dataset_splitted\train\coniferous_pine_forest\coniferous_700.jpg
coniferous_701.jpg,coniferous_pine_forest,train,C:\Users\USER\Desktop\ai_dataset\forestry_dataset_splitted\train\coniferous_pine_forest\coniferous_701.jpg
coniferous_702.webp,coniferous_pine_forest,train,C:\Users\USER\Desktop\ai_dataset\forestry_dataset_splitted\train\coniferous_pine_forest\coniferous_702.webp
coniferous_703.jpg,coniferous_pine_forest,train,C:\Users\USER\Desktop\ai_dataset\forestry_dataset_splitted\train\coniferous_pine_forest\coniferous_703.jpg
coniferous_704.jpg,coniferous_pine_forest,train,C:\Users\USER\Desktop\ai_dataset\forestry_dataset_splitted\train\coniferous_pine_forest\coniferous_704.jpg
coniferous_705.jpg,coniferous_pine_forest,train,C:\Users\USER\Desktop\ai_dataset\forestry_dataset_splitted\train\coniferous_pine_forest\coniferous_705.jpg
coniferous_706.webp,coniferous_pine_forest,train,C:\Users\USER\Desktop\ai_dataset\forestry_dataset_splitted\train\coniferous_pine_forest\coniferous_706.webp
coniferous_707.jpg,coniferous_pine_forest,train,C:\Users\USER\Desktop\ai_dataset\forestry_dataset_splitted\train\coniferous_pine_forest\coniferous_707.jpg
coniferous_708.jpg,coniferous_pine_forest,train,C:\Users\USER\Desktop\ai_dataset\forestry_dataset_splitted\train\coniferous_pine_forest\coniferous_708.jpg
coniferous_709.jpg,coniferous_pine_forest,train,C:\Users\USER\Desktop\ai_dataset\forestry_dataset_splitted\train\coniferous_pine_forest\coniferous_709.jpg
coniferous_71.jpg,coniferous_pine_forest,train,C:\Users\USER\Desktop\ai_dataset\forestry_dataset_splitted\train\coniferous_pine_forest\coniferous_71.jpg
coniferous_710.jpg,coniferous_pine_forest,train,C:\Users\USER\Desktop\ai_dataset\forestry_dataset_splitted\train\coniferous_pine_forest\coniferous_710.jpg
coniferous_711.jpg,coniferous_pine_forest,train,C:\Users\USER\Desktop\ai_dataset\forestry_dataset_splitted\train\coniferous_pine_forest\coniferous_711.jpg
coniferous_712.jpg,coniferous_pine_forest,train,C:\Users\USER\Desktop\ai_dataset\forestry_dataset_splitted\train\coniferous_pine_forest\coniferous_712.jpg
coniferous_713.jpg,coniferous_pine_forest,train,C:\Users\USER\Desktop\ai_dataset\forestry_dataset_splitted\train\coniferous_pine_forest\coniferous_713.jpg
coniferous_714.jpg,coniferous_pine_forest,train,C:\Users\USER\Desktop\ai_dataset\forestry_dataset_splitted\train\coniferous_pine_forest\coniferous_714.jpg
coniferous_715.jpg,coniferous_pine_forest,train,C:\Users\USER\Desktop\ai_dataset\forestry_dataset_splitted\train\coniferous_pine_forest\coniferous_715.jpg
coniferous_716.jpg,coniferous_pine_forest,train,C:\Users\USER\Desktop\ai_dataset\forestry_dataset_splitted\train\coniferous_pine_forest\coniferous_716.jpg
coniferous_717.jpg,coniferous_pine_forest,train,C:\Users\USER\Desktop\ai_dataset\forestry_dataset_splitted\train\coniferous_pine_forest\coniferous_717.jpg
coniferous_718.jpg,coniferous_pine_forest,train,C:\Users\USER\Desktop\ai_dataset\forestry_dataset_splitted\train\coniferous_pine_forest\coniferous_718.jpg
coniferous_719.jpg,coniferous_pine_forest,train,C:\Users\USER\Desktop\ai_dataset\forestry_dataset_splitted\train\coniferous_pine_forest\coniferous_719.jpg
coniferous_72.webp,coniferous_pine_forest,train,C:\Users\USER\Desktop\ai_dataset\forestry_dataset_splitted\train\coniferous_pine_forest\coniferous_72.webp
coniferous_720.webp,coniferous_pine_forest,train,C:\Users\USER\Desktop\ai_dataset\forestry_dataset_splitted\train\coniferous_pine_forest\coniferous_720.webp
coniferous_721.jpg,coniferous_pine_forest,train,C:\Users\USER\Desktop\ai_dataset\forestry_dataset_splitted\train\coniferous_pine_forest\coniferous_721.jpg
coniferous_722.png,coniferous_pine_forest,train,C:\Users\USER\Desktop\ai_dataset\forestry_dataset_splitted\train\coniferous_pine_forest\coniferous_722.png
coniferous_723.jpg,coniferous_pine_forest,train,C:\Users\USER\Desktop\ai_dataset\forestry_dataset_splitted\train\coniferous_pine_forest\coniferous_723.jpg
coniferous_724.webp,coniferous_pine_forest,train,C:\Users\USER\Desktop\ai_dataset\forestry_dataset_splitted\train\coniferous_pine_forest\coniferous_724.webp
coniferous_725.jpg,coniferous_pine_forest,train,C:\Users\USER\Desktop\ai_dataset\forestry_dataset_splitted\train\coniferous_pine_forest\coniferous_725.jpg
coniferous_726.webp,coniferous_pine_forest,train,C:\Users\USER\Desktop\ai_dataset\forestry_dataset_splitted\train\coniferous_pine_forest\coniferous_726.webp
coniferous_727.webp,coniferous_pine_forest,train,C:\Users\USER\Desktop\ai_dataset\forestry_dataset_splitted\train\coniferous_pine_forest\coniferous_727.webp
coniferous_728.jpg,coniferous_pine_forest,train,C:\Users\USER\Desktop\ai_dataset\forestry_dataset_splitted\train\coniferous_pine_forest\coniferous_728.jpg
coniferous_729.jpg,coniferous_pine_forest,train,C:\Users\USER\Desktop\ai_dataset\forestry_dataset_splitted\train\coniferous_pine_forest\coniferous_729.jpg
coniferous_73.jpg,coniferous_pine_forest,train,C:\Users\USER\Desktop\ai_dataset\forestry_dataset_splitted\train\coniferous_pine_forest\coniferous_73.jpg
coniferous_730.jpg,coniferous_pine_forest,train,C:\Users\USER\Desktop\ai_dataset\forestry_dataset_splitted\train\coniferous_pine_forest\coniferous_730.jpg
coniferous_731.jpg,coniferous_pine_forest,train,C:\Users\USER\Desktop\ai_dataset\forestry_dataset_splitted\train\coniferous_pine_forest\coniferous_731.jpg
coniferous_732.jpg,coniferous_pine_forest,train,C:\Users\USER\Desktop\ai_dataset\forestry_dataset_splitted\train\coniferous_pine_forest\coniferous_732.jpg
coniferous_733.jpg,coniferous_pine_forest,train,C:\Users\USER\Desktop\ai_dataset\forestry_dataset_splitted\train\coniferous_pine_forest\coniferous_733.jpg
coniferous_734.jpg,coniferous_pine_forest,train,C:\Users\USER\Desktop\ai_dataset\forestry_dataset_splitted\train\coniferous_pine_forest\coniferous_734.jpg
coniferous_735.jpg,coniferous_pine_forest,train,C:\Users\USER\Desktop\ai_dataset\forestry_dataset_splitted\train\coniferous_pine_forest\coniferous_735.jpg
coniferous_736.jpg,coniferous_pine_forest,train,C:\Users\USER\Desktop\ai_dataset\forestry_dataset_splitted\train\coniferous_pine_forest\coniferous_736.jpg
coniferous_737.jpg,coniferous_pine_forest,train,C:\Users\USER\Desktop\ai_dataset\forestry_dataset_splitted\train\coniferous_pine_forest\coniferous_737.jpg
coniferous_738.jpg,coniferous_pine_forest,train,C:\Users\USER\Desktop\ai_dataset\forestry_dataset_splitted\train\coniferous_pine_forest\coniferous_738.jpg
coniferous_739.jpg,coniferous_pine_forest,train,C:\Users\USER\Desktop\ai_dataset\forestry_dataset_splitted\train\coniferous_pine_forest\coniferous_739.jpg
coniferous_74.jpg,coniferous_pine_forest,train,C:\Users\USER\Desktop\ai_dataset\forestry_dataset_splitted\train\coniferous_pine_forest\coniferous_74.jpg
coniferous_740.webp,coniferous_pine_forest,train,C:\Users\USER\Desktop\ai_dataset\forestry_dataset_splitted\train\coniferous_pine_forest\coniferous_740.webp
coniferous_741.webp,coniferous_pine_forest,train,C:\Users\USER\Desktop\ai_dataset\forestry_dataset_splitted\train\coniferous_pine_forest\coniferous_741.webp
coniferous_742.jpg,coniferous_pine_forest,train,C:\Users\USER\Desktop\ai_dataset\forestry_dataset_splitted\train\coniferous_pine_forest\coniferous_742.jpg
coniferous_743.jpg,coniferous_pine_forest,train,C:\Users\USER\Desktop\ai_dataset\forestry_dataset_splitted\train\coniferous_pine_forest\coniferous_743.jpg
coniferous_744.jpg,coniferous_pine_forest,train,C:\Users\USER\Desktop\ai_dataset\forestry_dataset_splitted\train\coniferous_pine_forest\coniferous_744.jpg
coniferous_745.jpg,coniferous_pine_forest,train,C:\Users\USER\Desktop\ai_dataset\forestry_dataset_splitted\train\coniferous_pine_forest\coniferous_745.jpg
coniferous_746.webp,coniferous_pine_forest,train,C:\Users\USER\Desktop\ai_dataset\forestry_dataset_splitted\train\coniferous_pine_forest\coniferous_746.webp
coniferous_747.jpg,coniferous_pine_forest,train,C:\Users\USER\Desktop\ai_dataset\forestry_dataset_splitted\train\coniferous_pine_forest\coniferous_747.jpg
coniferous_748.jpg,coniferous_pine_forest,train,C:\Users\USER\Desktop\ai_dataset\forestry_dataset_splitted\train\coniferous_pine_forest\coniferous_748.jpg
coniferous_749.jpg,coniferous_pine_forest,train,C:\Users\USER\Desktop\ai_dataset\forestry_dataset_splitted\train\coniferous_pine_forest\coniferous_749.jpg
coniferous_75.webp,coniferous_pine_forest,train,C:\Users\USER\Desktop\ai_dataset\forestry_dataset_splitted\train\coniferous_pine_forest\coniferous_75.webp
coniferous_750.jpg,coniferous_pine_forest,train,C:\Users\USER\Desktop\ai_dataset\forestry_dataset_splitted\train\coniferous_pine_forest\coniferous_750.jpg
coniferous_751.jpg,coniferous_pine_forest,train,C:\Users\USER\Desktop\ai_dataset\forestry_dataset_splitted\train\coniferous_pine_forest\coniferous_751.jpg
coniferous_752.jpg,coniferous_pine_forest,train,C:\Users\USER\Desktop\ai_dataset\forestry_dataset_splitted\train\coniferous_pine_forest\coniferous_752.jpg
coniferous_753.jpg,coniferous_pine_forest,train,C:\Users\USER\Desktop\ai_dataset\forestry_dataset_splitted\train\coniferous_pine_forest\coniferous_753.jpg
coniferous_754.jpg,coniferous_pine_forest,train,C:\Users\USER\Desktop\ai_dataset\forestry_dataset_splitted\train\coniferous_pine_forest\coniferous_754.jpg
coniferous_755.jpg,coniferous_pine_forest,train,C:\Users\USER\Desktop\ai_dataset\forestry_dataset_splitted\train\coniferous_pine_forest\coniferous_755.jpg
coniferous_756.webp,coniferous_pine_forest,train,C:\Users\USER\Desktop\ai_dataset\forestry_dataset_splitted\train\coniferous_pine_forest\coniferous_756.webp
coniferous_757.jpg,coniferous_pine_forest,train,C:\Users\USER\Desktop\ai_dataset\forestry_dataset_splitted\train\coniferous_pine_forest\coniferous_757.jpg
coniferous_758.jpg,coniferous_pine_forest,train,C:\Users\USER\Desktop\ai_dataset\forestry_dataset_splitted\train\coniferous_pine_forest\coniferous_758.jpg
coniferous_759.jpg,coniferous_pine_forest,train,C:\Users\USER\Desktop\ai_dataset\forestry_dataset_splitted\train\coniferous_pine_forest\coniferous_759.jpg
coniferous_76.jpg,coniferous_pine_forest,train,C:\Users\USER\Desktop\ai_dataset\forestry_dataset_splitted\train\coniferous_pine_forest\coniferous_76.jpg
coniferous_760.png,coniferous_pine_forest,train,C:\Users\USER\Desktop\ai_dataset\forestry_dataset_splitted\train\coniferous_pine_forest\coniferous_760.png
coniferous_761.webp,coniferous_pine_forest,train,C:\Users\USER\Desktop\ai_dataset\forestry_dataset_splitted\train\coniferous_pine_forest\coniferous_761.webp
coniferous_762.webp,coniferous_pine_forest,train,C:\Users\USER\Desktop\ai_dataset\forestry_dataset_splitted\train\coniferous_pine_forest\coniferous_762.webp
coniferous_763.jpg,coniferous_pine_forest,train,C:\Users\USER\Desktop\ai_dataset\forestry_dataset_splitted\train\coniferous_pine_forest\coniferous_763.jpg
coniferous_764.webp,coniferous_pine_forest,train,C:\Users\USER\Desktop\ai_dataset\forestry_dataset_splitted\train\coniferous_pine_forest\coniferous_764.webp
coniferous_765.webp,coniferous_pine_forest,train,C:\Users\USER\Desktop\ai_dataset\forestry_dataset_splitted\train\coniferous_pine_forest\coniferous_765.webp
coniferous_766.jpg,coniferous_pine_forest,train,C:\Users\USER\Desktop\ai_dataset\forestry_dataset_splitted\train\coniferous_pine_forest\coniferous_766.jpg
coniferous_767.jpg,coniferous_pine_forest,train,C:\Users\USER\Desktop\ai_dataset\forestry_dataset_splitted\train\coniferous_pine_forest\coniferous_767.jpg
coniferous_768.jpg,coniferous_pine_forest,train,C:\Users\USER\Desktop\ai_dataset\forestry_dataset_splitted\train\coniferous_pine_forest\coniferous_768.jpg
coniferous_769.jpg,coniferous_pine_forest,train,C:\Users\USER\Desktop\ai_dataset\forestry_dataset_splitted\train\coniferous_pine_forest\coniferous_769.jpg
coniferous_77.jpg,coniferous_pine_forest,train,C:\Users\USER\Desktop\ai_dataset\forestry_dataset_splitted\train\coniferous_pine_forest\coniferous_77.jpg
coniferous_770.jpg,coniferous_pine_forest,train,C:\Users\USER\Desktop\ai_dataset\forestry_dataset_splitted\train\coniferous_pine_forest\coniferous_770.jpg
coniferous_771.jpg,coniferous_pine_forest,train,C:\Users\USER\Desktop\ai_dataset\forestry_dataset_splitted\train\coniferous_pine_forest\coniferous_771.jpg
coniferous_772.jpg,coniferous_pine_forest,train,C:\Users\USER\Desktop\ai_dataset\forestry_dataset_splitted\train\coniferous_pine_forest\coniferous_772.jpg
coniferous_773.webp,coniferous_pine_forest,train,C:\Users\USER\Desktop\ai_dataset\forestry_dataset_splitted\train\coniferous_pine_forest\coniferous_773.webp
coniferous_774.webp,coniferous_pine_forest,train,C:\Users\USER\Desktop\ai_dataset\forestry_dataset_splitted\train\coniferous_pine_forest\coniferous_774.webp
coniferous_775.jpg,coniferous_pine_forest,train,C:\Users\USER\Desktop\ai_dataset\forestry_dataset_splitted\train\coniferous_pine_forest\coniferous_775.jpg
coniferous_776.jpg,coniferous_pine_forest,train,C:\Users\USER\Desktop\ai_dataset\forestry_dataset_splitted\train\coniferous_pine_forest\coniferous_776.jpg
coniferous_777.jpg,coniferous_pine_forest,train,C:\Users\USER\Desktop\ai_dataset\forestry_dataset_splitted\train\coniferous_pine_forest\coniferous_777.jpg
coniferous_778.jpg,coniferous_pine_forest,train,C:\Users\USER\Desktop\ai_dataset\forestry_dataset_splitted\train\coniferous_pine_forest\coniferous_778.jpg
coniferous_779.jpg,coniferous_pine_forest,train,C:\Users\USER\Desktop\ai_dataset\forestry_dataset_splitted\train\coniferous_pine_forest\coniferous_779.jpg
coniferous_78.jpg,coniferous_pine_forest,train,C:\Users\USER\Desktop\ai_dataset\forestry_dataset_splitted\train\coniferous_pine_forest\coniferous_78.jpg
coniferous_780.webp,coniferous_pine_forest,train,C:\Users\USER\Desktop\ai_dataset\forestry_dataset_splitted\train\coniferous_pine_forest\coniferous_780.webp
coniferous_781.jpg,coniferous_pine_forest,train,C:\Users\USER\Desktop\ai_dataset\forestry_dataset_splitted\train\coniferous_pine_forest\coniferous_781.jpg
coniferous_782.jpg,coniferous_pine_forest,train,C:\Users\USER\Desktop\ai_dataset\forestry_dataset_splitted\train\coniferous_pine_forest\coniferous_782.jpg
coniferous_783.webp,coniferous_pine_forest,train,C:\Users\USER\Desktop\ai_dataset\forestry_dataset_splitted\train\coniferous_pine_forest\coniferous_783.webp
coniferous_784.jpg,coniferous_pine_forest,train,C:\Users\USER\Desktop\ai_dataset\forestry_dataset_splitted\train\coniferous_pine_forest\coniferous_784.jpg
coniferous_785.jpg,coniferous_pine_forest,train,C:\Users\USER\Desktop\ai_dataset\forestry_dataset_splitted\train\coniferous_pine_forest\coniferous_785.jpg
coniferous_786.webp,coniferous_pine_forest,train,C:\Users\USER\Desktop\ai_dataset\forestry_dataset_splitted\train\coniferous_pine_forest\coniferous_786.webp
coniferous_787.jpg,coniferous_pine_forest,train,C:\Users\USER\Desktop\ai_dataset\forestry_dataset_splitted\train\coniferous_pine_forest\coniferous_787.jpg
coniferous_788.jpg,coniferous_pine_forest,train,C:\Users\USER\Desktop\ai_dataset\forestry_dataset_splitted\train\coniferous_pine_forest\coniferous_788.jpg
coniferous_789.jpg,coniferous_pine_forest,train,C:\Users\USER\Desktop\ai_dataset\forestry_dataset_splitted\train\coniferous_pine_forest\coniferous_789.jpg
coniferous_79.jpg,coniferous_pine_forest,train,C:\Users\USER\Desktop\ai_dataset\forestry_dataset_splitted\train\coniferous_pine_forest\coniferous_79.jpg
coniferous_790.webp,coniferous_pine_forest,train,C:\Users\USER\Desktop\ai_dataset\forestry_dataset_splitted\train\coniferous_pine_forest\coniferous_790.webp
coniferous_791.jpg,coniferous_pine_forest,train,C:\Users\USER\Desktop\ai_dataset\forestry_dataset_splitted\train\coniferous_pine_forest\coniferous_791.jpg
coniferous_792.jpg,coniferous_pine_forest,train,C:\Users\USER\Desktop\ai_dataset\forestry_dataset_splitted\train\coniferous_pine_forest\coniferous_792.jpg
coniferous_793.jpg,coniferous_pine_forest,train,C:\Users\USER\Desktop\ai_dataset\forestry_dataset_splitted\train\coniferous_pine_forest\coniferous_793.jpg
coniferous_794.jpg,coniferous_pine_forest,train,C:\Users\USER\Desktop\ai_dataset\forestry_dataset_splitted\train\coniferous_pine_forest\coniferous_794.jpg
coniferous_795.jpg,coniferous_pine_forest,train,C:\Users\USER\Desktop\ai_dataset\forestry_dataset_splitted\train\coniferous_pine_forest\coniferous_795.jpg
coniferous_796.jpg,coniferous_pine_forest,train,C:\Users\USER\Desktop\ai_dataset\forestry_dataset_splitted\train\coniferous_pine_forest\coniferous_796.jpg
coniferous_797.webp,coniferous_pine_forest,train,C:\Users\USER\Desktop\ai_dataset\forestry_dataset_splitted\train\coniferous_pine_forest\coniferous_797.webp
coniferous_798.jpg,coniferous_pine_forest,train,C:\Users\USER\Desktop\ai_dataset\forestry_dataset_splitted\train\coniferous_pine_forest\coniferous_798.jpg
coniferous_799.jpg,coniferous_pine_forest,train,C:\Users\USER\Desktop\ai_dataset\forestry_dataset_splitted\train\coniferous_pine_forest\coniferous_799.jpg
coniferous_8.jpg,coniferous_pine_forest,train,C:\Users\USER\Desktop\ai_dataset\forestry_dataset_splitted\train\coniferous_pine_forest\coniferous_8.jpg
coniferous_80.jpg,coniferous_pine_forest,train,C:\Users\USER\Desktop\ai_dataset\forestry_dataset_splitted\train\coniferous_pine_forest\coniferous_80.jpg
coniferous_800.webp,coniferous_pine_forest,train,C:\Users\USER\Desktop\ai_dataset\forestry_dataset_splitted\train\coniferous_pine_forest\coniferous_800.webp
coniferous_801.jpg,coniferous_pine_forest,train,C:\Users\USER\Desktop\ai_dataset\forestry_dataset_splitted\train\coniferous_pine_forest\coniferous_801.jpg
coniferous_802.webp,coniferous_pine_forest,train,C:\Users\USER\Desktop\ai_dataset\forestry_dataset_splitted\train\coniferous_pine_forest\coniferous_802.webp
coniferous_803.jpg,coniferous_pine_forest,train,C:\Users\USER\Desktop\ai_dataset\forestry_dataset_splitted\train\coniferous_pine_forest\coniferous_803.jpg
coniferous_804.webp,coniferous_pine_forest,train,C:\Users\USER\Desktop\ai_dataset\forestry_dataset_splitted\train\coniferous_pine_forest\coniferous_804.webp
coniferous_805.jpg,coniferous_pine_forest,train,C:\Users\USER\Desktop\ai_dataset\forestry_dataset_splitted\train\coniferous_pine_forest\coniferous_805.jpg
coniferous_806.webp,coniferous_pine_forest,train,C:\Users\USER\Desktop\ai_dataset\forestry_dataset_splitted\train\coniferous_pine_forest\coniferous_806.webp
coniferous_807.jpg,coniferous_pine_forest,train,C:\Users\USER\Desktop\ai_dataset\forestry_dataset_splitted\train\coniferous_pine_forest\coniferous_807.jpg
coniferous_808.jpg,coniferous_pine_forest,train,C:\Users\USER\Desktop\ai_dataset\forestry_dataset_splitted\train\coniferous_pine_forest\coniferous_808.jpg
coniferous_809.webp,coniferous_pine_forest,train,C:\Users\USER\Desktop\ai_dataset\forestry_dataset_splitted\train\coniferous_pine_forest\coniferous_809.webp
coniferous_81.webp,coniferous_pine_forest,train,C:\Users\USER\Desktop\ai_dataset\forestry_dataset_splitted\train\coniferous_pine_forest\coniferous_81.webp
coniferous_810.jpg,coniferous_pine_forest,train,C:\Users\USER\Desktop\ai_dataset\forestry_dataset_splitted\train\coniferous_pine_forest\coniferous_810.jpg
coniferous_811.jpg,coniferous_pine_forest,train,C:\Users\USER\Desktop\ai_dataset\forestry_dataset_splitted\train\coniferous_pine_forest\coniferous_811.jpg
coniferous_812.webp,coniferous_pine_forest,train,C:\Users\USER\Desktop\ai_dataset\forestry_dataset_splitted\train\coniferous_pine_forest\coniferous_812.webp
coniferous_813.jpg,coniferous_pine_forest,train,C:\Users\USER\Desktop\ai_dataset\forestry_dataset_splitted\train\coniferous_pine_forest\coniferous_813.jpg
coniferous_814.webp,coniferous_pine_forest,train,C:\Users\USER\Desktop\ai_dataset\forestry_dataset_splitted\train\coniferous_pine_forest\coniferous_814.webp
coniferous_815.jpg,coniferous_pine_forest,train,C:\Users\USER\Desktop\ai_dataset\forestry_dataset_splitted\train\coniferous_pine_forest\coniferous_815.jpg
coniferous_816.jpg,coniferous_pine_forest,train,C:\Users\USER\Desktop\ai_dataset\forestry_dataset_splitted\train\coniferous_pine_forest\coniferous_816.jpg
coniferous_817.jpg,coniferous_pine_forest,train,C:\Users\USER\Desktop\ai_dataset\forestry_dataset_splitted\train\coniferous_pine_forest\coniferous_817.jpg
coniferous_818.jpg,coniferous_pine_forest,train,C:\Users\USER\Desktop\ai_dataset\forestry_dataset_splitted\train\coniferous_pine_forest\coniferous_818.jpg
coniferous_819.jpg,coniferous_pine_forest,train,C:\Users\USER\Desktop\ai_dataset\forestry_dataset_splitted\train\coniferous_pine_forest\coniferous_819.jpg
coniferous_82.jpg,coniferous_pine_forest,train,C:\Users\USER\Desktop\ai_dataset\forestry_dataset_splitted\train\coniferous_pine_forest\coniferous_82.jpg
coniferous_820.jpg,coniferous_pine_forest,train,C:\Users\USER\Desktop\ai_dataset\forestry_dataset_splitted\train\coniferous_pine_forest\coniferous_820.jpg
coniferous_821.jpg,coniferous_pine_forest,train,C:\Users\USER\Desktop\ai_dataset\forestry_dataset_splitted\train\coniferous_pine_forest\coniferous_821.jpg
coniferous_822.jpg,coniferous_pine_forest,train,C:\Users\USER\Desktop\ai_dataset\forestry_dataset_splitted\train\coniferous_pine_forest\coniferous_822.jpg
coniferous_823.jpg,coniferous_pine_forest,train,C:\Users\USER\Desktop\ai_dataset\forestry_dataset_splitted\train\coniferous_pine_forest\coniferous_823.jpg
coniferous_824.webp,coniferous_pine_forest,train,C:\Users\USER\Desktop\ai_dataset\forestry_dataset_splitted\train\coniferous_pine_forest\coniferous_824.webp
coniferous_825.webp,coniferous_pine_forest,train,C:\Users\USER\Desktop\ai_dataset\forestry_dataset_splitted\train\coniferous_pine_forest\coniferous_825.webp
coniferous_826.jpg,coniferous_pine_forest,train,C:\Users\USER\Desktop\ai_dataset\forestry_dataset_splitted\train\coniferous_pine_forest\coniferous_826.jpg
coniferous_827.jpg,coniferous_pine_forest,train,C:\Users\USER\Desktop\ai_dataset\forestry_dataset_splitted\train\coniferous_pine_forest\coniferous_827.jpg
coniferous_828.jpg,coniferous_pine_forest,train,C:\Users\USER\Desktop\ai_dataset\forestry_dataset_splitted\train\coniferous_pine_forest\coniferous_828.jpg
coniferous_829.jpg,coniferous_pine_forest,train,C:\Users\USER\Desktop\ai_dataset\forestry_dataset_splitted\train\coniferous_pine_forest\coniferous_829.jpg
coniferous_83.png,coniferous_pine_forest,train,C:\Users\USER\Desktop\ai_dataset\forestry_dataset_splitted\train\coniferous_pine_forest\coniferous_83.png
coniferous_830.jpg,coniferous_pine_forest,train,C:\Users\USER\Desktop\ai_dataset\forestry_dataset_splitted\train\coniferous_pine_forest\coniferous_830.jpg
coniferous_831.jpg,coniferous_pine_forest,train,C:\Users\USER\Desktop\ai_dataset\forestry_dataset_splitted\train\coniferous_pine_forest\coniferous_831.jpg
coniferous_832.webp,coniferous_pine_forest,train,C:\Users\USER\Desktop\ai_dataset\forestry_dataset_splitted\train\coniferous_pine_forest\coniferous_832.webp
coniferous_833.jpg,coniferous_pine_forest,train,C:\Users\USER\Desktop\ai_dataset\forestry_dataset_splitted\train\coniferous_pine_forest\coniferous_833.jpg
coniferous_834.webp,coniferous_pine_forest,train,C:\Users\USER\Desktop\ai_dataset\forestry_dataset_splitted\train\coniferous_pine_forest\coniferous_834.webp
coniferous_835.webp,coniferous_pine_forest,train,C:\Users\USER\Desktop\ai_dataset\forestry_dataset_splitted\train\coniferous_pine_forest\coniferous_835.webp
coniferous_836.jpg,coniferous_pine_forest,train,C:\Users\USER\Desktop\ai_dataset\forestry_dataset_splitted\train\coniferous_pine_forest\coniferous_836.jpg
coniferous_837.jpg,coniferous_pine_forest,train,C:\Users\USER\Desktop\ai_dataset\forestry_dataset_splitted\train\coniferous_pine_forest\coniferous_837.jpg
coniferous_838.jpg,coniferous_pine_forest,train,C:\Users\USER\Desktop\ai_dataset\forestry_dataset_splitted\train\coniferous_pine_forest\coniferous_838.jpg
coniferous_839.webp,coniferous_pine_forest,train,C:\Users\USER\Desktop\ai_dataset\forestry_dataset_splitted\train\coniferous_pine_forest\coniferous_839.webp
coniferous_84.jpg,coniferous_pine_forest,train,C:\Users\USER\Desktop\ai_dataset\forestry_dataset_splitted\train\coniferous_pine_forest\coniferous_84.jpg
coniferous_840.jpg,coniferous_pine_forest,train,C:\Users\USER\Desktop\ai_dataset\forestry_dataset_splitted\train\coniferous_pine_forest\coniferous_840.jpg
coniferous_841.jpg,coniferous_pine_forest,train,C:\Users\USER\Desktop\ai_dataset\forestry_dataset_splitted\train\coniferous_pine_forest\coniferous_841.jpg
coniferous_842.jpg,coniferous_pine_forest,train,C:\Users\USER\Desktop\ai_dataset\forestry_dataset_splitted\train\coniferous_pine_forest\coniferous_842.jpg
coniferous_843.jpg,coniferous_pine_forest,train,C:\Users\USER\Desktop\ai_dataset\forestry_dataset_splitted\train\coniferous_pine_forest\coniferous_843.jpg
coniferous_844.jpg,coniferous_pine_forest,train,C:\Users\USER\Desktop\ai_dataset\forestry_dataset_splitted\train\coniferous_pine_forest\coniferous_844.jpg
coniferous_845.jpg,coniferous_pine_forest,train,C:\Users\USER\Desktop\ai_dataset\forestry_dataset_splitted\train\coniferous_pine_forest\coniferous_845.jpg
coniferous_846.jpg,coniferous_pine_forest,train,C:\Users\USER\Desktop\ai_dataset\forestry_dataset_splitted\train\coniferous_pine_forest\coniferous_846.jpg
coniferous_847.webp,coniferous_pine_forest,train,C:\Users\USER\Desktop\ai_dataset\forestry_dataset_splitted\train\coniferous_pine_forest\coniferous_847.webp
coniferous_848.webp,coniferous_pine_forest,train,C:\Users\USER\Desktop\ai_dataset\forestry_dataset_splitted\train\coniferous_pine_forest\coniferous_848.webp
coniferous_849.jpg,coniferous_pine_forest,train,C:\Users\USER\Desktop\ai_dataset\forestry_dataset_splitted\train\coniferous_pine_forest\coniferous_849.jpg
coniferous_85.jpg,coniferous_pine_forest,train,C:\Users\USER\Desktop\ai_dataset\forestry_dataset_splitted\train\coniferous_pine_forest\coniferous_85.jpg
coniferous_850.jpg,coniferous_pine_forest,train,C:\Users\USER\Desktop\ai_dataset\forestry_dataset_splitted\train\coniferous_pine_forest\coniferous_850.jpg
coniferous_851.jpg,coniferous_pine_forest,train,C:\Users\USER\Desktop\ai_dataset\forestry_dataset_splitted\train\coniferous_pine_forest\coniferous_851.jpg
coniferous_852.jpg,coniferous_pine_forest,train,C:\Users\USER\Desktop\ai_dataset\forestry_dataset_splitted\train\coniferous_pine_forest\coniferous_852.jpg
coniferous_853.webp,coniferous_pine_forest,train,C:\Users\USER\Desktop\ai_dataset\forestry_dataset_splitted\train\coniferous_pine_forest\coniferous_853.webp
coniferous_854.jpg,coniferous_pine_forest,train,C:\Users\USER\Desktop\ai_dataset\forestry_dataset_splitted\train\coniferous_pine_forest\coniferous_854.jpg
coniferous_855.jpg,coniferous_pine_forest,train,C:\Users\USER\Desktop\ai_dataset\forestry_dataset_splitted\train\coniferous_pine_forest\coniferous_855.jpg
coniferous_856.jpg,coniferous_pine_forest,train,C:\Users\USER\Desktop\ai_dataset\forestry_dataset_splitted\train\coniferous_pine_forest\coniferous_856.jpg
coniferous_857.jpg,coniferous_pine_forest,train,C:\Users\USER\Desktop\ai_dataset\forestry_dataset_splitted\train\coniferous_pine_forest\coniferous_857.jpg
coniferous_858.webp,coniferous_pine_forest,train,C:\Users\USER\Desktop\ai_dataset\forestry_dataset_splitted\train\coniferous_pine_forest\coniferous_858.webp
coniferous_859.jpg,coniferous_pine_forest,train,C:\Users\USER\Desktop\ai_dataset\forestry_dataset_splitted\train\coniferous_pine_forest\coniferous_859.jpg
coniferous_86.jpg,coniferous_pine_forest,train,C:\Users\USER\Desktop\ai_dataset\forestry_dataset_splitted\train\coniferous_pine_forest\coniferous_86.jpg
coniferous_860.jpg,coniferous_pine_forest,train,C:\Users\USER\Desktop\ai_dataset\forestry_dataset_splitted\train\coniferous_pine_forest\coniferous_860.jpg
coniferous_861.jpg,coniferous_pine_forest,train,C:\Users\USER\Desktop\ai_dataset\forestry_dataset_splitted\train\coniferous_pine_forest\coniferous_861.jpg
coniferous_862.jpg,coniferous_pine_forest,train,C:\Users\USER\Desktop\ai_dataset\forestry_dataset_splitted\train\coniferous_pine_forest\coniferous_862.jpg
coniferous_863.jpg,coniferous_pine_forest,train,C:\Users\USER\Desktop\ai_dataset\forestry_dataset_splitted\train\coniferous_pine_forest\coniferous_863.jpg
coniferous_864.webp,coniferous_pine_forest,train,C:\Users\USER\Desktop\ai_dataset\forestry_dataset_splitted\train\coniferous_pine_forest\coniferous_864.webp
coniferous_865.jpg,coniferous_pine_forest,train,C:\Users\USER\Desktop\ai_dataset\forestry_dataset_splitted\train\coniferous_pine_forest\coniferous_865.jpg
coniferous_866.webp,coniferous_pine_forest,train,C:\Users\USER\Desktop\ai_dataset\forestry_dataset_splitted\train\coniferous_pine_forest\coniferous_866.webp
coniferous_867.jpg,coniferous_pine_forest,train,C:\Users\USER\Desktop\ai_dataset\forestry_dataset_splitted\train\coniferous_pine_forest\coniferous_867.jpg
coniferous_868.jpg,coniferous_pine_forest,train,C:\Users\USER\Desktop\ai_dataset\forestry_dataset_splitted\train\coniferous_pine_forest\coniferous_868.jpg
coniferous_869.jpg,coniferous_pine_forest,train,C:\Users\USER\Desktop\ai_dataset\forestry_dataset_splitted\train\coniferous_pine_forest\coniferous_869.jpg
coniferous_87.jpg,coniferous_pine_forest,train,C:\Users\USER\Desktop\ai_dataset\forestry_dataset_splitted\train\coniferous_pine_forest\coniferous_87.jpg
coniferous_870.webp,coniferous_pine_forest,train,C:\Users\USER\Desktop\ai_dataset\forestry_dataset_splitted\train\coniferous_pine_forest\coniferous_870.webp
coniferous_871.jpg,coniferous_pine_forest,train,C:\Users\USER\Desktop\ai_dataset\forestry_dataset_splitted\train\coniferous_pine_forest\coniferous_871.jpg
coniferous_872.jpg,coniferous_pine_forest,train,C:\Users\USER\Desktop\ai_dataset\forestry_dataset_splitted\train\coniferous_pine_forest\coniferous_872.jpg
coniferous_873.jpg,coniferous_pine_forest,train,C:\Users\USER\Desktop\ai_dataset\forestry_dataset_splitted\train\coniferous_pine_forest\coniferous_873.jpg
coniferous_874.jpg,coniferous_pine_forest,train,C:\Users\USER\Desktop\ai_dataset\forestry_dataset_splitted\train\coniferous_pine_forest\coniferous_874.jpg
coniferous_875.jpg,coniferous_pine_forest,train,C:\Users\USER\Desktop\ai_dataset\forestry_dataset_splitted\train\coniferous_pine_forest\coniferous_875.jpg
coniferous_876.jpg,coniferous_pine_forest,train,C:\Users\USER\Desktop\ai_dataset\forestry_dataset_splitted\train\coniferous_pine_forest\coniferous_876.jpg
coniferous_877.jpg,coniferous_pine_forest,train,C:\Users\USER\Desktop\ai_dataset\forestry_dataset_splitted\train\coniferous_pine_forest\coniferous_877.jpg
coniferous_878.jpg,coniferous_pine_forest,train,C:\Users\USER\Desktop\ai_dataset\forestry_dataset_splitted\train\coniferous_pine_forest\coniferous_878.jpg
coniferous_879.jpg,coniferous_pine_forest,train,C:\Users\USER\Desktop\ai_dataset\forestry_dataset_splitted\train\coniferous_pine_forest\coniferous_879.jpg
coniferous_88.jpg,coniferous_pine_forest,train,C:\Users\USER\Desktop\ai_dataset\forestry_dataset_splitted\train\coniferous_pine_forest\coniferous_88.jpg
coniferous_880.jpg,coniferous_pine_forest,train,C:\Users\USER\Desktop\ai_dataset\forestry_dataset_splitted\train\coniferous_pine_forest\coniferous_880.jpg
coniferous_881.webp,coniferous_pine_forest,train,C:\Users\USER\Desktop\ai_dataset\forestry_dataset_splitted\train\coniferous_pine_forest\coniferous_881.webp
coniferous_882.jpg,coniferous_pine_forest,train,C:\Users\USER\Desktop\ai_dataset\forestry_dataset_splitted\train\coniferous_pine_forest\coniferous_882.jpg
coniferous_883.webp,coniferous_pine_forest,train,C:\Users\USER\Desktop\ai_dataset\forestry_dataset_splitted\train\coniferous_pine_forest\coniferous_883.webp
coniferous_884.webp,coniferous_pine_forest,train,C:\Users\USER\Desktop\ai_dataset\forestry_dataset_splitted\train\coniferous_pine_forest\coniferous_884.webp
coniferous_885.webp,coniferous_pine_forest,train,C:\Users\USER\Desktop\ai_dataset\forestry_dataset_splitted\train\coniferous_pine_forest\coniferous_885.webp
coniferous_886.jpg,coniferous_pine_forest,train,C:\Users\USER\Desktop\ai_dataset\forestry_dataset_splitted\train\coniferous_pine_forest\coniferous_886.jpg
coniferous_887.webp,coniferous_pine_forest,train,C:\Users\USER\Desktop\ai_dataset\forestry_dataset_splitted\train\coniferous_pine_forest\coniferous_887.webp
coniferous_888.jpg,coniferous_pine_forest,train,C:\Users\USER\Desktop\ai_dataset\forestry_dataset_splitted\train\coniferous_pine_forest\coniferous_888.jpg
coniferous_889.webp,coniferous_pine_forest,train,C:\Users\USER\Desktop\ai_dataset\forestry_dataset_splitted\train\coniferous_pine_forest\coniferous_889.webp
coniferous_89.jpg,coniferous_pine_forest,train,C:\Users\USER\Desktop\ai_dataset\forestry_dataset_splitted\train\coniferous_pine_forest\coniferous_89.jpg
coniferous_890.jpg,coniferous_pine_forest,train,C:\Users\USER\Desktop\ai_dataset\forestry_dataset_splitted\train\coniferous_pine_forest\coniferous_890.jpg
coniferous_891.jpg,coniferous_pine_forest,train,C:\Users\USER\Desktop\ai_dataset\forestry_dataset_splitted\train\coniferous_pine_forest\coniferous_891.jpg
coniferous_892.jpg,coniferous_pine_forest,train,C:\Users\USER\Desktop\ai_dataset\forestry_dataset_splitted\train\coniferous_pine_forest\coniferous_892.jpg
coniferous_893.jpg,coniferous_pine_forest,train,C:\Users\USER\Desktop\ai_dataset\forestry_dataset_splitted\train\coniferous_pine_forest\coniferous_893.jpg
coniferous_894.jpg,coniferous_pine_forest,train,C:\Users\USER\Desktop\ai_dataset\forestry_dataset_splitted\train\coniferous_pine_forest\coniferous_894.jpg
coniferous_895.jpg,coniferous_pine_forest,train,C:\Users\USER\Desktop\ai_dataset\forestry_dataset_splitted\train\coniferous_pine_forest\coniferous_895.jpg
coniferous_896.jpg,coniferous_pine_forest,train,C:\Users\USER\Desktop\ai_dataset\forestry_dataset_splitted\train\coniferous_pine_forest\coniferous_896.jpg
coniferous_897.jpg,coniferous_pine_forest,train,C:\Users\USER\Desktop\ai_dataset\forestry_dataset_splitted\train\coniferous_pine_forest\coniferous_897.jpg
coniferous_898.webp,coniferous_pine_forest,train,C:\Users\USER\Desktop\ai_dataset\forestry_dataset_splitted\train\coniferous_pine_forest\coniferous_898.webp
coniferous_899.jpg,coniferous_pine_forest,train,C:\Users\USER\Desktop\ai_dataset\forestry_dataset_splitted\train\coniferous_pine_forest\coniferous_899.jpg
coniferous_9.jpg,coniferous_pine_forest,train,C:\Users\USER\Desktop\ai_dataset\forestry_dataset_splitted\train\coniferous_pine_forest\coniferous_9.jpg
coniferous_90.jpg,coniferous_pine_forest,train,C:\Users\USER\Desktop\ai_dataset\forestry_dataset_splitted\train\coniferous_pine_forest\coniferous_90.jpg
coniferous_900.jpg,coniferous_pine_forest,train,C:\Users\USER\Desktop\ai_dataset\forestry_dataset_splitted\train\coniferous_pine_forest\coniferous_900.jpg
coniferous_901.jpg,coniferous_pine_forest,train,C:\Users\USER\Desktop\ai_dataset\forestry_dataset_splitted\train\coniferous_pine_forest\coniferous_901.jpg
coniferous_902.jpg,coniferous_pine_forest,train,C:\Users\USER\Desktop\ai_dataset\forestry_dataset_splitted\train\coniferous_pine_forest\coniferous_902.jpg
coniferous_903.webp,coniferous_pine_forest,train,C:\Users\USER\Desktop\ai_dataset\forestry_dataset_splitted\train\coniferous_pine_forest\coniferous_903.webp
coniferous_904.jpg,coniferous_pine_forest,train,C:\Users\USER\Desktop\ai_dataset\forestry_dataset_splitted\train\coniferous_pine_forest\coniferous_904.jpg
coniferous_905.jpg,coniferous_pine_forest,train,C:\Users\USER\Desktop\ai_dataset\forestry_dataset_splitted\train\coniferous_pine_forest\coniferous_905.jpg
coniferous_906.jpg,coniferous_pine_forest,train,C:\Users\USER\Desktop\ai_dataset\forestry_dataset_splitted\train\coniferous_pine_forest\coniferous_906.jpg
coniferous_907.jpg,coniferous_pine_forest,train,C:\Users\USER\Desktop\ai_dataset\forestry_dataset_splitted\train\coniferous_pine_forest\coniferous_907.jpg
coniferous_908.jpg,coniferous_pine_forest,train,C:\Users\USER\Desktop\ai_dataset\forestry_dataset_splitted\train\coniferous_pine_forest\coniferous_908.jpg
coniferous_909.webp,coniferous_pine_forest,train,C:\Users\USER\Desktop\ai_dataset\forestry_dataset_splitted\train\coniferous_pine_forest\coniferous_909.webp
coniferous_91.jpg,coniferous_pine_forest,train,C:\Users\USER\Desktop\ai_dataset\forestry_dataset_splitted\train\coniferous_pine_forest\coniferous_91.jpg
coniferous_910.jpg,coniferous_pine_forest,train,C:\Users\USER\Desktop\ai_dataset\forestry_dataset_splitted\train\coniferous_pine_forest\coniferous_910.jpg
coniferous_911.jpg,coniferous_pine_forest,train,C:\Users\USER\Desktop\ai_dataset\forestry_dataset_splitted\train\coniferous_pine_forest\coniferous_911.jpg
coniferous_912.webp,coniferous_pine_forest,train,C:\Users\USER\Desktop\ai_dataset\forestry_dataset_splitted\train\coniferous_pine_forest\coniferous_912.webp
coniferous_913.jpg,coniferous_pine_forest,train,C:\Users\USER\Desktop\ai_dataset\forestry_dataset_splitted\train\coniferous_pine_forest\coniferous_913.jpg
coniferous_914.jpg,coniferous_pine_forest,train,C:\Users\USER\Desktop\ai_dataset\forestry_dataset_splitted\train\coniferous_pine_forest\coniferous_914.jpg
coniferous_915.jpg,coniferous_pine_forest,train,C:\Users\USER\Desktop\ai_dataset\forestry_dataset_splitted\train\coniferous_pine_forest\coniferous_915.jpg
coniferous_916.jpg,coniferous_pine_forest,train,C:\Users\USER\Desktop\ai_dataset\forestry_dataset_splitted\train\coniferous_pine_forest\coniferous_916.jpg
coniferous_917.jpg,coniferous_pine_forest,train,C:\Users\USER\Desktop\ai_dataset\forestry_dataset_splitted\train\coniferous_pine_forest\coniferous_917.jpg
coniferous_918.jpg,coniferous_pine_forest,train,C:\Users\USER\Desktop\ai_dataset\forestry_dataset_splitted\train\coniferous_pine_forest\coniferous_918.jpg
coniferous_919.jpg,coniferous_pine_forest,train,C:\Users\USER\Desktop\ai_dataset\forestry_dataset_splitted\train\coniferous_pine_forest\coniferous_919.jpg
coniferous_92.jpg,coniferous_pine_forest,train,C:\Users\USER\Desktop\ai_dataset\forestry_dataset_splitted\train\coniferous_pine_forest\coniferous_92.jpg
coniferous_920.webp,coniferous_pine_forest,train,C:\Users\USER\Desktop\ai_dataset\forestry_dataset_splitted\train\coniferous_pine_forest\coniferous_920.webp
coniferous_921.jpg,coniferous_pine_forest,train,C:\Users\USER\Desktop\ai_dataset\forestry_dataset_splitted\train\coniferous_pine_forest\coniferous_921.jpg
coniferous_922.jpg,coniferous_pine_forest,train,C:\Users\USER\Desktop\ai_dataset\forestry_dataset_splitted\train\coniferous_pine_forest\coniferous_922.jpg
coniferous_923.jpg,coniferous_pine_forest,train,C:\Users\USER\Desktop\ai_dataset\forestry_dataset_splitted\train\coniferous_pine_forest\coniferous_923.jpg
coniferous_924.jpg,coniferous_pine_forest,train,C:\Users\USER\Desktop\ai_dataset\forestry_dataset_splitted\train\coniferous_pine_forest\coniferous_924.jpg
coniferous_925.jpg,coniferous_pine_forest,train,C:\Users\USER\Desktop\ai_dataset\forestry_dataset_splitted\train\coniferous_pine_forest\coniferous_925.jpg
coniferous_926.jpg,coniferous_pine_forest,train,C:\Users\USER\Desktop\ai_dataset\forestry_dataset_splitted\train\coniferous_pine_forest\coniferous_926.jpg
coniferous_927.jpg,coniferous_pine_forest,train,C:\Users\USER\Desktop\ai_dataset\forestry_dataset_splitted\train\coniferous_pine_forest\coniferous_927.jpg
coniferous_928.webp,coniferous_pine_forest,train,C:\Users\USER\Desktop\ai_dataset\forestry_dataset_splitted\train\coniferous_pine_forest\coniferous_928.webp
coniferous_929.jpg,coniferous_pine_forest,train,C:\Users\USER\Desktop\ai_dataset\forestry_dataset_splitted\train\coniferous_pine_forest\coniferous_929.jpg
coniferous_93.jpg,coniferous_pine_forest,train,C:\Users\USER\Desktop\ai_dataset\forestry_dataset_splitted\train\coniferous_pine_forest\coniferous_93.jpg
coniferous_930.jpg,coniferous_pine_forest,train,C:\Users\USER\Desktop\ai_dataset\forestry_dataset_splitted\train\coniferous_pine_forest\coniferous_930.jpg
coniferous_931.jpg,coniferous_pine_forest,train,C:\Users\USER\Desktop\ai_dataset\forestry_dataset_splitted\train\coniferous_pine_forest\coniferous_931.jpg
coniferous_932.jpg,coniferous_pine_forest,train,C:\Users\USER\Desktop\ai_dataset\forestry_dataset_splitted\train\coniferous_pine_forest\coniferous_932.jpg
coniferous_933.jpg,coniferous_pine_forest,train,C:\Users\USER\Desktop\ai_dataset\forestry_dataset_splitted\train\coniferous_pine_forest\coniferous_933.jpg
coniferous_934.jpg,coniferous_pine_forest,train,C:\Users\USER\Desktop\ai_dataset\forestry_dataset_splitted\train\coniferous_pine_forest\coniferous_934.jpg
coniferous_935.jpg,coniferous_pine_forest,train,C:\Users\USER\Desktop\ai_dataset\forestry_dataset_splitted\train\coniferous_pine_forest\coniferous_935.jpg
coniferous_936.jpg,coniferous_pine_forest,train,C:\Users\USER\Desktop\ai_dataset\forestry_dataset_splitted\train\coniferous_pine_forest\coniferous_936.jpg
coniferous_937.jpg,coniferous_pine_forest,train,C:\Users\USER\Desktop\ai_dataset\forestry_dataset_splitted\train\coniferous_pine_forest\coniferous_937.jpg
coniferous_938.webp,coniferous_pine_forest,train,C:\Users\USER\Desktop\ai_dataset\forestry_dataset_splitted\train\coniferous_pine_forest\coniferous_938.webp
coniferous_939.jpg,coniferous_pine_forest,train,C:\Users\USER\Desktop\ai_dataset\forestry_dataset_splitted\train\coniferous_pine_forest\coniferous_939.jpg
coniferous_94.webp,coniferous_pine_forest,train,C:\Users\USER\Desktop\ai_dataset\forestry_dataset_splitted\train\coniferous_pine_forest\coniferous_94.webp
coniferous_940.jpg,coniferous_pine_forest,train,C:\Users\USER\Desktop\ai_dataset\forestry_dataset_splitted\train\coniferous_pine_forest\coniferous_940.jpg
coniferous_941.jpg,coniferous_pine_forest,train,C:\Users\USER\Desktop\ai_dataset\forestry_dataset_splitted\train\coniferous_pine_forest\coniferous_941.jpg
coniferous_942.jpg,coniferous_pine_forest,train,C:\Users\USER\Desktop\ai_dataset\forestry_dataset_splitted\train\coniferous_pine_forest\coniferous_942.jpg
coniferous_943.webp,coniferous_pine_forest,train,C:\Users\USER\Desktop\ai_dataset\forestry_dataset_splitted\train\coniferous_pine_forest\coniferous_943.webp
coniferous_944.jpg,coniferous_pine_forest,train,C:\Users\USER\Desktop\ai_dataset\forestry_dataset_splitted\train\coniferous_pine_forest\coniferous_944.jpg
coniferous_945.jpg,coniferous_pine_forest,train,C:\Users\USER\Desktop\ai_dataset\forestry_dataset_splitted\train\coniferous_pine_forest\coniferous_945.jpg
coniferous_946.jpg,coniferous_pine_forest,train,C:\Users\USER\Desktop\ai_dataset\forestry_dataset_splitted\train\coniferous_pine_forest\coniferous_946.jpg
coniferous_947.jpg,coniferous_pine_forest,train,C:\Users\USER\Desktop\ai_dataset\forestry_dataset_splitted\train\coniferous_pine_forest\coniferous_947.jpg
coniferous_948.jpg,coniferous_pine_forest,train,C:\Users\USER\Desktop\ai_dataset\forestry_dataset_splitted\train\coniferous_pine_forest\coniferous_948.jpg
coniferous_949.jpg,coniferous_pine_forest,train,C:\Users\USER\Desktop\ai_dataset\forestry_dataset_splitted\train\coniferous_pine_forest\coniferous_949.jpg
coniferous_95.jpg,coniferous_pine_forest,train,C:\Users\USER\Desktop\ai_dataset\forestry_dataset_splitted\train\coniferous_pine_forest\coniferous_95.jpg
coniferous_950.jpg,coniferous_pine_forest,train,C:\Users\USER\Desktop\ai_dataset\forestry_dataset_splitted\train\coniferous_pine_forest\coniferous_950.jpg
coniferous_951.jpg,coniferous_pine_forest,train,C:\Users\USER\Desktop\ai_dataset\forestry_dataset_splitted\train\coniferous_pine_forest\coniferous_951.jpg
coniferous_952.jpg,coniferous_pine_forest,train,C:\Users\USER\Desktop\ai_dataset\forestry_dataset_splitted\train\coniferous_pine_forest\coniferous_952.jpg
coniferous_953.jpg,coniferous_pine_forest,train,C:\Users\USER\Desktop\ai_dataset\forestry_dataset_splitted\train\coniferous_pine_forest\coniferous_953.jpg
coniferous_954.jpg,coniferous_pine_forest,train,C:\Users\USER\Desktop\ai_dataset\forestry_dataset_splitted\train\coniferous_pine_forest\coniferous_954.jpg
coniferous_955.jpg,coniferous_pine_forest,train,C:\Users\USER\Desktop\ai_dataset\forestry_dataset_splitted\train\coniferous_pine_forest\coniferous_955.jpg
coniferous_956.webp,coniferous_pine_forest,train,C:\Users\USER\Desktop\ai_dataset\forestry_dataset_splitted\train\coniferous_pine_forest\coniferous_956.webp
coniferous_957.jpg,coniferous_pine_forest,train,C:\Users\USER\Desktop\ai_dataset\forestry_dataset_splitted\train\coniferous_pine_forest\coniferous_957.jpg
coniferous_958.webp,coniferous_pine_forest,train,C:\Users\USER\Desktop\ai_dataset\forestry_dataset_splitted\train\coniferous_pine_forest\coniferous_958.webp
coniferous_959.jpg,coniferous_pine_forest,train,C:\Users\USER\Desktop\ai_dataset\forestry_dataset_splitted\train\coniferous_pine_forest\coniferous_959.jpg
coniferous_96.jpg,coniferous_pine_forest,train,C:\Users\USER\Desktop\ai_dataset\forestry_dataset_splitted\train\coniferous_pine_forest\coniferous_96.jpg
coniferous_960.jpg,coniferous_pine_forest,train,C:\Users\USER\Desktop\ai_dataset\forestry_dataset_splitted\train\coniferous_pine_forest\coniferous_960.jpg
coniferous_961.jpg,coniferous_pine_forest,train,C:\Users\USER\Desktop\ai_dataset\forestry_dataset_splitted\train\coniferous_pine_forest\coniferous_961.jpg
coniferous_962.jpg,coniferous_pine_forest,train,C:\Users\USER\Desktop\ai_dataset\forestry_dataset_splitted\train\coniferous_pine_forest\coniferous_962.jpg
coniferous_963.jpg,coniferous_pine_forest,train,C:\Users\USER\Desktop\ai_dataset\forestry_dataset_splitted\train\coniferous_pine_forest\coniferous_963.jpg
coniferous_964.jpg,coniferous_pine_forest,train,C:\Users\USER\Desktop\ai_dataset\forestry_dataset_splitted\train\coniferous_pine_forest\coniferous_964.jpg
coniferous_965.jpg,coniferous_pine_forest,train,C:\Users\USER\Desktop\ai_dataset\forestry_dataset_splitted\train\coniferous_pine_forest\coniferous_965.jpg
coniferous_966.jpg,coniferous_pine_forest,train,C:\Users\USER\Desktop\ai_dataset\forestry_dataset_splitted\train\coniferous_pine_forest\coniferous_966.jpg
coniferous_967.webp,coniferous_pine_forest,train,C:\Users\USER\Desktop\ai_dataset\forestry_dataset_splitted\train\coniferous_pine_forest\coniferous_967.webp
coniferous_968.jpg,coniferous_pine_forest,train,C:\Users\USER\Desktop\ai_dataset\forestry_dataset_splitted\train\coniferous_pine_forest\coniferous_968.jpg
coniferous_969.jpg,coniferous_pine_forest,train,C:\Users\USER\Desktop\ai_dataset\forestry_dataset_splitted\train\coniferous_pine_forest\coniferous_969.jpg
coniferous_97.jpg,coniferous_pine_forest,train,C:\Users\USER\Desktop\ai_dataset\forestry_dataset_splitted\train\coniferous_pine_forest\coniferous_97.jpg
coniferous_970.webp,coniferous_pine_forest,train,C:\Users\USER\Desktop\ai_dataset\forestry_dataset_splitted\train\coniferous_pine_forest\coniferous_970.webp
coniferous_971.webp,coniferous_pine_forest,train,C:\Users\USER\Desktop\ai_dataset\forestry_dataset_splitted\train\coniferous_pine_forest\coniferous_971.webp
coniferous_972.jpg,coniferous_pine_forest,train,C:\Users\USER\Desktop\ai_dataset\forestry_dataset_splitted\train\coniferous_pine_forest\coniferous_972.jpg
coniferous_973.jpg,coniferous_pine_forest,train,C:\Users\USER\Desktop\ai_dataset\forestry_dataset_splitted\train\coniferous_pine_forest\coniferous_973.jpg
coniferous_974.png,coniferous_pine_forest,train,C:\Users\USER\Desktop\ai_dataset\forestry_dataset_splitted\train\coniferous_pine_forest\coniferous_974.png
coniferous_975.jpg,coniferous_pine_forest,train,C:\Users\USER\Desktop\ai_dataset\forestry_dataset_splitted\train\coniferous_pine_forest\coniferous_975.jpg
coniferous_976.jpg,coniferous_pine_forest,train,C:\Users\USER\Desktop\ai_dataset\forestry_dataset_splitted\train\coniferous_pine_forest\coniferous_976.jpg
coniferous_977.jpg,coniferous_pine_forest,train,C:\Users\USER\Desktop\ai_dataset\forestry_dataset_splitted\train\coniferous_pine_forest\coniferous_977.jpg
coniferous_978.jpg,coniferous_pine_forest,train,C:\Users\USER\Desktop\ai_dataset\forestry_dataset_splitted\train\coniferous_pine_forest\coniferous_978.jpg
coniferous_979.jpg,coniferous_pine_forest,train,C:\Users\USER\Desktop\ai_dataset\forestry_dataset_splitted\train\coniferous_pine_forest\coniferous_979.jpg
coniferous_98.jpg,coniferous_pine_forest,train,C:\Users\USER\Desktop\ai_dataset\forestry_dataset_splitted\train\coniferous_pine_forest\coniferous_98.jpg
coniferous_980.webp,coniferous_pine_forest,train,C:\Users\USER\Desktop\ai_dataset\forestry_dataset_splitted\train\coniferous_pine_forest\coniferous_980.webp
coniferous_981.webp,coniferous_pine_forest,train,C:\Users\USER\Desktop\ai_dataset\forestry_dataset_splitted\train\coniferous_pine_forest\coniferous_981.webp
coniferous_982.webp,coniferous_pine_forest,train,C:\Users\USER\Desktop\ai_dataset\forestry_dataset_splitted\train\coniferous_pine_forest\coniferous_982.webp
coniferous_983.jpg,coniferous_pine_forest,train,C:\Users\USER\Desktop\ai_dataset\forestry_dataset_splitted\train\coniferous_pine_forest\coniferous_983.jpg
coniferous_984.jpg,coniferous_pine_forest,train,C:\Users\USER\Desktop\ai_dataset\forestry_dataset_splitted\train\coniferous_pine_forest\coniferous_984.jpg
coniferous_985.jpg,coniferous_pine_forest,train,C:\Users\USER\Desktop\ai_dataset\forestry_dataset_splitted\train\coniferous_pine_forest\coniferous_985.jpg
coniferous_99.jpg,coniferous_pine_forest,train,C:\Users\USER\Desktop\ai_dataset\forestry_dataset_splitted\train\coniferous_pine_forest\coniferous_99.jpg
mangrove_1.webp,mangrove_forest,train,C:\Users\USER\Desktop\ai_dataset\forestry_dataset_splitted\train\mangrove_forest\mangrove_1.webp
mangrove_10.jpg,mangrove_forest,train,C:\Users\USER\Desktop\ai_dataset\forestry_dataset_splitted\train\mangrove_forest\mangrove_10.jpg
mangrove_100.jpg,mangrove_forest,train,C:\Users\USER\Desktop\ai_dataset\forestry_dataset_splitted\train\mangrove_forest\mangrove_100.jpg
mangrove_1000.jpg,mangrove_forest,train,C:\Users\USER\Desktop\ai_dataset\forestry_dataset_splitted\train\mangrove_forest\mangrove_1000.jpg
mangrove_1001.jpg,mangrove_forest,train,C:\Users\USER\Desktop\ai_dataset\forestry_dataset_splitted\train\mangrove_forest\mangrove_1001.jpg
mangrove_1002.webp,mangrove_forest,train,C:\Users\USER\Desktop\ai_dataset\forestry_dataset_splitted\train\mangrove_forest\mangrove_1002.webp
mangrove_1003.jpg,mangrove_forest,train,C:\Users\USER\Desktop\ai_dataset\forestry_dataset_splitted\train\mangrove_forest\mangrove_1003.jpg
mangrove_1004.png,mangrove_forest,train,C:\Users\USER\Desktop\ai_dataset\forestry_dataset_splitted\train\mangrove_forest\mangrove_1004.png
mangrove_1005.jpg,mangrove_forest,train,C:\Users\USER\Desktop\ai_dataset\forestry_dataset_splitted\train\mangrove_forest\mangrove_1005.jpg
mangrove_1006.webp,mangrove_forest,train,C:\Users\USER\Desktop\ai_dataset\forestry_dataset_splitted\train\mangrove_forest\mangrove_1006.webp
mangrove_1007.jpg,mangrove_forest,train,C:\Users\USER\Desktop\ai_dataset\forestry_dataset_splitted\train\mangrove_forest\mangrove_1007.jpg
mangrove_1008.jpg,mangrove_forest,train,C:\Users\USER\Desktop\ai_dataset\forestry_dataset_splitted\train\mangrove_forest\mangrove_1008.jpg
mangrove_1009.jpg,mangrove_forest,train,C:\Users\USER\Desktop\ai_dataset\forestry_dataset_splitted\train\mangrove_forest\mangrove_1009.jpg
mangrove_101.jpg,mangrove_forest,train,C:\Users\USER\Desktop\ai_dataset\forestry_dataset_splitted\train\mangrove_forest\mangrove_101.jpg
mangrove_1010.jpg,mangrove_forest,train,C:\Users\USER\Desktop\ai_dataset\forestry_dataset_splitted\train\mangrove_forest\mangrove_1010.jpg
mangrove_1011.jpg,mangrove_forest,train,C:\Users\USER\Desktop\ai_dataset\forestry_dataset_splitted\train\mangrove_forest\mangrove_1011.jpg
mangrove_1012.jpg,mangrove_forest,train,C:\Users\USER\Desktop\ai_dataset\forestry_dataset_splitted\train\mangrove_forest\mangrove_1012.jpg
mangrove_1013.jpg,mangrove_forest,train,C:\Users\USER\Desktop\ai_dataset\forestry_dataset_splitted\train\mangrove_forest\mangrove_1013.jpg
mangrove_1014.jpg,mangrove_forest,train,C:\Users\USER\Desktop\ai_dataset\forestry_dataset_splitted\train\mangrove_forest\mangrove_1014.jpg
mangrove_1015.jpg,mangrove_forest,train,C:\Users\USER\Desktop\ai_dataset\forestry_dataset_splitted\train\mangrove_forest\mangrove_1015.jpg
mangrove_1016.jpg,mangrove_forest,train,C:\Users\USER\Desktop\ai_dataset\forestry_dataset_splitted\train\mangrove_forest\mangrove_1016.jpg
mangrove_1017.jpg,mangrove_forest,train,C:\Users\USER\Desktop\ai_dataset\forestry_dataset_splitted\train\mangrove_forest\mangrove_1017.jpg
mangrove_1018.jpg,mangrove_forest,train,C:\Users\USER\Desktop\ai_dataset\forestry_dataset_splitted\train\mangrove_forest\mangrove_1018.jpg
mangrove_1019.jpg,mangrove_forest,train,C:\Users\USER\Desktop\ai_dataset\forestry_dataset_splitted\train\mangrove_forest\mangrove_1019.jpg
mangrove_102.jpg,mangrove_forest,train,C:\Users\USER\Desktop\ai_dataset\forestry_dataset_splitted\train\mangrove_forest\mangrove_102.jpg
mangrove_1020.jpg,mangrove_forest,train,C:\Users\USER\Desktop\ai_dataset\forestry_dataset_splitted\train\mangrove_forest\mangrove_1020.jpg
mangrove_1021.jpg,mangrove_forest,train,C:\Users\USER\Desktop\ai_dataset\forestry_dataset_splitted\train\mangrove_forest\mangrove_1021.jpg
mangrove_1022.jpg,mangrove_forest,train,C:\Users\USER\Desktop\ai_dataset\forestry_dataset_splitted\train\mangrove_forest\mangrove_1022.jpg
mangrove_1023.jpg,mangrove_forest,train,C:\Users\USER\Desktop\ai_dataset\forestry_dataset_splitted\train\mangrove_forest\mangrove_1023.jpg
mangrove_1024.jpg,mangrove_forest,train,C:\Users\USER\Desktop\ai_dataset\forestry_dataset_splitted\train\mangrove_forest\mangrove_1024.jpg
mangrove_1025.webp,mangrove_forest,train,C:\Users\USER\Desktop\ai_dataset\forestry_dataset_splitted\train\mangrove_forest\mangrove_1025.webp
mangrove_1026.jpg,mangrove_forest,train,C:\Users\USER\Desktop\ai_dataset\forestry_dataset_splitted\train\mangrove_forest\mangrove_1026.jpg
mangrove_1027.jpg,mangrove_forest,train,C:\Users\USER\Desktop\ai_dataset\forestry_dataset_splitted\train\mangrove_forest\mangrove_1027.jpg
mangrove_1028.jpg,mangrove_forest,train,C:\Users\USER\Desktop\ai_dataset\forestry_dataset_splitted\train\mangrove_forest\mangrove_1028.jpg
mangrove_1029.jpg,mangrove_forest,train,C:\Users\USER\Desktop\ai_dataset\forestry_dataset_splitted\train\mangrove_forest\mangrove_1029.jpg
mangrove_103.webp,mangrove_forest,train,C:\Users\USER\Desktop\ai_dataset\forestry_dataset_splitted\train\mangrove_forest\mangrove_103.webp
mangrove_1030.jpg,mangrove_forest,train,C:\Users\USER\Desktop\ai_dataset\forestry_dataset_splitted\train\mangrove_forest\mangrove_1030.jpg
mangrove_1031.jpg,mangrove_forest,train,C:\Users\USER\Desktop\ai_dataset\forestry_dataset_splitted\train\mangrove_forest\mangrove_1031.jpg
mangrove_1032.jpg,mangrove_forest,train,C:\Users\USER\Desktop\ai_dataset\forestry_dataset_splitted\train\mangrove_forest\mangrove_1032.jpg
mangrove_1033.png,mangrove_forest,train,C:\Users\USER\Desktop\ai_dataset\forestry_dataset_splitted\train\mangrove_forest\mangrove_1033.png
mangrove_1034.webp,mangrove_forest,train,C:\Users\USER\Desktop\ai_dataset\forestry_dataset_splitted\train\mangrove_forest\mangrove_1034.webp
mangrove_1035.jpg,mangrove_forest,train,C:\Users\USER\Desktop\ai_dataset\forestry_dataset_splitted\train\mangrove_forest\mangrove_1035.jpg
mangrove_1036.jpg,mangrove_forest,train,C:\Users\USER\Desktop\ai_dataset\forestry_dataset_splitted\train\mangrove_forest\mangrove_1036.jpg
mangrove_1037.jpg,mangrove_forest,train,C:\Users\USER\Desktop\ai_dataset\forestry_dataset_splitted\train\mangrove_forest\mangrove_1037.jpg
mangrove_1038.jpg,mangrove_forest,train,C:\Users\USER\Desktop\ai_dataset\forestry_dataset_splitted\train\mangrove_forest\mangrove_1038.jpg
mangrove_1039.jpg,mangrove_forest,train,C:\Users\USER\Desktop\ai_dataset\forestry_dataset_splitted\train\mangrove_forest\mangrove_1039.jpg
mangrove_104.webp,mangrove_forest,train,C:\Users\USER\Desktop\ai_dataset\forestry_dataset_splitted\train\mangrove_forest\mangrove_104.webp
mangrove_1040.jpg,mangrove_forest,train,C:\Users\USER\Desktop\ai_dataset\forestry_dataset_splitted\train\mangrove_forest\mangrove_1040.jpg
mangrove_105.jpg,mangrove_forest,train,C:\Users\USER\Desktop\ai_dataset\forestry_dataset_splitted\train\mangrove_forest\mangrove_105.jpg
mangrove_106.webp,mangrove_forest,train,C:\Users\USER\Desktop\ai_dataset\forestry_dataset_splitted\train\mangrove_forest\mangrove_106.webp
mangrove_107.jpg,mangrove_forest,train,C:\Users\USER\Desktop\ai_dataset\forestry_dataset_splitted\train\mangrove_forest\mangrove_107.jpg
mangrove_108.jpg,mangrove_forest,train,C:\Users\USER\Desktop\ai_dataset\forestry_dataset_splitted\train\mangrove_forest\mangrove_108.jpg
mangrove_109.jpg,mangrove_forest,train,C:\Users\USER\Desktop\ai_dataset\forestry_dataset_splitted\train\mangrove_forest\mangrove_109.jpg
mangrove_11.jpg,mangrove_forest,train,C:\Users\USER\Desktop\ai_dataset\forestry_dataset_splitted\train\mangrove_forest\mangrove_11.jpg
mangrove_110.jpg,mangrove_forest,train,C:\Users\USER\Desktop\ai_dataset\forestry_dataset_splitted\train\mangrove_forest\mangrove_110.jpg
mangrove_111.jpg,mangrove_forest,train,C:\Users\USER\Desktop\ai_dataset\forestry_dataset_splitted\train\mangrove_forest\mangrove_111.jpg
mangrove_112.jpg,mangrove_forest,train,C:\Users\USER\Desktop\ai_dataset\forestry_dataset_splitted\train\mangrove_forest\mangrove_112.jpg
mangrove_113.jpg,mangrove_forest,train,C:\Users\USER\Desktop\ai_dataset\forestry_dataset_splitted\train\mangrove_forest\mangrove_113.jpg
mangrove_114.webp,mangrove_forest,train,C:\Users\USER\Desktop\ai_dataset\forestry_dataset_splitted\train\mangrove_forest\mangrove_114.webp
mangrove_115.jpg,mangrove_forest,train,C:\Users\USER\Desktop\ai_dataset\forestry_dataset_splitted\train\mangrove_forest\mangrove_115.jpg
mangrove_116.jpg,mangrove_forest,train,C:\Users\USER\Desktop\ai_dataset\forestry_dataset_splitted\train\mangrove_forest\mangrove_116.jpg
mangrove_117.jpg,mangrove_forest,train,C:\Users\USER\Desktop\ai_dataset\forestry_dataset_splitted\train\mangrove_forest\mangrove_117.jpg
mangrove_118.jpg,mangrove_forest,train,C:\Users\USER\Desktop\ai_dataset\forestry_dataset_splitted\train\mangrove_forest\mangrove_118.jpg
mangrove_119.jpg,mangrove_forest,train,C:\Users\USER\Desktop\ai_dataset\forestry_dataset_splitted\train\mangrove_forest\mangrove_119.jpg
mangrove_12.jpg,mangrove_forest,train,C:\Users\USER\Desktop\ai_dataset\forestry_dataset_splitted\train\mangrove_forest\mangrove_12.jpg
mangrove_120.jpg,mangrove_forest,train,C:\Users\USER\Desktop\ai_dataset\forestry_dataset_splitted\train\mangrove_forest\mangrove_120.jpg
mangrove_121.jpg,mangrove_forest,train,C:\Users\USER\Desktop\ai_dataset\forestry_dataset_splitted\train\mangrove_forest\mangrove_121.jpg
mangrove_122.jpg,mangrove_forest,train,C:\Users\USER\Desktop\ai_dataset\forestry_dataset_splitted\train\mangrove_forest\mangrove_122.jpg
mangrove_123.jpg,mangrove_forest,train,C:\Users\USER\Desktop\ai_dataset\forestry_dataset_splitted\train\mangrove_forest\mangrove_123.jpg
mangrove_124.jpg,mangrove_forest,train,C:\Users\USER\Desktop\ai_dataset\forestry_dataset_splitted\train\mangrove_forest\mangrove_124.jpg
mangrove_125.jpg,mangrove_forest,train,C:\Users\USER\Desktop\ai_dataset\forestry_dataset_splitted\train\mangrove_forest\mangrove_125.jpg
mangrove_126.webp,mangrove_forest,train,C:\Users\USER\Desktop\ai_dataset\forestry_dataset_splitted\train\mangrove_forest\mangrove_126.webp
mangrove_127.jpg,mangrove_forest,train,C:\Users\USER\Desktop\ai_dataset\forestry_dataset_splitted\train\mangrove_forest\mangrove_127.jpg
mangrove_128.jpg,mangrove_forest,train,C:\Users\USER\Desktop\ai_dataset\forestry_dataset_splitted\train\mangrove_forest\mangrove_128.jpg
mangrove_129.jpg,mangrove_forest,train,C:\Users\USER\Desktop\ai_dataset\forestry_dataset_splitted\train\mangrove_forest\mangrove_129.jpg
mangrove_13.jpg,mangrove_forest,train,C:\Users\USER\Desktop\ai_dataset\forestry_dataset_splitted\train\mangrove_forest\mangrove_13.jpg
mangrove_130.jpg,mangrove_forest,train,C:\Users\USER\Desktop\ai_dataset\forestry_dataset_splitted\train\mangrove_forest\mangrove_130.jpg
mangrove_131.jpg,mangrove_forest,train,C:\Users\USER\Desktop\ai_dataset\forestry_dataset_splitted\train\mangrove_forest\mangrove_131.jpg
mangrove_132.jpg,mangrove_forest,train,C:\Users\USER\Desktop\ai_dataset\forestry_dataset_splitted\train\mangrove_forest\mangrove_132.jpg
mangrove_133.jpg,mangrove_forest,train,C:\Users\USER\Desktop\ai_dataset\forestry_dataset_splitted\train\mangrove_forest\mangrove_133.jpg
mangrove_134.webp,mangrove_forest,train,C:\Users\USER\Desktop\ai_dataset\forestry_dataset_splitted\train\mangrove_forest\mangrove_134.webp
mangrove_135.jpg,mangrove_forest,train,C:\Users\USER\Desktop\ai_dataset\forestry_dataset_splitted\train\mangrove_forest\mangrove_135.jpg
mangrove_136.jpg,mangrove_forest,train,C:\Users\USER\Desktop\ai_dataset\forestry_dataset_splitted\train\mangrove_forest\mangrove_136.jpg
mangrove_137.jpg,mangrove_forest,train,C:\Users\USER\Desktop\ai_dataset\forestry_dataset_splitted\train\mangrove_forest\mangrove_137.jpg
mangrove_138.jpg,mangrove_forest,train,C:\Users\USER\Desktop\ai_dataset\forestry_dataset_splitted\train\mangrove_forest\mangrove_138.jpg
mangrove_139.jpg,mangrove_forest,train,C:\Users\USER\Desktop\ai_dataset\forestry_dataset_splitted\train\mangrove_forest\mangrove_139.jpg
mangrove_14.jpg,mangrove_forest,train,C:\Users\USER\Desktop\ai_dataset\forestry_dataset_splitted\train\mangrove_forest\mangrove_14.jpg
mangrove_140.webp,mangrove_forest,train,C:\Users\USER\Desktop\ai_dataset\forestry_dataset_splitted\train\mangrove_forest\mangrove_140.webp
mangrove_141.jpg,mangrove_forest,train,C:\Users\USER\Desktop\ai_dataset\forestry_dataset_splitted\train\mangrove_forest\mangrove_141.jpg
mangrove_142.jpg,mangrove_forest,train,C:\Users\USER\Desktop\ai_dataset\forestry_dataset_splitted\train\mangrove_forest\mangrove_142.jpg
mangrove_143.jpg,mangrove_forest,train,C:\Users\USER\Desktop\ai_dataset\forestry_dataset_splitted\train\mangrove_forest\mangrove_143.jpg
mangrove_144.webp,mangrove_forest,train,C:\Users\USER\Desktop\ai_dataset\forestry_dataset_splitted\train\mangrove_forest\mangrove_144.webp
mangrove_145.jpg,mangrove_forest,train,C:\Users\USER\Desktop\ai_dataset\forestry_dataset_splitted\train\mangrove_forest\mangrove_145.jpg
mangrove_146.jpg,mangrove_forest,train,C:\Users\USER\Desktop\ai_dataset\forestry_dataset_splitted\train\mangrove_forest\mangrove_146.jpg
mangrove_147.webp,mangrove_forest,train,C:\Users\USER\Desktop\ai_dataset\forestry_dataset_splitted\train\mangrove_forest\mangrove_147.webp
mangrove_148.jpg,mangrove_forest,train,C:\Users\USER\Desktop\ai_dataset\forestry_dataset_splitted\train\mangrove_forest\mangrove_148.jpg
mangrove_149.jpg,mangrove_forest,train,C:\Users\USER\Desktop\ai_dataset\forestry_dataset_splitted\train\mangrove_forest\mangrove_149.jpg
mangrove_15.webp,mangrove_forest,train,C:\Users\USER\Desktop\ai_dataset\forestry_dataset_splitted\train\mangrove_forest\mangrove_15.webp
mangrove_150.jpg,mangrove_forest,train,C:\Users\USER\Desktop\ai_dataset\forestry_dataset_splitted\train\mangrove_forest\mangrove_150.jpg
mangrove_151.jpg,mangrove_forest,train,C:\Users\USER\Desktop\ai_dataset\forestry_dataset_splitted\train\mangrove_forest\mangrove_151.jpg
mangrove_152.webp,mangrove_forest,train,C:\Users\USER\Desktop\ai_dataset\forestry_dataset_splitted\train\mangrove_forest\mangrove_152.webp
mangrove_153.jpg,mangrove_forest,train,C:\Users\USER\Desktop\ai_dataset\forestry_dataset_splitted\train\mangrove_forest\mangrove_153.jpg
mangrove_154.jpg,mangrove_forest,train,C:\Users\USER\Desktop\ai_dataset\forestry_dataset_splitted\train\mangrove_forest\mangrove_154.jpg
mangrove_155.jpg,mangrove_forest,train,C:\Users\USER\Desktop\ai_dataset\forestry_dataset_splitted\train\mangrove_forest\mangrove_155.jpg
mangrove_156.jpg,mangrove_forest,train,C:\Users\USER\Desktop\ai_dataset\forestry_dataset_splitted\train\mangrove_forest\mangrove_156.jpg
mangrove_157.jpg,mangrove_forest,train,C:\Users\USER\Desktop\ai_dataset\forestry_dataset_splitted\train\mangrove_forest\mangrove_157.jpg
mangrove_158.jpg,mangrove_forest,train,C:\Users\USER\Desktop\ai_dataset\forestry_dataset_splitted\train\mangrove_forest\mangrove_158.jpg
mangrove_159.jpg,mangrove_forest,train,C:\Users\USER\Desktop\ai_dataset\forestry_dataset_splitted\train\mangrove_forest\mangrove_159.jpg
mangrove_16.jpg,mangrove_forest,train,C:\Users\USER\Desktop\ai_dataset\forestry_dataset_splitted\train\mangrove_forest\mangrove_16.jpg
mangrove_160.jpg,mangrove_forest,train,C:\Users\USER\Desktop\ai_dataset\forestry_dataset_splitted\train\mangrove_forest\mangrove_160.jpg
mangrove_161.jpg,mangrove_forest,train,C:\Users\USER\Desktop\ai_dataset\forestry_dataset_splitted\train\mangrove_forest\mangrove_161.jpg
mangrove_162.jpg,mangrove_forest,train,C:\Users\USER\Desktop\ai_dataset\forestry_dataset_splitted\train\mangrove_forest\mangrove_162.jpg
mangrove_163.jpg,mangrove_forest,train,C:\Users\USER\Desktop\ai_dataset\forestry_dataset_splitted\train\mangrove_forest\mangrove_163.jpg
mangrove_164.jpg,mangrove_forest,train,C:\Users\USER\Desktop\ai_dataset\forestry_dataset_splitted\train\mangrove_forest\mangrove_164.jpg
mangrove_165.jpg,mangrove_forest,train,C:\Users\USER\Desktop\ai_dataset\forestry_dataset_splitted\train\mangrove_forest\mangrove_165.jpg
mangrove_166.webp,mangrove_forest,train,C:\Users\USER\Desktop\ai_dataset\forestry_dataset_splitted\train\mangrove_forest\mangrove_166.webp
mangrove_167.jpg,mangrove_forest,train,C:\Users\USER\Desktop\ai_dataset\forestry_dataset_splitted\train\mangrove_forest\mangrove_167.jpg
mangrove_168.jpg,mangrove_forest,train,C:\Users\USER\Desktop\ai_dataset\forestry_dataset_splitted\train\mangrove_forest\mangrove_168.jpg
mangrove_169.jpg,mangrove_forest,train,C:\Users\USER\Desktop\ai_dataset\forestry_dataset_splitted\train\mangrove_forest\mangrove_169.jpg
mangrove_17.webp,mangrove_forest,train,C:\Users\USER\Desktop\ai_dataset\forestry_dataset_splitted\train\mangrove_forest\mangrove_17.webp
mangrove_170.jpg,mangrove_forest,train,C:\Users\USER\Desktop\ai_dataset\forestry_dataset_splitted\train\mangrove_forest\mangrove_170.jpg
mangrove_171.jpg,mangrove_forest,train,C:\Users\USER\Desktop\ai_dataset\forestry_dataset_splitted\train\mangrove_forest\mangrove_171.jpg
mangrove_172.jpg,mangrove_forest,train,C:\Users\USER\Desktop\ai_dataset\forestry_dataset_splitted\train\mangrove_forest\mangrove_172.jpg
mangrove_173.jpg,mangrove_forest,train,C:\Users\USER\Desktop\ai_dataset\forestry_dataset_splitted\train\mangrove_forest\mangrove_173.jpg
mangrove_174.jpg,mangrove_forest,train,C:\Users\USER\Desktop\ai_dataset\forestry_dataset_splitted\train\mangrove_forest\mangrove_174.jpg
mangrove_175.jpg,mangrove_forest,train,C:\Users\USER\Desktop\ai_dataset\forestry_dataset_splitted\train\mangrove_forest\mangrove_175.jpg
mangrove_176.jpg,mangrove_forest,train,C:\Users\USER\Desktop\ai_dataset\forestry_dataset_splitted\train\mangrove_forest\mangrove_176.jpg
mangrove_177.jpg,mangrove_forest,train,C:\Users\USER\Desktop\ai_dataset\forestry_dataset_splitted\train\mangrove_forest\mangrove_177.jpg
mangrove_178.jpg,mangrove_forest,train,C:\Users\USER\Desktop\ai_dataset\forestry_dataset_splitted\train\mangrove_forest\mangrove_178.jpg
mangrove_179.webp,mangrove_forest,train,C:\Users\USER\Desktop\ai_dataset\forestry_dataset_splitted\train\mangrove_forest\mangrove_179.webp
mangrove_18.jpg,mangrove_forest,train,C:\Users\USER\Desktop\ai_dataset\forestry_dataset_splitted\train\mangrove_forest\mangrove_18.jpg
mangrove_180.jpg,mangrove_forest,train,C:\Users\USER\Desktop\ai_dataset\forestry_dataset_splitted\train\mangrove_forest\mangrove_180.jpg
mangrove_181.jpg,mangrove_forest,train,C:\Users\USER\Desktop\ai_dataset\forestry_dataset_splitted\train\mangrove_forest\mangrove_181.jpg
mangrove_182.jpg,mangrove_forest,train,C:\Users\USER\Desktop\ai_dataset\forestry_dataset_splitted\train\mangrove_forest\mangrove_182.jpg
mangrove_183.jpg,mangrove_forest,train,C:\Users\USER\Desktop\ai_dataset\forestry_dataset_splitted\train\mangrove_forest\mangrove_183.jpg
mangrove_184.jpg,mangrove_forest,train,C:\Users\USER\Desktop\ai_dataset\forestry_dataset_splitted\train\mangrove_forest\mangrove_184.jpg
mangrove_185.jpg,mangrove_forest,train,C:\Users\USER\Desktop\ai_dataset\forestry_dataset_splitted\train\mangrove_forest\mangrove_185.jpg
mangrove_186.jpg,mangrove_forest,train,C:\Users\USER\Desktop\ai_dataset\forestry_dataset_splitted\train\mangrove_forest\mangrove_186.jpg
mangrove_187.jpg,mangrove_forest,train,C:\Users\USER\Desktop\ai_dataset\forestry_dataset_splitted\train\mangrove_forest\mangrove_187.jpg
mangrove_188.jpg,mangrove_forest,train,C:\Users\USER\Desktop\ai_dataset\forestry_dataset_splitted\train\mangrove_forest\mangrove_188.jpg
mangrove_189.jpg,mangrove_forest,train,C:\Users\USER\Desktop\ai_dataset\forestry_dataset_splitted\train\mangrove_forest\mangrove_189.jpg
mangrove_19.jpg,mangrove_forest,train,C:\Users\USER\Desktop\ai_dataset\forestry_dataset_splitted\train\mangrove_forest\mangrove_19.jpg
mangrove_190.jpg,mangrove_forest,train,C:\Users\USER\Desktop\ai_dataset\forestry_dataset_splitted\train\mangrove_forest\mangrove_190.jpg
mangrove_191.jpg,mangrove_forest,train,C:\Users\USER\Desktop\ai_dataset\forestry_dataset_splitted\train\mangrove_forest\mangrove_191.jpg
mangrove_192.jpg,mangrove_forest,train,C:\Users\USER\Desktop\ai_dataset\forestry_dataset_splitted\train\mangrove_forest\mangrove_192.jpg
mangrove_193.jpg,mangrove_forest,train,C:\Users\USER\Desktop\ai_dataset\forestry_dataset_splitted\train\mangrove_forest\mangrove_193.jpg
mangrove_194.jpg,mangrove_forest,train,C:\Users\USER\Desktop\ai_dataset\forestry_dataset_splitted\train\mangrove_forest\mangrove_194.jpg
mangrove_195.jpg,mangrove_forest,train,C:\Users\USER\Desktop\ai_dataset\forestry_dataset_splitted\train\mangrove_forest\mangrove_195.jpg
mangrove_196.jpg,mangrove_forest,train,C:\Users\USER\Desktop\ai_dataset\forestry_dataset_splitted\train\mangrove_forest\mangrove_196.jpg
mangrove_197.webp,mangrove_forest,train,C:\Users\USER\Desktop\ai_dataset\forestry_dataset_splitted\train\mangrove_forest\mangrove_197.webp
mangrove_198.jpg,mangrove_forest,train,C:\Users\USER\Desktop\ai_dataset\forestry_dataset_splitted\train\mangrove_forest\mangrove_198.jpg
mangrove_199.jpg,mangrove_forest,train,C:\Users\USER\Desktop\ai_dataset\forestry_dataset_splitted\train\mangrove_forest\mangrove_199.jpg
mangrove_2.jpg,mangrove_forest,train,C:\Users\USER\Desktop\ai_dataset\forestry_dataset_splitted\train\mangrove_forest\mangrove_2.jpg
mangrove_20.jpg,mangrove_forest,train,C:\Users\USER\Desktop\ai_dataset\forestry_dataset_splitted\train\mangrove_forest\mangrove_20.jpg
mangrove_200.jpg,mangrove_forest,train,C:\Users\USER\Desktop\ai_dataset\forestry_dataset_splitted\train\mangrove_forest\mangrove_200.jpg
mangrove_201.png,mangrove_forest,train,C:\Users\USER\Desktop\ai_dataset\forestry_dataset_splitted\train\mangrove_forest\mangrove_201.png
mangrove_202.webp,mangrove_forest,train,C:\Users\USER\Desktop\ai_dataset\forestry_dataset_splitted\train\mangrove_forest\mangrove_202.webp
mangrove_203.jpg,mangrove_forest,train,C:\Users\USER\Desktop\ai_dataset\forestry_dataset_splitted\train\mangrove_forest\mangrove_203.jpg
mangrove_204.webp,mangrove_forest,train,C:\Users\USER\Desktop\ai_dataset\forestry_dataset_splitted\train\mangrove_forest\mangrove_204.webp
mangrove_205.webp,mangrove_forest,train,C:\Users\USER\Desktop\ai_dataset\forestry_dataset_splitted\train\mangrove_forest\mangrove_205.webp
mangrove_206.jpg,mangrove_forest,train,C:\Users\USER\Desktop\ai_dataset\forestry_dataset_splitted\train\mangrove_forest\mangrove_206.jpg
mangrove_207.jpg,mangrove_forest,train,C:\Users\USER\Desktop\ai_dataset\forestry_dataset_splitted\train\mangrove_forest\mangrove_207.jpg
mangrove_208.jpg,mangrove_forest,train,C:\Users\USER\Desktop\ai_dataset\forestry_dataset_splitted\train\mangrove_forest\mangrove_208.jpg
mangrove_209.webp,mangrove_forest,train,C:\Users\USER\Desktop\ai_dataset\forestry_dataset_splitted\train\mangrove_forest\mangrove_209.webp
mangrove_21.jpg,mangrove_forest,train,C:\Users\USER\Desktop\ai_dataset\forestry_dataset_splitted\train\mangrove_forest\mangrove_21.jpg
mangrove_210.jpg,mangrove_forest,train,C:\Users\USER\Desktop\ai_dataset\forestry_dataset_splitted\train\mangrove_forest\mangrove_210.jpg
mangrove_211.jpg,mangrove_forest,train,C:\Users\USER\Desktop\ai_dataset\forestry_dataset_splitted\train\mangrove_forest\mangrove_211.jpg
mangrove_212.jpg,mangrove_forest,train,C:\Users\USER\Desktop\ai_dataset\forestry_dataset_splitted\train\mangrove_forest\mangrove_212.jpg
mangrove_213.jpg,mangrove_forest,train,C:\Users\USER\Desktop\ai_dataset\forestry_dataset_splitted\train\mangrove_forest\mangrove_213.jpg
mangrove_214.jpg,mangrove_forest,train,C:\Users\USER\Desktop\ai_dataset\forestry_dataset_splitted\train\mangrove_forest\mangrove_214.jpg
mangrove_215.jpg,mangrove_forest,train,C:\Users\USER\Desktop\ai_dataset\forestry_dataset_splitted\train\mangrove_forest\mangrove_215.jpg
mangrove_216.jpg,mangrove_forest,train,C:\Users\USER\Desktop\ai_dataset\forestry_dataset_splitted\train\mangrove_forest\mangrove_216.jpg
mangrove_217.jpg,mangrove_forest,train,C:\Users\USER\Desktop\ai_dataset\forestry_dataset_splitted\train\mangrove_forest\mangrove_217.jpg
mangrove_218.webp,mangrove_forest,train,C:\Users\USER\Desktop\ai_dataset\forestry_dataset_splitted\train\mangrove_forest\mangrove_218.webp
mangrove_219.jpg,mangrove_forest,train,C:\Users\USER\Desktop\ai_dataset\forestry_dataset_splitted\train\mangrove_forest\mangrove_219.jpg
mangrove_22.webp,mangrove_forest,train,C:\Users\USER\Desktop\ai_dataset\forestry_dataset_splitted\train\mangrove_forest\mangrove_22.webp
mangrove_220.jpg,mangrove_forest,train,C:\Users\USER\Desktop\ai_dataset\forestry_dataset_splitted\train\mangrove_forest\mangrove_220.jpg
mangrove_221.webp,mangrove_forest,train,C:\Users\USER\Desktop\ai_dataset\forestry_dataset_splitted\train\mangrove_forest\mangrove_221.webp
mangrove_222.jpg,mangrove_forest,train,C:\Users\USER\Desktop\ai_dataset\forestry_dataset_splitted\train\mangrove_forest\mangrove_222.jpg
mangrove_223.jpg,mangrove_forest,train,C:\Users\USER\Desktop\ai_dataset\forestry_dataset_splitted\train\mangrove_forest\mangrove_223.jpg
mangrove_224.webp,mangrove_forest,train,C:\Users\USER\Desktop\ai_dataset\forestry_dataset_splitted\train\mangrove_forest\mangrove_224.webp
mangrove_225.jpg,mangrove_forest,train,C:\Users\USER\Desktop\ai_dataset\forestry_dataset_splitted\train\mangrove_forest\mangrove_225.jpg
mangrove_226.jpg,mangrove_forest,train,C:\Users\USER\Desktop\ai_dataset\forestry_dataset_splitted\train\mangrove_forest\mangrove_226.jpg
mangrove_227.jpg,mangrove_forest,train,C:\Users\USER\Desktop\ai_dataset\forestry_dataset_splitted\train\mangrove_forest\mangrove_227.jpg
mangrove_228.png,mangrove_forest,train,C:\Users\USER\Desktop\ai_dataset\forestry_dataset_splitted\train\mangrove_forest\mangrove_228.png
mangrove_229.jpg,mangrove_forest,train,C:\Users\USER\Desktop\ai_dataset\forestry_dataset_splitted\train\mangrove_forest\mangrove_229.jpg
mangrove_23.webp,mangrove_forest,train,C:\Users\USER\Desktop\ai_dataset\forestry_dataset_splitted\train\mangrove_forest\mangrove_23.webp
mangrove_230.webp,mangrove_forest,train,C:\Users\USER\Desktop\ai_dataset\forestry_dataset_splitted\train\mangrove_forest\mangrove_230.webp
mangrove_231.jpg,mangrove_forest,train,C:\Users\USER\Desktop\ai_dataset\forestry_dataset_splitted\train\mangrove_forest\mangrove_231.jpg
mangrove_232.png,mangrove_forest,train,C:\Users\USER\Desktop\ai_dataset\forestry_dataset_splitted\train\mangrove_forest\mangrove_232.png
mangrove_233.jpg,mangrove_forest,train,C:\Users\USER\Desktop\ai_dataset\forestry_dataset_splitted\train\mangrove_forest\mangrove_233.jpg
mangrove_234.webp,mangrove_forest,train,C:\Users\USER\Desktop\ai_dataset\forestry_dataset_splitted\train\mangrove_forest\mangrove_234.webp
mangrove_235.jpg,mangrove_forest,train,C:\Users\USER\Desktop\ai_dataset\forestry_dataset_splitted\train\mangrove_forest\mangrove_235.jpg
mangrove_236.jpg,mangrove_forest,train,C:\Users\USER\Desktop\ai_dataset\forestry_dataset_splitted\train\mangrove_forest\mangrove_236.jpg
mangrove_237.jpg,mangrove_forest,train,C:\Users\USER\Desktop\ai_dataset\forestry_dataset_splitted\train\mangrove_forest\mangrove_237.jpg
mangrove_238.jpg,mangrove_forest,train,C:\Users\USER\Desktop\ai_dataset\forestry_dataset_splitted\train\mangrove_forest\mangrove_238.jpg
mangrove_239.jpg,mangrove_forest,train,C:\Users\USER\Desktop\ai_dataset\forestry_dataset_splitted\train\mangrove_forest\mangrove_239.jpg
mangrove_24.webp,mangrove_forest,train,C:\Users\USER\Desktop\ai_dataset\forestry_dataset_splitted\train\mangrove_forest\mangrove_24.webp
mangrove_240.jpg,mangrove_forest,train,C:\Users\USER\Desktop\ai_dataset\forestry_dataset_splitted\train\mangrove_forest\mangrove_240.jpg
mangrove_241.png,mangrove_forest,train,C:\Users\USER\Desktop\ai_dataset\forestry_dataset_splitted\train\mangrove_forest\mangrove_241.png
mangrove_242.jpg,mangrove_forest,train,C:\Users\USER\Desktop\ai_dataset\forestry_dataset_splitted\train\mangrove_forest\mangrove_242.jpg
mangrove_243.jpg,mangrove_forest,train,C:\Users\USER\Desktop\ai_dataset\forestry_dataset_splitted\train\mangrove_forest\mangrove_243.jpg
mangrove_244.jpg,mangrove_forest,train,C:\Users\USER\Desktop\ai_dataset\forestry_dataset_splitted\train\mangrove_forest\mangrove_244.jpg
mangrove_245.jpg,mangrove_forest,train,C:\Users\USER\Desktop\ai_dataset\forestry_dataset_splitted\train\mangrove_forest\mangrove_245.jpg
mangrove_246.png,mangrove_forest,train,C:\Users\USER\Desktop\ai_dataset\forestry_dataset_splitted\train\mangrove_forest\mangrove_246.png
mangrove_247.jpg,mangrove_forest,train,C:\Users\USER\Desktop\ai_dataset\forestry_dataset_splitted\train\mangrove_forest\mangrove_247.jpg
mangrove_248.jpg,mangrove_forest,train,C:\Users\USER\Desktop\ai_dataset\forestry_dataset_splitted\train\mangrove_forest\mangrove_248.jpg
mangrove_249.jpg,mangrove_forest,train,C:\Users\USER\Desktop\ai_dataset\forestry_dataset_splitted\train\mangrove_forest\mangrove_249.jpg
mangrove_25.jpg,mangrove_forest,train,C:\Users\USER\Desktop\ai_dataset\forestry_dataset_splitted\train\mangrove_forest\mangrove_25.jpg
mangrove_250.jpg,mangrove_forest,train,C:\Users\USER\Desktop\ai_dataset\forestry_dataset_splitted\train\mangrove_forest\mangrove_250.jpg
mangrove_251.webp,mangrove_forest,train,C:\Users\USER\Desktop\ai_dataset\forestry_dataset_splitted\train\mangrove_forest\mangrove_251.webp
mangrove_252.webp,mangrove_forest,train,C:\Users\USER\Desktop\ai_dataset\forestry_dataset_splitted\train\mangrove_forest\mangrove_252.webp
mangrove_253.jpg,mangrove_forest,train,C:\Users\USER\Desktop\ai_dataset\forestry_dataset_splitted\train\mangrove_forest\mangrove_253.jpg
mangrove_254.jpg,mangrove_forest,train,C:\Users\USER\Desktop\ai_dataset\forestry_dataset_splitted\train\mangrove_forest\mangrove_254.jpg
mangrove_255.jpg,mangrove_forest,train,C:\Users\USER\Desktop\ai_dataset\forestry_dataset_splitted\train\mangrove_forest\mangrove_255.jpg
mangrove_256.jpg,mangrove_forest,train,C:\Users\USER\Desktop\ai_dataset\forestry_dataset_splitted\train\mangrove_forest\mangrove_256.jpg
mangrove_257.webp,mangrove_forest,train,C:\Users\USER\Desktop\ai_dataset\forestry_dataset_splitted\train\mangrove_forest\mangrove_257.webp
mangrove_258.jpg,mangrove_forest,train,C:\Users\USER\Desktop\ai_dataset\forestry_dataset_splitted\train\mangrove_forest\mangrove_258.jpg
mangrove_259.jpg,mangrove_forest,train,C:\Users\USER\Desktop\ai_dataset\forestry_dataset_splitted\train\mangrove_forest\mangrove_259.jpg
mangrove_26.jpg,mangrove_forest,train,C:\Users\USER\Desktop\ai_dataset\forestry_dataset_splitted\train\mangrove_forest\mangrove_26.jpg
mangrove_260.webp,mangrove_forest,train,C:\Users\USER\Desktop\ai_dataset\forestry_dataset_splitted\train\mangrove_forest\mangrove_260.webp
mangrove_261.jpg,mangrove_forest,train,C:\Users\USER\Desktop\ai_dataset\forestry_dataset_splitted\train\mangrove_forest\mangrove_261.jpg
mangrove_262.jpg,mangrove_forest,train,C:\Users\USER\Desktop\ai_dataset\forestry_dataset_splitted\train\mangrove_forest\mangrove_262.jpg
mangrove_263.jpg,mangrove_forest,train,C:\Users\USER\Desktop\ai_dataset\forestry_dataset_splitted\train\mangrove_forest\mangrove_263.jpg
mangrove_264.webp,mangrove_forest,train,C:\Users\USER\Desktop\ai_dataset\forestry_dataset_splitted\train\mangrove_forest\mangrove_264.webp
mangrove_265.jpg,mangrove_forest,train,C:\Users\USER\Desktop\ai_dataset\forestry_dataset_splitted\train\mangrove_forest\mangrove_265.jpg
mangrove_266.jpg,mangrove_forest,train,C:\Users\USER\Desktop\ai_dataset\forestry_dataset_splitted\train\mangrove_forest\mangrove_266.jpg
mangrove_267.png,mangrove_forest,train,C:\Users\USER\Desktop\ai_dataset\forestry_dataset_splitted\train\mangrove_forest\mangrove_267.png
mangrove_268.jpg,mangrove_forest,train,C:\Users\USER\Desktop\ai_dataset\forestry_dataset_splitted\train\mangrove_forest\mangrove_268.jpg
mangrove_269.webp,mangrove_forest,train,C:\Users\USER\Desktop\ai_dataset\forestry_dataset_splitted\train\mangrove_forest\mangrove_269.webp
mangrove_27.jpg,mangrove_forest,train,C:\Users\USER\Desktop\ai_dataset\forestry_dataset_splitted\train\mangrove_forest\mangrove_27.jpg
mangrove_270.webp,mangrove_forest,train,C:\Users\USER\Desktop\ai_dataset\forestry_dataset_splitted\train\mangrove_forest\mangrove_270.webp
mangrove_271.jpg,mangrove_forest,train,C:\Users\USER\Desktop\ai_dataset\forestry_dataset_splitted\train\mangrove_forest\mangrove_271.jpg
mangrove_272.jpg,mangrove_forest,train,C:\Users\USER\Desktop\ai_dataset\forestry_dataset_splitted\train\mangrove_forest\mangrove_272.jpg
mangrove_273.png,mangrove_forest,train,C:\Users\USER\Desktop\ai_dataset\forestry_dataset_splitted\train\mangrove_forest\mangrove_273.png
mangrove_274.jpg,mangrove_forest,train,C:\Users\USER\Desktop\ai_dataset\forestry_dataset_splitted\train\mangrove_forest\mangrove_274.jpg
mangrove_275.jpg,mangrove_forest,train,C:\Users\USER\Desktop\ai_dataset\forestry_dataset_splitted\train\mangrove_forest\mangrove_275.jpg
mangrove_276.jpg,mangrove_forest,train,C:\Users\USER\Desktop\ai_dataset\forestry_dataset_splitted\train\mangrove_forest\mangrove_276.jpg
mangrove_277.jpg,mangrove_forest,train,C:\Users\USER\Desktop\ai_dataset\forestry_dataset_splitted\train\mangrove_forest\mangrove_277.jpg
mangrove_278.jpg,mangrove_forest,train,C:\Users\USER\Desktop\ai_dataset\forestry_dataset_splitted\train\mangrove_forest\mangrove_278.jpg
mangrove_279.jpg,mangrove_forest,train,C:\Users\USER\Desktop\ai_dataset\forestry_dataset_splitted\train\mangrove_forest\mangrove_279.jpg
mangrove_28.jpg,mangrove_forest,train,C:\Users\USER\Desktop\ai_dataset\forestry_dataset_splitted\train\mangrove_forest\mangrove_28.jpg
mangrove_280.jpg,mangrove_forest,train,C:\Users\USER\Desktop\ai_dataset\forestry_dataset_splitted\train\mangrove_forest\mangrove_280.jpg
mangrove_281.jpg,mangrove_forest,train,C:\Users\USER\Desktop\ai_dataset\forestry_dataset_splitted\train\mangrove_forest\mangrove_281.jpg
mangrove_282.webp,mangrove_forest,train,C:\Users\USER\Desktop\ai_dataset\forestry_dataset_splitted\train\mangrove_forest\mangrove_282.webp
mangrove_283.jpg,mangrove_forest,train,C:\Users\USER\Desktop\ai_dataset\forestry_dataset_splitted\train\mangrove_forest\mangrove_283.jpg
mangrove_284.webp,mangrove_forest,train,C:\Users\USER\Desktop\ai_dataset\forestry_dataset_splitted\train\mangrove_forest\mangrove_284.webp
mangrove_285.jpg,mangrove_forest,train,C:\Users\USER\Desktop\ai_dataset\forestry_dataset_splitted\train\mangrove_forest\mangrove_285.jpg
mangrove_286.jpg,mangrove_forest,train,C:\Users\USER\Desktop\ai_dataset\forestry_dataset_splitted\train\mangrove_forest\mangrove_286.jpg
mangrove_287.jpg,mangrove_forest,train,C:\Users\USER\Desktop\ai_dataset\forestry_dataset_splitted\train\mangrove_forest\mangrove_287.jpg
mangrove_288.jpg,mangrove_forest,train,C:\Users\USER\Desktop\ai_dataset\forestry_dataset_splitted\train\mangrove_forest\mangrove_288.jpg
mangrove_289.jpg,mangrove_forest,train,C:\Users\USER\Desktop\ai_dataset\forestry_dataset_splitted\train\mangrove_forest\mangrove_289.jpg
mangrove_29.jpg,mangrove_forest,train,C:\Users\USER\Desktop\ai_dataset\forestry_dataset_splitted\train\mangrove_forest\mangrove_29.jpg
mangrove_290.webp,mangrove_forest,train,C:\Users\USER\Desktop\ai_dataset\forestry_dataset_splitted\train\mangrove_forest\mangrove_290.webp
mangrove_291.jpg,mangrove_forest,train,C:\Users\USER\Desktop\ai_dataset\forestry_dataset_splitted\train\mangrove_forest\mangrove_291.jpg
mangrove_292.jpg,mangrove_forest,train,C:\Users\USER\Desktop\ai_dataset\forestry_dataset_splitted\train\mangrove_forest\mangrove_292.jpg
mangrove_293.jpg,mangrove_forest,train,C:\Users\USER\Desktop\ai_dataset\forestry_dataset_splitted\train\mangrove_forest\mangrove_293.jpg
mangrove_294.jpg,mangrove_forest,train,C:\Users\USER\Desktop\ai_dataset\forestry_dataset_splitted\train\mangrove_forest\mangrove_294.jpg
mangrove_295.jpg,mangrove_forest,train,C:\Users\USER\Desktop\ai_dataset\forestry_dataset_splitted\train\mangrove_forest\mangrove_295.jpg
mangrove_296.jpg,mangrove_forest,train,C:\Users\USER\Desktop\ai_dataset\forestry_dataset_splitted\train\mangrove_forest\mangrove_296.jpg
mangrove_297.jpg,mangrove_forest,train,C:\Users\USER\Desktop\ai_dataset\forestry_dataset_splitted\train\mangrove_forest\mangrove_297.jpg
mangrove_298.jpg,mangrove_forest,train,C:\Users\USER\Desktop\ai_dataset\forestry_dataset_splitted\train\mangrove_forest\mangrove_298.jpg
mangrove_299.webp,mangrove_forest,train,C:\Users\USER\Desktop\ai_dataset\forestry_dataset_splitted\train\mangrove_forest\mangrove_299.webp
mangrove_3.jpg,mangrove_forest,train,C:\Users\USER\Desktop\ai_dataset\forestry_dataset_splitted\train\mangrove_forest\mangrove_3.jpg
mangrove_30.jpg,mangrove_forest,train,C:\Users\USER\Desktop\ai_dataset\forestry_dataset_splitted\train\mangrove_forest\mangrove_30.jpg
mangrove_300.jpg,mangrove_forest,train,C:\Users\USER\Desktop\ai_dataset\forestry_dataset_splitted\train\mangrove_forest\mangrove_300.jpg
mangrove_301.jpg,mangrove_forest,train,C:\Users\USER\Desktop\ai_dataset\forestry_dataset_splitted\train\mangrove_forest\mangrove_301.jpg
mangrove_302.jpg,mangrove_forest,train,C:\Users\USER\Desktop\ai_dataset\forestry_dataset_splitted\train\mangrove_forest\mangrove_302.jpg
mangrove_303.jpg,mangrove_forest,train,C:\Users\USER\Desktop\ai_dataset\forestry_dataset_splitted\train\mangrove_forest\mangrove_303.jpg
mangrove_304.jpg,mangrove_forest,train,C:\Users\USER\Desktop\ai_dataset\forestry_dataset_splitted\train\mangrove_forest\mangrove_304.jpg
mangrove_305.webp,mangrove_forest,train,C:\Users\USER\Desktop\ai_dataset\forestry_dataset_splitted\train\mangrove_forest\mangrove_305.webp
mangrove_306.jpg,mangrove_forest,train,C:\Users\USER\Desktop\ai_dataset\forestry_dataset_splitted\train\mangrove_forest\mangrove_306.jpg
mangrove_307.jpg,mangrove_forest,train,C:\Users\USER\Desktop\ai_dataset\forestry_dataset_splitted\train\mangrove_forest\mangrove_307.jpg
mangrove_308.jpg,mangrove_forest,train,C:\Users\USER\Desktop\ai_dataset\forestry_dataset_splitted\train\mangrove_forest\mangrove_308.jpg
mangrove_309.jpg,mangrove_forest,train,C:\Users\USER\Desktop\ai_dataset\forestry_dataset_splitted\train\mangrove_forest\mangrove_309.jpg
mangrove_31.jpg,mangrove_forest,train,C:\Users\USER\Desktop\ai_dataset\forestry_dataset_splitted\train\mangrove_forest\mangrove_31.jpg
mangrove_310.jpg,mangrove_forest,train,C:\Users\USER\Desktop\ai_dataset\forestry_dataset_splitted\train\mangrove_forest\mangrove_310.jpg
mangrove_311.jpg,mangrove_forest,train,C:\Users\USER\Desktop\ai_dataset\forestry_dataset_splitted\train\mangrove_forest\mangrove_311.jpg
mangrove_312.jpg,mangrove_forest,train,C:\Users\USER\Desktop\ai_dataset\forestry_dataset_splitted\train\mangrove_forest\mangrove_312.jpg
mangrove_313.jpg,mangrove_forest,train,C:\Users\USER\Desktop\ai_dataset\forestry_dataset_splitted\train\mangrove_forest\mangrove_313.jpg
mangrove_314.jpg,mangrove_forest,train,C:\Users\USER\Desktop\ai_dataset\forestry_dataset_splitted\train\mangrove_forest\mangrove_314.jpg
mangrove_315.jpg,mangrove_forest,train,C:\Users\USER\Desktop\ai_dataset\forestry_dataset_splitted\train\mangrove_forest\mangrove_315.jpg
mangrove_316.jpg,mangrove_forest,train,C:\Users\USER\Desktop\ai_dataset\forestry_dataset_splitted\train\mangrove_forest\mangrove_316.jpg
mangrove_317.jpg,mangrove_forest,train,C:\Users\USER\Desktop\ai_dataset\forestry_dataset_splitted\train\mangrove_forest\mangrove_317.jpg
mangrove_318.jpg,mangrove_forest,train,C:\Users\USER\Desktop\ai_dataset\forestry_dataset_splitted\train\mangrove_forest\mangrove_318.jpg
mangrove_319.webp,mangrove_forest,train,C:\Users\USER\Desktop\ai_dataset\forestry_dataset_splitted\train\mangrove_forest\mangrove_319.webp
mangrove_32.jpg,mangrove_forest,train,C:\Users\USER\Desktop\ai_dataset\forestry_dataset_splitted\train\mangrove_forest\mangrove_32.jpg
mangrove_320.jpg,mangrove_forest,train,C:\Users\USER\Desktop\ai_dataset\forestry_dataset_splitted\train\mangrove_forest\mangrove_320.jpg
mangrove_321.jpg,mangrove_forest,train,C:\Users\USER\Desktop\ai_dataset\forestry_dataset_splitted\train\mangrove_forest\mangrove_321.jpg
mangrove_322.jpg,mangrove_forest,train,C:\Users\USER\Desktop\ai_dataset\forestry_dataset_splitted\train\mangrove_forest\mangrove_322.jpg
mangrove_323.jpg,mangrove_forest,train,C:\Users\USER\Desktop\ai_dataset\forestry_dataset_splitted\train\mangrove_forest\mangrove_323.jpg
mangrove_324.webp,mangrove_forest,train,C:\Users\USER\Desktop\ai_dataset\forestry_dataset_splitted\train\mangrove_forest\mangrove_324.webp
mangrove_325.jpg,mangrove_forest,train,C:\Users\USER\Desktop\ai_dataset\forestry_dataset_splitted\train\mangrove_forest\mangrove_325.jpg
mangrove_326.jpg,mangrove_forest,train,C:\Users\USER\Desktop\ai_dataset\forestry_dataset_splitted\train\mangrove_forest\mangrove_326.jpg
mangrove_327.jpg,mangrove_forest,train,C:\Users\USER\Desktop\ai_dataset\forestry_dataset_splitted\train\mangrove_forest\mangrove_327.jpg
mangrove_328.jpg,mangrove_forest,train,C:\Users\USER\Desktop\ai_dataset\forestry_dataset_splitted\train\mangrove_forest\mangrove_328.jpg
mangrove_329.jpg,mangrove_forest,train,C:\Users\USER\Desktop\ai_dataset\forestry_dataset_splitted\train\mangrove_forest\mangrove_329.jpg
mangrove_33.webp,mangrove_forest,train,C:\Users\USER\Desktop\ai_dataset\forestry_dataset_splitted\train\mangrove_forest\mangrove_33.webp
mangrove_330.jpg,mangrove_forest,train,C:\Users\USER\Desktop\ai_dataset\forestry_dataset_splitted\train\mangrove_forest\mangrove_330.jpg
mangrove_331.jpg,mangrove_forest,train,C:\Users\USER\Desktop\ai_dataset\forestry_dataset_splitted\train\mangrove_forest\mangrove_331.jpg
mangrove_332.webp,mangrove_forest,train,C:\Users\USER\Desktop\ai_dataset\forestry_dataset_splitted\train\mangrove_forest\mangrove_332.webp
mangrove_333.webp,mangrove_forest,train,C:\Users\USER\Desktop\ai_dataset\forestry_dataset_splitted\train\mangrove_forest\mangrove_333.webp
mangrove_334.jpg,mangrove_forest,train,C:\Users\USER\Desktop\ai_dataset\forestry_dataset_splitted\train\mangrove_forest\mangrove_334.jpg
mangrove_335.jpg,mangrove_forest,train,C:\Users\USER\Desktop\ai_dataset\forestry_dataset_splitted\train\mangrove_forest\mangrove_335.jpg
mangrove_336.webp,mangrove_forest,train,C:\Users\USER\Desktop\ai_dataset\forestry_dataset_splitted\train\mangrove_forest\mangrove_336.webp
mangrove_337.webp,mangrove_forest,train,C:\Users\USER\Desktop\ai_dataset\forestry_dataset_splitted\train\mangrove_forest\mangrove_337.webp
mangrove_338.jpg,mangrove_forest,train,C:\Users\USER\Desktop\ai_dataset\forestry_dataset_splitted\train\mangrove_forest\mangrove_338.jpg
mangrove_339.jpg,mangrove_forest,train,C:\Users\USER\Desktop\ai_dataset\forestry_dataset_splitted\train\mangrove_forest\mangrove_339.jpg
mangrove_34.jpg,mangrove_forest,train,C:\Users\USER\Desktop\ai_dataset\forestry_dataset_splitted\train\mangrove_forest\mangrove_34.jpg
mangrove_340.jpg,mangrove_forest,train,C:\Users\USER\Desktop\ai_dataset\forestry_dataset_splitted\train\mangrove_forest\mangrove_340.jpg
mangrove_341.jpg,mangrove_forest,train,C:\Users\USER\Desktop\ai_dataset\forestry_dataset_splitted\train\mangrove_forest\mangrove_341.jpg
mangrove_342.jpg,mangrove_forest,train,C:\Users\USER\Desktop\ai_dataset\forestry_dataset_splitted\train\mangrove_forest\mangrove_342.jpg
mangrove_343.jpg,mangrove_forest,train,C:\Users\USER\Desktop\ai_dataset\forestry_dataset_splitted\train\mangrove_forest\mangrove_343.jpg
mangrove_344.jpg,mangrove_forest,train,C:\Users\USER\Desktop\ai_dataset\forestry_dataset_splitted\train\mangrove_forest\mangrove_344.jpg
mangrove_345.webp,mangrove_forest,train,C:\Users\USER\Desktop\ai_dataset\forestry_dataset_splitted\train\mangrove_forest\mangrove_345.webp
mangrove_346.webp,mangrove_forest,train,C:\Users\USER\Desktop\ai_dataset\forestry_dataset_splitted\train\mangrove_forest\mangrove_346.webp
mangrove_347.jpg,mangrove_forest,train,C:\Users\USER\Desktop\ai_dataset\forestry_dataset_splitted\train\mangrove_forest\mangrove_347.jpg
mangrove_348.webp,mangrove_forest,train,C:\Users\USER\Desktop\ai_dataset\forestry_dataset_splitted\train\mangrove_forest\mangrove_348.webp
mangrove_349.jpg,mangrove_forest,train,C:\Users\USER\Desktop\ai_dataset\forestry_dataset_splitted\train\mangrove_forest\mangrove_349.jpg
mangrove_35.jpg,mangrove_forest,train,C:\Users\USER\Desktop\ai_dataset\forestry_dataset_splitted\train\mangrove_forest\mangrove_35.jpg
mangrove_350.jpg,mangrove_forest,train,C:\Users\USER\Desktop\ai_dataset\forestry_dataset_splitted\train\mangrove_forest\mangrove_350.jpg
mangrove_351.jpg,mangrove_forest,train,C:\Users\USER\Desktop\ai_dataset\forestry_dataset_splitted\train\mangrove_forest\mangrove_351.jpg
mangrove_352.jpg,mangrove_forest,train,C:\Users\USER\Desktop\ai_dataset\forestry_dataset_splitted\train\mangrove_forest\mangrove_352.jpg
mangrove_353.jpg,mangrove_forest,train,C:\Users\USER\Desktop\ai_dataset\forestry_dataset_splitted\train\mangrove_forest\mangrove_353.jpg
mangrove_354.webp,mangrove_forest,train,C:\Users\USER\Desktop\ai_dataset\forestry_dataset_splitted\train\mangrove_forest\mangrove_354.webp
mangrove_355.jpg,mangrove_forest,train,C:\Users\USER\Desktop\ai_dataset\forestry_dataset_splitted\train\mangrove_forest\mangrove_355.jpg
mangrove_356.jpg,mangrove_forest,train,C:\Users\USER\Desktop\ai_dataset\forestry_dataset_splitted\train\mangrove_forest\mangrove_356.jpg
mangrove_357.webp,mangrove_forest,train,C:\Users\USER\Desktop\ai_dataset\forestry_dataset_splitted\train\mangrove_forest\mangrove_357.webp
mangrove_358.jpg,mangrove_forest,train,C:\Users\USER\Desktop\ai_dataset\forestry_dataset_splitted\train\mangrove_forest\mangrove_358.jpg
mangrove_359.webp,mangrove_forest,train,C:\Users\USER\Desktop\ai_dataset\forestry_dataset_splitted\train\mangrove_forest\mangrove_359.webp
mangrove_36.jpg,mangrove_forest,train,C:\Users\USER\Desktop\ai_dataset\forestry_dataset_splitted\train\mangrove_forest\mangrove_36.jpg
mangrove_360.jpg,mangrove_forest,train,C:\Users\USER\Desktop\ai_dataset\forestry_dataset_splitted\train\mangrove_forest\mangrove_360.jpg
mangrove_361.webp,mangrove_forest,train,C:\Users\USER\Desktop\ai_dataset\forestry_dataset_splitted\train\mangrove_forest\mangrove_361.webp
mangrove_362.jpg,mangrove_forest,train,C:\Users\USER\Desktop\ai_dataset\forestry_dataset_splitted\train\mangrove_forest\mangrove_362.jpg
mangrove_363.webp,mangrove_forest,train,C:\Users\USER\Desktop\ai_dataset\forestry_dataset_splitted\train\mangrove_forest\mangrove_363.webp
mangrove_364.jpg,mangrove_forest,train,C:\Users\USER\Desktop\ai_dataset\forestry_dataset_splitted\train\mangrove_forest\mangrove_364.jpg
mangrove_365.webp,mangrove_forest,train,C:\Users\USER\Desktop\ai_dataset\forestry_dataset_splitted\train\mangrove_forest\mangrove_365.webp
mangrove_366.jpg,mangrove_forest,train,C:\Users\USER\Desktop\ai_dataset\forestry_dataset_splitted\train\mangrove_forest\mangrove_366.jpg
mangrove_367.jpg,mangrove_forest,train,C:\Users\USER\Desktop\ai_dataset\forestry_dataset_splitted\train\mangrove_forest\mangrove_367.jpg
mangrove_368.jpg,mangrove_forest,train,C:\Users\USER\Desktop\ai_dataset\forestry_dataset_splitted\train\mangrove_forest\mangrove_368.jpg
mangrove_369.webp,mangrove_forest,train,C:\Users\USER\Desktop\ai_dataset\forestry_dataset_splitted\train\mangrove_forest\mangrove_369.webp
mangrove_37.jpg,mangrove_forest,train,C:\Users\USER\Desktop\ai_dataset\forestry_dataset_splitted\train\mangrove_forest\mangrove_37.jpg
mangrove_370.webp,mangrove_forest,train,C:\Users\USER\Desktop\ai_dataset\forestry_dataset_splitted\train\mangrove_forest\mangrove_370.webp
mangrove_371.jpg,mangrove_forest,train,C:\Users\USER\Desktop\ai_dataset\forestry_dataset_splitted\train\mangrove_forest\mangrove_371.jpg
mangrove_372.jpg,mangrove_forest,train,C:\Users\USER\Desktop\ai_dataset\forestry_dataset_splitted\train\mangrove_forest\mangrove_372.jpg
mangrove_373.webp,mangrove_forest,train,C:\Users\USER\Desktop\ai_dataset\forestry_dataset_splitted\train\mangrove_forest\mangrove_373.webp
mangrove_374.webp,mangrove_forest,train,C:\Users\USER\Desktop\ai_dataset\forestry_dataset_splitted\train\mangrove_forest\mangrove_374.webp
mangrove_375.webp,mangrove_forest,train,C:\Users\USER\Desktop\ai_dataset\forestry_dataset_splitted\train\mangrove_forest\mangrove_375.webp
mangrove_376.webp,mangrove_forest,train,C:\Users\USER\Desktop\ai_dataset\forestry_dataset_splitted\train\mangrove_forest\mangrove_376.webp
mangrove_377.jpg,mangrove_forest,train,C:\Users\USER\Desktop\ai_dataset\forestry_dataset_splitted\train\mangrove_forest\mangrove_377.jpg
mangrove_378.jpg,mangrove_forest,train,C:\Users\USER\Desktop\ai_dataset\forestry_dataset_splitted\train\mangrove_forest\mangrove_378.jpg
mangrove_379.webp,mangrove_forest,train,C:\Users\USER\Desktop\ai_dataset\forestry_dataset_splitted\train\mangrove_forest\mangrove_379.webp
mangrove_38.jpg,mangrove_forest,train,C:\Users\USER\Desktop\ai_dataset\forestry_dataset_splitted\train\mangrove_forest\mangrove_38.jpg
mangrove_380.webp,mangrove_forest,train,C:\Users\USER\Desktop\ai_dataset\forestry_dataset_splitted\train\mangrove_forest\mangrove_380.webp
mangrove_381.jpg,mangrove_forest,train,C:\Users\USER\Desktop\ai_dataset\forestry_dataset_splitted\train\mangrove_forest\mangrove_381.jpg
mangrove_382.webp,mangrove_forest,train,C:\Users\USER\Desktop\ai_dataset\forestry_dataset_splitted\train\mangrove_forest\mangrove_382.webp
mangrove_383.webp,mangrove_forest,train,C:\Users\USER\Desktop\ai_dataset\forestry_dataset_splitted\train\mangrove_forest\mangrove_383.webp
mangrove_384.webp,mangrove_forest,train,C:\Users\USER\Desktop\ai_dataset\forestry_dataset_splitted\train\mangrove_forest\mangrove_384.webp
mangrove_385.webp,mangrove_forest,train,C:\Users\USER\Desktop\ai_dataset\forestry_dataset_splitted\train\mangrove_forest\mangrove_385.webp
mangrove_386.jpg,mangrove_forest,train,C:\Users\USER\Desktop\ai_dataset\forestry_dataset_splitted\train\mangrove_forest\mangrove_386.jpg
mangrove_387.webp,mangrove_forest,train,C:\Users\USER\Desktop\ai_dataset\forestry_dataset_splitted\train\mangrove_forest\mangrove_387.webp
mangrove_388.webp,mangrove_forest,train,C:\Users\USER\Desktop\ai_dataset\forestry_dataset_splitted\train\mangrove_forest\mangrove_388.webp
mangrove_389.jpg,mangrove_forest,train,C:\Users\USER\Desktop\ai_dataset\forestry_dataset_splitted\train\mangrove_forest\mangrove_389.jpg
mangrove_39.jpg,mangrove_forest,train,C:\Users\USER\Desktop\ai_dataset\forestry_dataset_splitted\train\mangrove_forest\mangrove_39.jpg
mangrove_390.webp,mangrove_forest,train,C:\Users\USER\Desktop\ai_dataset\forestry_dataset_splitted\train\mangrove_forest\mangrove_390.webp
mangrove_391.webp,mangrove_forest,train,C:\Users\USER\Desktop\ai_dataset\forestry_dataset_splitted\train\mangrove_forest\mangrove_391.webp
mangrove_392.jpg,mangrove_forest,train,C:\Users\USER\Desktop\ai_dataset\forestry_dataset_splitted\train\mangrove_forest\mangrove_392.jpg
mangrove_393.webp,mangrove_forest,train,C:\Users\USER\Desktop\ai_dataset\forestry_dataset_splitted\train\mangrove_forest\mangrove_393.webp
mangrove_394.jpg,mangrove_forest,train,C:\Users\USER\Desktop\ai_dataset\forestry_dataset_splitted\train\mangrove_forest\mangrove_394.jpg
mangrove_395.webp,mangrove_forest,train,C:\Users\USER\Desktop\ai_dataset\forestry_dataset_splitted\train\mangrove_forest\mangrove_395.webp
mangrove_396.webp,mangrove_forest,train,C:\Users\USER\Desktop\ai_dataset\forestry_dataset_splitted\train\mangrove_forest\mangrove_396.webp
mangrove_397.webp,mangrove_forest,train,C:\Users\USER\Desktop\ai_dataset\forestry_dataset_splitted\train\mangrove_forest\mangrove_397.webp
mangrove_398.webp,mangrove_forest,train,C:\Users\USER\Desktop\ai_dataset\forestry_dataset_splitted\train\mangrove_forest\mangrove_398.webp
mangrove_399.webp,mangrove_forest,train,C:\Users\USER\Desktop\ai_dataset\forestry_dataset_splitted\train\mangrove_forest\mangrove_399.webp
mangrove_4.webp,mangrove_forest,train,C:\Users\USER\Desktop\ai_dataset\forestry_dataset_splitted\train\mangrove_forest\mangrove_4.webp
mangrove_40.jpg,mangrove_forest,train,C:\Users\USER\Desktop\ai_dataset\forestry_dataset_splitted\train\mangrove_forest\mangrove_40.jpg
mangrove_400.webp,mangrove_forest,train,C:\Users\USER\Desktop\ai_dataset\forestry_dataset_splitted\train\mangrove_forest\mangrove_400.webp
mangrove_401.webp,mangrove_forest,train,C:\Users\USER\Desktop\ai_dataset\forestry_dataset_splitted\train\mangrove_forest\mangrove_401.webp
mangrove_402.webp,mangrove_forest,train,C:\Users\USER\Desktop\ai_dataset\forestry_dataset_splitted\train\mangrove_forest\mangrove_402.webp
mangrove_403.webp,mangrove_forest,train,C:\Users\USER\Desktop\ai_dataset\forestry_dataset_splitted\train\mangrove_forest\mangrove_403.webp
mangrove_404.jpg,mangrove_forest,train,C:\Users\USER\Desktop\ai_dataset\forestry_dataset_splitted\train\mangrove_forest\mangrove_404.jpg
mangrove_405.webp,mangrove_forest,train,C:\Users\USER\Desktop\ai_dataset\forestry_dataset_splitted\train\mangrove_forest\mangrove_405.webp
mangrove_406.webp,mangrove_forest,train,C:\Users\USER\Desktop\ai_dataset\forestry_dataset_splitted\train\mangrove_forest\mangrove_406.webp
mangrove_407.webp,mangrove_forest,train,C:\Users\USER\Desktop\ai_dataset\forestry_dataset_splitted\train\mangrove_forest\mangrove_407.webp
mangrove_408.webp,mangrove_forest,train,C:\Users\USER\Desktop\ai_dataset\forestry_dataset_splitted\train\mangrove_forest\mangrove_408.webp
mangrove_409.webp,mangrove_forest,train,C:\Users\USER\Desktop\ai_dataset\forestry_dataset_splitted\train\mangrove_forest\mangrove_409.webp
mangrove_41.jpg,mangrove_forest,train,C:\Users\USER\Desktop\ai_dataset\forestry_dataset_splitted\train\mangrove_forest\mangrove_41.jpg
mangrove_410.webp,mangrove_forest,train,C:\Users\USER\Desktop\ai_dataset\forestry_dataset_splitted\train\mangrove_forest\mangrove_410.webp
mangrove_411.jpg,mangrove_forest,train,C:\Users\USER\Desktop\ai_dataset\forestry_dataset_splitted\train\mangrove_forest\mangrove_411.jpg
mangrove_412.jpg,mangrove_forest,train,C:\Users\USER\Desktop\ai_dataset\forestry_dataset_splitted\train\mangrove_forest\mangrove_412.jpg
mangrove_413.webp,mangrove_forest,train,C:\Users\USER\Desktop\ai_dataset\forestry_dataset_splitted\train\mangrove_forest\mangrove_413.webp
mangrove_414.webp,mangrove_forest,train,C:\Users\USER\Desktop\ai_dataset\forestry_dataset_splitted\train\mangrove_forest\mangrove_414.webp
mangrove_415.webp,mangrove_forest,train,C:\Users\USER\Desktop\ai_dataset\forestry_dataset_splitted\train\mangrove_forest\mangrove_415.webp
mangrove_416.jpg,mangrove_forest,train,C:\Users\USER\Desktop\ai_dataset\forestry_dataset_splitted\train\mangrove_forest\mangrove_416.jpg
mangrove_417.webp,mangrove_forest,train,C:\Users\USER\Desktop\ai_dataset\forestry_dataset_splitted\train\mangrove_forest\mangrove_417.webp
mangrove_418.webp,mangrove_forest,train,C:\Users\USER\Desktop\ai_dataset\forestry_dataset_splitted\train\mangrove_forest\mangrove_418.webp
mangrove_419.jpg,mangrove_forest,train,C:\Users\USER\Desktop\ai_dataset\forestry_dataset_splitted\train\mangrove_forest\mangrove_419.jpg
mangrove_42.webp,mangrove_forest,train,C:\Users\USER\Desktop\ai_dataset\forestry_dataset_splitted\train\mangrove_forest\mangrove_42.webp
mangrove_420.webp,mangrove_forest,train,C:\Users\USER\Desktop\ai_dataset\forestry_dataset_splitted\train\mangrove_forest\mangrove_420.webp
mangrove_421.webp,mangrove_forest,train,C:\Users\USER\Desktop\ai_dataset\forestry_dataset_splitted\train\mangrove_forest\mangrove_421.webp
mangrove_422.webp,mangrove_forest,train,C:\Users\USER\Desktop\ai_dataset\forestry_dataset_splitted\train\mangrove_forest\mangrove_422.webp
mangrove_423.jpg,mangrove_forest,train,C:\Users\USER\Desktop\ai_dataset\forestry_dataset_splitted\train\mangrove_forest\mangrove_423.jpg
mangrove_424.webp,mangrove_forest,train,C:\Users\USER\Desktop\ai_dataset\forestry_dataset_splitted\train\mangrove_forest\mangrove_424.webp
mangrove_425.jpg,mangrove_forest,train,C:\Users\USER\Desktop\ai_dataset\forestry_dataset_splitted\train\mangrove_forest\mangrove_425.jpg
mangrove_426.webp,mangrove_forest,train,C:\Users\USER\Desktop\ai_dataset\forestry_dataset_splitted\train\mangrove_forest\mangrove_426.webp
mangrove_427.webp,mangrove_forest,train,C:\Users\USER\Desktop\ai_dataset\forestry_dataset_splitted\train\mangrove_forest\mangrove_427.webp
mangrove_428.webp,mangrove_forest,train,C:\Users\USER\Desktop\ai_dataset\forestry_dataset_splitted\train\mangrove_forest\mangrove_428.webp
mangrove_429.webp,mangrove_forest,train,C:\Users\USER\Desktop\ai_dataset\forestry_dataset_splitted\train\mangrove_forest\mangrove_429.webp
mangrove_43.jpg,mangrove_forest,train,C:\Users\USER\Desktop\ai_dataset\forestry_dataset_splitted\train\mangrove_forest\mangrove_43.jpg
mangrove_430.webp,mangrove_forest,train,C:\Users\USER\Desktop\ai_dataset\forestry_dataset_splitted\train\mangrove_forest\mangrove_430.webp
mangrove_431.webp,mangrove_forest,train,C:\Users\USER\Desktop\ai_dataset\forestry_dataset_splitted\train\mangrove_forest\mangrove_431.webp
mangrove_432.jpg,mangrove_forest,train,C:\Users\USER\Desktop\ai_dataset\forestry_dataset_splitted\train\mangrove_forest\mangrove_432.jpg
mangrove_433.jpg,mangrove_forest,train,C:\Users\USER\Desktop\ai_dataset\forestry_dataset_splitted\train\mangrove_forest\mangrove_433.jpg
mangrove_434.jpg,mangrove_forest,train,C:\Users\USER\Desktop\ai_dataset\forestry_dataset_splitted\train\mangrove_forest\mangrove_434.jpg
mangrove_435.jpg,mangrove_forest,train,C:\Users\USER\Desktop\ai_dataset\forestry_dataset_splitted\train\mangrove_forest\mangrove_435.jpg
mangrove_436.webp,mangrove_forest,train,C:\Users\USER\Desktop\ai_dataset\forestry_dataset_splitted\train\mangrove_forest\mangrove_436.webp
mangrove_437.webp,mangrove_forest,train,C:\Users\USER\Desktop\ai_dataset\forestry_dataset_splitted\train\mangrove_forest\mangrove_437.webp
mangrove_438.webp,mangrove_forest,train,C:\Users\USER\Desktop\ai_dataset\forestry_dataset_splitted\train\mangrove_forest\mangrove_438.webp
mangrove_439.webp,mangrove_forest,train,C:\Users\USER\Desktop\ai_dataset\forestry_dataset_splitted\train\mangrove_forest\mangrove_439.webp
mangrove_44.jpg,mangrove_forest,train,C:\Users\USER\Desktop\ai_dataset\forestry_dataset_splitted\train\mangrove_forest\mangrove_44.jpg
mangrove_440.jpg,mangrove_forest,train,C:\Users\USER\Desktop\ai_dataset\forestry_dataset_splitted\train\mangrove_forest\mangrove_440.jpg
mangrove_441.webp,mangrove_forest,train,C:\Users\USER\Desktop\ai_dataset\forestry_dataset_splitted\train\mangrove_forest\mangrove_441.webp
mangrove_442.webp,mangrove_forest,train,C:\Users\USER\Desktop\ai_dataset\forestry_dataset_splitted\train\mangrove_forest\mangrove_442.webp
mangrove_443.webp,mangrove_forest,train,C:\Users\USER\Desktop\ai_dataset\forestry_dataset_splitted\train\mangrove_forest\mangrove_443.webp
mangrove_444.webp,mangrove_forest,train,C:\Users\USER\Desktop\ai_dataset\forestry_dataset_splitted\train\mangrove_forest\mangrove_444.webp
mangrove_445.webp,mangrove_forest,train,C:\Users\USER\Desktop\ai_dataset\forestry_dataset_splitted\train\mangrove_forest\mangrove_445.webp
mangrove_446.jpg,mangrove_forest,train,C:\Users\USER\Desktop\ai_dataset\forestry_dataset_splitted\train\mangrove_forest\mangrove_446.jpg
mangrove_447.jpg,mangrove_forest,train,C:\Users\USER\Desktop\ai_dataset\forestry_dataset_splitted\train\mangrove_forest\mangrove_447.jpg
mangrove_448.webp,mangrove_forest,train,C:\Users\USER\Desktop\ai_dataset\forestry_dataset_splitted\train\mangrove_forest\mangrove_448.webp
mangrove_449.webp,mangrove_forest,train,C:\Users\USER\Desktop\ai_dataset\forestry_dataset_splitted\train\mangrove_forest\mangrove_449.webp
mangrove_45.jpg,mangrove_forest,train,C:\Users\USER\Desktop\ai_dataset\forestry_dataset_splitted\train\mangrove_forest\mangrove_45.jpg
mangrove_450.webp,mangrove_forest,train,C:\Users\USER\Desktop\ai_dataset\forestry_dataset_splitted\train\mangrove_forest\mangrove_450.webp
mangrove_451.webp,mangrove_forest,train,C:\Users\USER\Desktop\ai_dataset\forestry_dataset_splitted\train\mangrove_forest\mangrove_451.webp
mangrove_452.webp,mangrove_forest,train,C:\Users\USER\Desktop\ai_dataset\forestry_dataset_splitted\train\mangrove_forest\mangrove_452.webp
mangrove_453.webp,mangrove_forest,train,C:\Users\USER\Desktop\ai_dataset\forestry_dataset_splitted\train\mangrove_forest\mangrove_453.webp
mangrove_454.webp,mangrove_forest,train,C:\Users\USER\Desktop\ai_dataset\forestry_dataset_splitted\train\mangrove_forest\mangrove_454.webp
mangrove_455.webp,mangrove_forest,train,C:\Users\USER\Desktop\ai_dataset\forestry_dataset_splitted\train\mangrove_forest\mangrove_455.webp
mangrove_456.webp,mangrove_forest,train,C:\Users\USER\Desktop\ai_dataset\forestry_dataset_splitted\train\mangrove_forest\mangrove_456.webp
mangrove_457.webp,mangrove_forest,train,C:\Users\USER\Desktop\ai_dataset\forestry_dataset_splitted\train\mangrove_forest\mangrove_457.webp
mangrove_458.webp,mangrove_forest,train,C:\Users\USER\Desktop\ai_dataset\forestry_dataset_splitted\train\mangrove_forest\mangrove_458.webp
mangrove_459.webp,mangrove_forest,train,C:\Users\USER\Desktop\ai_dataset\forestry_dataset_splitted\train\mangrove_forest\mangrove_459.webp
mangrove_46.jpg,mangrove_forest,train,C:\Users\USER\Desktop\ai_dataset\forestry_dataset_splitted\train\mangrove_forest\mangrove_46.jpg
mangrove_460.webp,mangrove_forest,train,C:\Users\USER\Desktop\ai_dataset\forestry_dataset_splitted\train\mangrove_forest\mangrove_460.webp
mangrove_461.jpg,mangrove_forest,train,C:\Users\USER\Desktop\ai_dataset\forestry_dataset_splitted\train\mangrove_forest\mangrove_461.jpg
mangrove_462.webp,mangrove_forest,train,C:\Users\USER\Desktop\ai_dataset\forestry_dataset_splitted\train\mangrove_forest\mangrove_462.webp
mangrove_463.webp,mangrove_forest,train,C:\Users\USER\Desktop\ai_dataset\forestry_dataset_splitted\train\mangrove_forest\mangrove_463.webp
mangrove_464.jpg,mangrove_forest,train,C:\Users\USER\Desktop\ai_dataset\forestry_dataset_splitted\train\mangrove_forest\mangrove_464.jpg
mangrove_465.webp,mangrove_forest,train,C:\Users\USER\Desktop\ai_dataset\forestry_dataset_splitted\train\mangrove_forest\mangrove_465.webp
mangrove_466.webp,mangrove_forest,train,C:\Users\USER\Desktop\ai_dataset\forestry_dataset_splitted\train\mangrove_forest\mangrove_466.webp
mangrove_467.jpg,mangrove_forest,train,C:\Users\USER\Desktop\ai_dataset\forestry_dataset_splitted\train\mangrove_forest\mangrove_467.jpg
mangrove_468.webp,mangrove_forest,train,C:\Users\USER\Desktop\ai_dataset\forestry_dataset_splitted\train\mangrove_forest\mangrove_468.webp
mangrove_469.webp,mangrove_forest,train,C:\Users\USER\Desktop\ai_dataset\forestry_dataset_splitted\train\mangrove_forest\mangrove_469.webp
mangrove_47.jpg,mangrove_forest,train,C:\Users\USER\Desktop\ai_dataset\forestry_dataset_splitted\train\mangrove_forest\mangrove_47.jpg
mangrove_470.webp,mangrove_forest,train,C:\Users\USER\Desktop\ai_dataset\forestry_dataset_splitted\train\mangrove_forest\mangrove_470.webp
mangrove_471.webp,mangrove_forest,train,C:\Users\USER\Desktop\ai_dataset\forestry_dataset_splitted\train\mangrove_forest\mangrove_471.webp
mangrove_472.webp,mangrove_forest,train,C:\Users\USER\Desktop\ai_dataset\forestry_dataset_splitted\train\mangrove_forest\mangrove_472.webp
mangrove_473.jpg,mangrove_forest,train,C:\Users\USER\Desktop\ai_dataset\forestry_dataset_splitted\train\mangrove_forest\mangrove_473.jpg
mangrove_474.webp,mangrove_forest,train,C:\Users\USER\Desktop\ai_dataset\forestry_dataset_splitted\train\mangrove_forest\mangrove_474.webp
mangrove_475.webp,mangrove_forest,train,C:\Users\USER\Desktop\ai_dataset\forestry_dataset_splitted\train\mangrove_forest\mangrove_475.webp
mangrove_476.webp,mangrove_forest,train,C:\Users\USER\Desktop\ai_dataset\forestry_dataset_splitted\train\mangrove_forest\mangrove_476.webp
mangrove_477.webp,mangrove_forest,train,C:\Users\USER\Desktop\ai_dataset\forestry_dataset_splitted\train\mangrove_forest\mangrove_477.webp
mangrove_478.webp,mangrove_forest,train,C:\Users\USER\Desktop\ai_dataset\forestry_dataset_splitted\train\mangrove_forest\mangrove_478.webp
mangrove_479.webp,mangrove_forest,train,C:\Users\USER\Desktop\ai_dataset\forestry_dataset_splitted\train\mangrove_forest\mangrove_479.webp
mangrove_48.webp,mangrove_forest,train,C:\Users\USER\Desktop\ai_dataset\forestry_dataset_splitted\train\mangrove_forest\mangrove_48.webp
mangrove_480.webp,mangrove_forest,train,C:\Users\USER\Desktop\ai_dataset\forestry_dataset_splitted\train\mangrove_forest\mangrove_480.webp
mangrove_481.webp,mangrove_forest,train,C:\Users\USER\Desktop\ai_dataset\forestry_dataset_splitted\train\mangrove_forest\mangrove_481.webp
mangrove_482.webp,mangrove_forest,train,C:\Users\USER\Desktop\ai_dataset\forestry_dataset_splitted\train\mangrove_forest\mangrove_482.webp
mangrove_483.webp,mangrove_forest,train,C:\Users\USER\Desktop\ai_dataset\forestry_dataset_splitted\train\mangrove_forest\mangrove_483.webp
mangrove_484.webp,mangrove_forest,train,C:\Users\USER\Desktop\ai_dataset\forestry_dataset_splitted\train\mangrove_forest\mangrove_484.webp
mangrove_485.webp,mangrove_forest,train,C:\Users\USER\Desktop\ai_dataset\forestry_dataset_splitted\train\mangrove_forest\mangrove_485.webp
mangrove_486.webp,mangrove_forest,train,C:\Users\USER\Desktop\ai_dataset\forestry_dataset_splitted\train\mangrove_forest\mangrove_486.webp
mangrove_487.jpg,mangrove_forest,train,C:\Users\USER\Desktop\ai_dataset\forestry_dataset_splitted\train\mangrove_forest\mangrove_487.jpg
mangrove_488.jpg,mangrove_forest,train,C:\Users\USER\Desktop\ai_dataset\forestry_dataset_splitted\train\mangrove_forest\mangrove_488.jpg
mangrove_489.webp,mangrove_forest,train,C:\Users\USER\Desktop\ai_dataset\forestry_dataset_splitted\train\mangrove_forest\mangrove_489.webp
mangrove_49.jpg,mangrove_forest,train,C:\Users\USER\Desktop\ai_dataset\forestry_dataset_splitted\train\mangrove_forest\mangrove_49.jpg
mangrove_490.webp,mangrove_forest,train,C:\Users\USER\Desktop\ai_dataset\forestry_dataset_splitted\train\mangrove_forest\mangrove_490.webp
mangrove_491.webp,mangrove_forest,train,C:\Users\USER\Desktop\ai_dataset\forestry_dataset_splitted\train\mangrove_forest\mangrove_491.webp
mangrove_492.jpg,mangrove_forest,train,C:\Users\USER\Desktop\ai_dataset\forestry_dataset_splitted\train\mangrove_forest\mangrove_492.jpg
mangrove_493.webp,mangrove_forest,train,C:\Users\USER\Desktop\ai_dataset\forestry_dataset_splitted\train\mangrove_forest\mangrove_493.webp
mangrove_494.webp,mangrove_forest,train,C:\Users\USER\Desktop\ai_dataset\forestry_dataset_splitted\train\mangrove_forest\mangrove_494.webp
mangrove_495.jpg,mangrove_forest,train,C:\Users\USER\Desktop\ai_dataset\forestry_dataset_splitted\train\mangrove_forest\mangrove_495.jpg
mangrove_496.webp,mangrove_forest,train,C:\Users\USER\Desktop\ai_dataset\forestry_dataset_splitted\train\mangrove_forest\mangrove_496.webp
mangrove_497.webp,mangrove_forest,train,C:\Users\USER\Desktop\ai_dataset\forestry_dataset_splitted\train\mangrove_forest\mangrove_497.webp
mangrove_498.webp,mangrove_forest,train,C:\Users\USER\Desktop\ai_dataset\forestry_dataset_splitted\train\mangrove_forest\mangrove_498.webp
mangrove_499.webp,mangrove_forest,train,C:\Users\USER\Desktop\ai_dataset\forestry_dataset_splitted\train\mangrove_forest\mangrove_499.webp
mangrove_5.jpg,mangrove_forest,train,C:\Users\USER\Desktop\ai_dataset\forestry_dataset_splitted\train\mangrove_forest\mangrove_5.jpg
mangrove_50.jpg,mangrove_forest,train,C:\Users\USER\Desktop\ai_dataset\forestry_dataset_splitted\train\mangrove_forest\mangrove_50.jpg
mangrove_500.webp,mangrove_forest,train,C:\Users\USER\Desktop\ai_dataset\forestry_dataset_splitted\train\mangrove_forest\mangrove_500.webp
mangrove_501.webp,mangrove_forest,train,C:\Users\USER\Desktop\ai_dataset\forestry_dataset_splitted\train\mangrove_forest\mangrove_501.webp
mangrove_502.webp,mangrove_forest,train,C:\Users\USER\Desktop\ai_dataset\forestry_dataset_splitted\train\mangrove_forest\mangrove_502.webp
mangrove_503.webp,mangrove_forest,train,C:\Users\USER\Desktop\ai_dataset\forestry_dataset_splitted\train\mangrove_forest\mangrove_503.webp
mangrove_504.webp,mangrove_forest,train,C:\Users\USER\Desktop\ai_dataset\forestry_dataset_splitted\train\mangrove_forest\mangrove_504.webp
mangrove_505.webp,mangrove_forest,train,C:\Users\USER\Desktop\ai_dataset\forestry_dataset_splitted\train\mangrove_forest\mangrove_505.webp
mangrove_506.jpg,mangrove_forest,train,C:\Users\USER\Desktop\ai_dataset\forestry_dataset_splitted\train\mangrove_forest\mangrove_506.jpg
mangrove_507.webp,mangrove_forest,train,C:\Users\USER\Desktop\ai_dataset\forestry_dataset_splitted\train\mangrove_forest\mangrove_507.webp
mangrove_508.webp,mangrove_forest,train,C:\Users\USER\Desktop\ai_dataset\forestry_dataset_splitted\train\mangrove_forest\mangrove_508.webp
mangrove_509.webp,mangrove_forest,train,C:\Users\USER\Desktop\ai_dataset\forestry_dataset_splitted\train\mangrove_forest\mangrove_509.webp
mangrove_51.jpg,mangrove_forest,train,C:\Users\USER\Desktop\ai_dataset\forestry_dataset_splitted\train\mangrove_forest\mangrove_51.jpg
mangrove_510.webp,mangrove_forest,train,C:\Users\USER\Desktop\ai_dataset\forestry_dataset_splitted\train\mangrove_forest\mangrove_510.webp
mangrove_511.jpg,mangrove_forest,train,C:\Users\USER\Desktop\ai_dataset\forestry_dataset_splitted\train\mangrove_forest\mangrove_511.jpg
mangrove_512.jpg,mangrove_forest,train,C:\Users\USER\Desktop\ai_dataset\forestry_dataset_splitted\train\mangrove_forest\mangrove_512.jpg
mangrove_513.webp,mangrove_forest,train,C:\Users\USER\Desktop\ai_dataset\forestry_dataset_splitted\train\mangrove_forest\mangrove_513.webp
mangrove_514.jpg,mangrove_forest,train,C:\Users\USER\Desktop\ai_dataset\forestry_dataset_splitted\train\mangrove_forest\mangrove_514.jpg
mangrove_515.webp,mangrove_forest,train,C:\Users\USER\Desktop\ai_dataset\forestry_dataset_splitted\train\mangrove_forest\mangrove_515.webp
mangrove_516.webp,mangrove_forest,train,C:\Users\USER\Desktop\ai_dataset\forestry_dataset_splitted\train\mangrove_forest\mangrove_516.webp
mangrove_517.webp,mangrove_forest,train,C:\Users\USER\Desktop\ai_dataset\forestry_dataset_splitted\train\mangrove_forest\mangrove_517.webp
mangrove_518.webp,mangrove_forest,train,C:\Users\USER\Desktop\ai_dataset\forestry_dataset_splitted\train\mangrove_forest\mangrove_518.webp
mangrove_519.webp,mangrove_forest,train,C:\Users\USER\Desktop\ai_dataset\forestry_dataset_splitted\train\mangrove_forest\mangrove_519.webp
mangrove_52.jpg,mangrove_forest,train,C:\Users\USER\Desktop\ai_dataset\forestry_dataset_splitted\train\mangrove_forest\mangrove_52.jpg
mangrove_520.webp,mangrove_forest,train,C:\Users\USER\Desktop\ai_dataset\forestry_dataset_splitted\train\mangrove_forest\mangrove_520.webp
mangrove_521.webp,mangrove_forest,train,C:\Users\USER\Desktop\ai_dataset\forestry_dataset_splitted\train\mangrove_forest\mangrove_521.webp
mangrove_522.webp,mangrove_forest,train,C:\Users\USER\Desktop\ai_dataset\forestry_dataset_splitted\train\mangrove_forest\mangrove_522.webp
mangrove_523.webp,mangrove_forest,train,C:\Users\USER\Desktop\ai_dataset\forestry_dataset_splitted\train\mangrove_forest\mangrove_523.webp
mangrove_524.webp,mangrove_forest,train,C:\Users\USER\Desktop\ai_dataset\forestry_dataset_splitted\train\mangrove_forest\mangrove_524.webp
mangrove_525.jpg,mangrove_forest,train,C:\Users\USER\Desktop\ai_dataset\forestry_dataset_splitted\train\mangrove_forest\mangrove_525.jpg
mangrove_526.webp,mangrove_forest,train,C:\Users\USER\Desktop\ai_dataset\forestry_dataset_splitted\train\mangrove_forest\mangrove_526.webp
mangrove_527.jpg,mangrove_forest,train,C:\Users\USER\Desktop\ai_dataset\forestry_dataset_splitted\train\mangrove_forest\mangrove_527.jpg
mangrove_528.webp,mangrove_forest,train,C:\Users\USER\Desktop\ai_dataset\forestry_dataset_splitted\train\mangrove_forest\mangrove_528.webp
mangrove_529.webp,mangrove_forest,train,C:\Users\USER\Desktop\ai_dataset\forestry_dataset_splitted\train\mangrove_forest\mangrove_529.webp
mangrove_53.jpg,mangrove_forest,train,C:\Users\USER\Desktop\ai_dataset\forestry_dataset_splitted\train\mangrove_forest\mangrove_53.jpg
mangrove_530.webp,mangrove_forest,train,C:\Users\USER\Desktop\ai_dataset\forestry_dataset_splitted\train\mangrove_forest\mangrove_530.webp
mangrove_531.webp,mangrove_forest,train,C:\Users\USER\Desktop\ai_dataset\forestry_dataset_splitted\train\mangrove_forest\mangrove_531.webp
mangrove_532.webp,mangrove_forest,train,C:\Users\USER\Desktop\ai_dataset\forestry_dataset_splitted\train\mangrove_forest\mangrove_532.webp
mangrove_533.jpg,mangrove_forest,train,C:\Users\USER\Desktop\ai_dataset\forestry_dataset_splitted\train\mangrove_forest\mangrove_533.jpg
mangrove_534.webp,mangrove_forest,train,C:\Users\USER\Desktop\ai_dataset\forestry_dataset_splitted\train\mangrove_forest\mangrove_534.webp
mangrove_535.webp,mangrove_forest,train,C:\Users\USER\Desktop\ai_dataset\forestry_dataset_splitted\train\mangrove_forest\mangrove_535.webp
mangrove_536.webp,mangrove_forest,train,C:\Users\USER\Desktop\ai_dataset\forestry_dataset_splitted\train\mangrove_forest\mangrove_536.webp
mangrove_537.webp,mangrove_forest,train,C:\Users\USER\Desktop\ai_dataset\forestry_dataset_splitted\train\mangrove_forest\mangrove_537.webp
mangrove_538.webp,mangrove_forest,train,C:\Users\USER\Desktop\ai_dataset\forestry_dataset_splitted\train\mangrove_forest\mangrove_538.webp
mangrove_539.jpg,mangrove_forest,train,C:\Users\USER\Desktop\ai_dataset\forestry_dataset_splitted\train\mangrove_forest\mangrove_539.jpg
mangrove_54.jpg,mangrove_forest,train,C:\Users\USER\Desktop\ai_dataset\forestry_dataset_splitted\train\mangrove_forest\mangrove_54.jpg
mangrove_540.webp,mangrove_forest,train,C:\Users\USER\Desktop\ai_dataset\forestry_dataset_splitted\train\mangrove_forest\mangrove_540.webp
mangrove_541.webp,mangrove_forest,train,C:\Users\USER\Desktop\ai_dataset\forestry_dataset_splitted\train\mangrove_forest\mangrove_541.webp
mangrove_542.webp,mangrove_forest,train,C:\Users\USER\Desktop\ai_dataset\forestry_dataset_splitted\train\mangrove_forest\mangrove_542.webp
mangrove_543.webp,mangrove_forest,train,C:\Users\USER\Desktop\ai_dataset\forestry_dataset_splitted\train\mangrove_forest\mangrove_543.webp
mangrove_544.jpg,mangrove_forest,train,C:\Users\USER\Desktop\ai_dataset\forestry_dataset_splitted\train\mangrove_forest\mangrove_544.jpg
mangrove_545.webp,mangrove_forest,train,C:\Users\USER\Desktop\ai_dataset\forestry_dataset_splitted\train\mangrove_forest\mangrove_545.webp
mangrove_546.webp,mangrove_forest,train,C:\Users\USER\Desktop\ai_dataset\forestry_dataset_splitted\train\mangrove_forest\mangrove_546.webp
mangrove_547.webp,mangrove_forest,train,C:\Users\USER\Desktop\ai_dataset\forestry_dataset_splitted\train\mangrove_forest\mangrove_547.webp
mangrove_548.webp,mangrove_forest,train,C:\Users\USER\Desktop\ai_dataset\forestry_dataset_splitted\train\mangrove_forest\mangrove_548.webp
mangrove_549.webp,mangrove_forest,train,C:\Users\USER\Desktop\ai_dataset\forestry_dataset_splitted\train\mangrove_forest\mangrove_549.webp
mangrove_55.jpg,mangrove_forest,train,C:\Users\USER\Desktop\ai_dataset\forestry_dataset_splitted\train\mangrove_forest\mangrove_55.jpg
mangrove_550.webp,mangrove_forest,train,C:\Users\USER\Desktop\ai_dataset\forestry_dataset_splitted\train\mangrove_forest\mangrove_550.webp
mangrove_551.jpg,mangrove_forest,train,C:\Users\USER\Desktop\ai_dataset\forestry_dataset_splitted\train\mangrove_forest\mangrove_551.jpg
mangrove_552.webp,mangrove_forest,train,C:\Users\USER\Desktop\ai_dataset\forestry_dataset_splitted\train\mangrove_forest\mangrove_552.webp
mangrove_553.jpg,mangrove_forest,train,C:\Users\USER\Desktop\ai_dataset\forestry_dataset_splitted\train\mangrove_forest\mangrove_553.jpg
mangrove_554.webp,mangrove_forest,train,C:\Users\USER\Desktop\ai_dataset\forestry_dataset_splitted\train\mangrove_forest\mangrove_554.webp
mangrove_555.webp,mangrove_forest,train,C:\Users\USER\Desktop\ai_dataset\forestry_dataset_splitted\train\mangrove_forest\mangrove_555.webp
mangrove_556.jpg,mangrove_forest,train,C:\Users\USER\Desktop\ai_dataset\forestry_dataset_splitted\train\mangrove_forest\mangrove_556.jpg
mangrove_557.png,mangrove_forest,train,C:\Users\USER\Desktop\ai_dataset\forestry_dataset_splitted\train\mangrove_forest\mangrove_557.png
mangrove_558.webp,mangrove_forest,train,C:\Users\USER\Desktop\ai_dataset\forestry_dataset_splitted\train\mangrove_forest\mangrove_558.webp
mangrove_559.webp,mangrove_forest,train,C:\Users\USER\Desktop\ai_dataset\forestry_dataset_splitted\train\mangrove_forest\mangrove_559.webp
mangrove_56.jpg,mangrove_forest,train,C:\Users\USER\Desktop\ai_dataset\forestry_dataset_splitted\train\mangrove_forest\mangrove_56.jpg
mangrove_560.webp,mangrove_forest,train,C:\Users\USER\Desktop\ai_dataset\forestry_dataset_splitted\train\mangrove_forest\mangrove_560.webp
mangrove_561.jpg,mangrove_forest,train,C:\Users\USER\Desktop\ai_dataset\forestry_dataset_splitted\train\mangrove_forest\mangrove_561.jpg
mangrove_562.webp,mangrove_forest,train,C:\Users\USER\Desktop\ai_dataset\forestry_dataset_splitted\train\mangrove_forest\mangrove_562.webp
mangrove_563.webp,mangrove_forest,train,C:\Users\USER\Desktop\ai_dataset\forestry_dataset_splitted\train\mangrove_forest\mangrove_563.webp
mangrove_564.webp,mangrove_forest,train,C:\Users\USER\Desktop\ai_dataset\forestry_dataset_splitted\train\mangrove_forest\mangrove_564.webp
mangrove_565.webp,mangrove_forest,train,C:\Users\USER\Desktop\ai_dataset\forestry_dataset_splitted\train\mangrove_forest\mangrove_565.webp
mangrove_566.webp,mangrove_forest,train,C:\Users\USER\Desktop\ai_dataset\forestry_dataset_splitted\train\mangrove_forest\mangrove_566.webp
mangrove_567.jpg,mangrove_forest,train,C:\Users\USER\Desktop\ai_dataset\forestry_dataset_splitted\train\mangrove_forest\mangrove_567.jpg
mangrove_568.webp,mangrove_forest,train,C:\Users\USER\Desktop\ai_dataset\forestry_dataset_splitted\train\mangrove_forest\mangrove_568.webp
mangrove_569.webp,mangrove_forest,train,C:\Users\USER\Desktop\ai_dataset\forestry_dataset_splitted\train\mangrove_forest\mangrove_569.webp
mangrove_57.jpg,mangrove_forest,train,C:\Users\USER\Desktop\ai_dataset\forestry_dataset_splitted\train\mangrove_forest\mangrove_57.jpg
mangrove_570.jpg,mangrove_forest,train,C:\Users\USER\Desktop\ai_dataset\forestry_dataset_splitted\train\mangrove_forest\mangrove_570.jpg
mangrove_571.webp,mangrove_forest,train,C:\Users\USER\Desktop\ai_dataset\forestry_dataset_splitted\train\mangrove_forest\mangrove_571.webp
mangrove_572.webp,mangrove_forest,train,C:\Users\USER\Desktop\ai_dataset\forestry_dataset_splitted\train\mangrove_forest\mangrove_572.webp
mangrove_573.webp,mangrove_forest,train,C:\Users\USER\Desktop\ai_dataset\forestry_dataset_splitted\train\mangrove_forest\mangrove_573.webp
mangrove_574.webp,mangrove_forest,train,C:\Users\USER\Desktop\ai_dataset\forestry_dataset_splitted\train\mangrove_forest\mangrove_574.webp
mangrove_575.webp,mangrove_forest,train,C:\Users\USER\Desktop\ai_dataset\forestry_dataset_splitted\train\mangrove_forest\mangrove_575.webp
mangrove_576.jpg,mangrove_forest,train,C:\Users\USER\Desktop\ai_dataset\forestry_dataset_splitted\train\mangrove_forest\mangrove_576.jpg
mangrove_577.webp,mangrove_forest,train,C:\Users\USER\Desktop\ai_dataset\forestry_dataset_splitted\train\mangrove_forest\mangrove_577.webp
mangrove_578.webp,mangrove_forest,train,C:\Users\USER\Desktop\ai_dataset\forestry_dataset_splitted\train\mangrove_forest\mangrove_578.webp
mangrove_579.webp,mangrove_forest,train,C:\Users\USER\Desktop\ai_dataset\forestry_dataset_splitted\train\mangrove_forest\mangrove_579.webp
mangrove_58.webp,mangrove_forest,train,C:\Users\USER\Desktop\ai_dataset\forestry_dataset_splitted\train\mangrove_forest\mangrove_58.webp
mangrove_580.webp,mangrove_forest,train,C:\Users\USER\Desktop\ai_dataset\forestry_dataset_splitted\train\mangrove_forest\mangrove_580.webp
mangrove_581.webp,mangrove_forest,train,C:\Users\USER\Desktop\ai_dataset\forestry_dataset_splitted\train\mangrove_forest\mangrove_581.webp
mangrove_582.webp,mangrove_forest,train,C:\Users\USER\Desktop\ai_dataset\forestry_dataset_splitted\train\mangrove_forest\mangrove_582.webp
mangrove_583.webp,mangrove_forest,train,C:\Users\USER\Desktop\ai_dataset\forestry_dataset_splitted\train\mangrove_forest\mangrove_583.webp
mangrove_584.webp,mangrove_forest,train,C:\Users\USER\Desktop\ai_dataset\forestry_dataset_splitted\train\mangrove_forest\mangrove_584.webp
mangrove_585.jpg,mangrove_forest,train,C:\Users\USER\Desktop\ai_dataset\forestry_dataset_splitted\train\mangrove_forest\mangrove_585.jpg
mangrove_586.jpg,mangrove_forest,train,C:\Users\USER\Desktop\ai_dataset\forestry_dataset_splitted\train\mangrove_forest\mangrove_586.jpg
mangrove_587.webp,mangrove_forest,train,C:\Users\USER\Desktop\ai_dataset\forestry_dataset_splitted\train\mangrove_forest\mangrove_587.webp
mangrove_588.jpg,mangrove_forest,train,C:\Users\USER\Desktop\ai_dataset\forestry_dataset_splitted\train\mangrove_forest\mangrove_588.jpg
mangrove_589.webp,mangrove_forest,train,C:\Users\USER\Desktop\ai_dataset\forestry_dataset_splitted\train\mangrove_forest\mangrove_589.webp
mangrove_59.jpg,mangrove_forest,train,C:\Users\USER\Desktop\ai_dataset\forestry_dataset_splitted\train\mangrove_forest\mangrove_59.jpg
mangrove_590.webp,mangrove_forest,train,C:\Users\USER\Desktop\ai_dataset\forestry_dataset_splitted\train\mangrove_forest\mangrove_590.webp
mangrove_591.jpg,mangrove_forest,train,C:\Users\USER\Desktop\ai_dataset\forestry_dataset_splitted\train\mangrove_forest\mangrove_591.jpg
mangrove_592.webp,mangrove_forest,train,C:\Users\USER\Desktop\ai_dataset\forestry_dataset_splitted\train\mangrove_forest\mangrove_592.webp
mangrove_593.webp,mangrove_forest,train,C:\Users\USER\Desktop\ai_dataset\forestry_dataset_splitted\train\mangrove_forest\mangrove_593.webp
mangrove_594.jpg,mangrove_forest,train,C:\Users\USER\Desktop\ai_dataset\forestry_dataset_splitted\train\mangrove_forest\mangrove_594.jpg
mangrove_595.webp,mangrove_forest,train,C:\Users\USER\Desktop\ai_dataset\forestry_dataset_splitted\train\mangrove_forest\mangrove_595.webp
mangrove_596.webp,mangrove_forest,train,C:\Users\USER\Desktop\ai_dataset\forestry_dataset_splitted\train\mangrove_forest\mangrove_596.webp
mangrove_597.webp,mangrove_forest,train,C:\Users\USER\Desktop\ai_dataset\forestry_dataset_splitted\train\mangrove_forest\mangrove_597.webp
mangrove_598.webp,mangrove_forest,train,C:\Users\USER\Desktop\ai_dataset\forestry_dataset_splitted\train\mangrove_forest\mangrove_598.webp
mangrove_599.webp,mangrove_forest,train,C:\Users\USER\Desktop\ai_dataset\forestry_dataset_splitted\train\mangrove_forest\mangrove_599.webp
mangrove_6.jpg,mangrove_forest,train,C:\Users\USER\Desktop\ai_dataset\forestry_dataset_splitted\train\mangrove_forest\mangrove_6.jpg
mangrove_60.jpg,mangrove_forest,train,C:\Users\USER\Desktop\ai_dataset\forestry_dataset_splitted\train\mangrove_forest\mangrove_60.jpg
mangrove_600.webp,mangrove_forest,train,C:\Users\USER\Desktop\ai_dataset\forestry_dataset_splitted\train\mangrove_forest\mangrove_600.webp
mangrove_601.webp,mangrove_forest,train,C:\Users\USER\Desktop\ai_dataset\forestry_dataset_splitted\train\mangrove_forest\mangrove_601.webp
mangrove_602.jpg,mangrove_forest,train,C:\Users\USER\Desktop\ai_dataset\forestry_dataset_splitted\train\mangrove_forest\mangrove_602.jpg
mangrove_603.webp,mangrove_forest,train,C:\Users\USER\Desktop\ai_dataset\forestry_dataset_splitted\train\mangrove_forest\mangrove_603.webp
mangrove_604.webp,mangrove_forest,train,C:\Users\USER\Desktop\ai_dataset\forestry_dataset_splitted\train\mangrove_forest\mangrove_604.webp
mangrove_605.webp,mangrove_forest,train,C:\Users\USER\Desktop\ai_dataset\forestry_dataset_splitted\train\mangrove_forest\mangrove_605.webp
mangrove_606.jpg,mangrove_forest,train,C:\Users\USER\Desktop\ai_dataset\forestry_dataset_splitted\train\mangrove_forest\mangrove_606.jpg
mangrove_607.webp,mangrove_forest,train,C:\Users\USER\Desktop\ai_dataset\forestry_dataset_splitted\train\mangrove_forest\mangrove_607.webp
mangrove_608.webp,mangrove_forest,train,C:\Users\USER\Desktop\ai_dataset\forestry_dataset_splitted\train\mangrove_forest\mangrove_608.webp
mangrove_609.webp,mangrove_forest,train,C:\Users\USER\Desktop\ai_dataset\forestry_dataset_splitted\train\mangrove_forest\mangrove_609.webp
mangrove_61.jpg,mangrove_forest,train,C:\Users\USER\Desktop\ai_dataset\forestry_dataset_splitted\train\mangrove_forest\mangrove_61.jpg
mangrove_610.jpg,mangrove_forest,train,C:\Users\USER\Desktop\ai_dataset\forestry_dataset_splitted\train\mangrove_forest\mangrove_610.jpg
mangrove_611.jpg,mangrove_forest,train,C:\Users\USER\Desktop\ai_dataset\forestry_dataset_splitted\train\mangrove_forest\mangrove_611.jpg
mangrove_612.webp,mangrove_forest,train,C:\Users\USER\Desktop\ai_dataset\forestry_dataset_splitted\train\mangrove_forest\mangrove_612.webp
mangrove_613.webp,mangrove_forest,train,C:\Users\USER\Desktop\ai_dataset\forestry_dataset_splitted\train\mangrove_forest\mangrove_613.webp
mangrove_614.webp,mangrove_forest,train,C:\Users\USER\Desktop\ai_dataset\forestry_dataset_splitted\train\mangrove_forest\mangrove_614.webp
mangrove_615.webp,mangrove_forest,train,C:\Users\USER\Desktop\ai_dataset\forestry_dataset_splitted\train\mangrove_forest\mangrove_615.webp
mangrove_616.jpg,mangrove_forest,train,C:\Users\USER\Desktop\ai_dataset\forestry_dataset_splitted\train\mangrove_forest\mangrove_616.jpg
mangrove_617.webp,mangrove_forest,train,C:\Users\USER\Desktop\ai_dataset\forestry_dataset_splitted\train\mangrove_forest\mangrove_617.webp
mangrove_618.webp,mangrove_forest,train,C:\Users\USER\Desktop\ai_dataset\forestry_dataset_splitted\train\mangrove_forest\mangrove_618.webp
mangrove_619.webp,mangrove_forest,train,C:\Users\USER\Desktop\ai_dataset\forestry_dataset_splitted\train\mangrove_forest\mangrove_619.webp
mangrove_62.jpg,mangrove_forest,train,C:\Users\USER\Desktop\ai_dataset\forestry_dataset_splitted\train\mangrove_forest\mangrove_62.jpg
mangrove_620.webp,mangrove_forest,train,C:\Users\USER\Desktop\ai_dataset\forestry_dataset_splitted\train\mangrove_forest\mangrove_620.webp
mangrove_621.webp,mangrove_forest,train,C:\Users\USER\Desktop\ai_dataset\forestry_dataset_splitted\train\mangrove_forest\mangrove_621.webp
mangrove_622.webp,mangrove_forest,train,C:\Users\USER\Desktop\ai_dataset\forestry_dataset_splitted\train\mangrove_forest\mangrove_622.webp
mangrove_623.webp,mangrove_forest,train,C:\Users\USER\Desktop\ai_dataset\forestry_dataset_splitted\train\mangrove_forest\mangrove_623.webp
mangrove_624.webp,mangrove_forest,train,C:\Users\USER\Desktop\ai_dataset\forestry_dataset_splitted\train\mangrove_forest\mangrove_624.webp
mangrove_625.webp,mangrove_forest,train,C:\Users\USER\Desktop\ai_dataset\forestry_dataset_splitted\train\mangrove_forest\mangrove_625.webp
mangrove_626.webp,mangrove_forest,train,C:\Users\USER\Desktop\ai_dataset\forestry_dataset_splitted\train\mangrove_forest\mangrove_626.webp
mangrove_627.webp,mangrove_forest,train,C:\Users\USER\Desktop\ai_dataset\forestry_dataset_splitted\train\mangrove_forest\mangrove_627.webp
mangrove_628.webp,mangrove_forest,train,C:\Users\USER\Desktop\ai_dataset\forestry_dataset_splitted\train\mangrove_forest\mangrove_628.webp
mangrove_629.webp,mangrove_forest,train,C:\Users\USER\Desktop\ai_dataset\forestry_dataset_splitted\train\mangrove_forest\mangrove_629.webp
mangrove_63.jpg,mangrove_forest,train,C:\Users\USER\Desktop\ai_dataset\forestry_dataset_splitted\train\mangrove_forest\mangrove_63.jpg
mangrove_630.webp,mangrove_forest,train,C:\Users\USER\Desktop\ai_dataset\forestry_dataset_splitted\train\mangrove_forest\mangrove_630.webp
mangrove_631.webp,mangrove_forest,train,C:\Users\USER\Desktop\ai_dataset\forestry_dataset_splitted\train\mangrove_forest\mangrove_631.webp
mangrove_632.webp,mangrove_forest,train,C:\Users\USER\Desktop\ai_dataset\forestry_dataset_splitted\train\mangrove_forest\mangrove_632.webp
mangrove_633.webp,mangrove_forest,train,C:\Users\USER\Desktop\ai_dataset\forestry_dataset_splitted\train\mangrove_forest\mangrove_633.webp
mangrove_634.webp,mangrove_forest,train,C:\Users\USER\Desktop\ai_dataset\forestry_dataset_splitted\train\mangrove_forest\mangrove_634.webp
mangrove_635.webp,mangrove_forest,train,C:\Users\USER\Desktop\ai_dataset\forestry_dataset_splitted\train\mangrove_forest\mangrove_635.webp
mangrove_636.jpg,mangrove_forest,train,C:\Users\USER\Desktop\ai_dataset\forestry_dataset_splitted\train\mangrove_forest\mangrove_636.jpg
mangrove_637.png,mangrove_forest,train,C:\Users\USER\Desktop\ai_dataset\forestry_dataset_splitted\train\mangrove_forest\mangrove_637.png
mangrove_638.webp,mangrove_forest,train,C:\Users\USER\Desktop\ai_dataset\forestry_dataset_splitted\train\mangrove_forest\mangrove_638.webp
mangrove_639.png,mangrove_forest,train,C:\Users\USER\Desktop\ai_dataset\forestry_dataset_splitted\train\mangrove_forest\mangrove_639.png
mangrove_64.jpg,mangrove_forest,train,C:\Users\USER\Desktop\ai_dataset\forestry_dataset_splitted\train\mangrove_forest\mangrove_64.jpg
mangrove_640.jpg,mangrove_forest,train,C:\Users\USER\Desktop\ai_dataset\forestry_dataset_splitted\train\mangrove_forest\mangrove_640.jpg
mangrove_641.webp,mangrove_forest,train,C:\Users\USER\Desktop\ai_dataset\forestry_dataset_splitted\train\mangrove_forest\mangrove_641.webp
mangrove_642.webp,mangrove_forest,train,C:\Users\USER\Desktop\ai_dataset\forestry_dataset_splitted\train\mangrove_forest\mangrove_642.webp
mangrove_643.webp,mangrove_forest,train,C:\Users\USER\Desktop\ai_dataset\forestry_dataset_splitted\train\mangrove_forest\mangrove_643.webp
mangrove_644.jpg,mangrove_forest,train,C:\Users\USER\Desktop\ai_dataset\forestry_dataset_splitted\train\mangrove_forest\mangrove_644.jpg
mangrove_645.webp,mangrove_forest,train,C:\Users\USER\Desktop\ai_dataset\forestry_dataset_splitted\train\mangrove_forest\mangrove_645.webp
mangrove_646.jpg,mangrove_forest,train,C:\Users\USER\Desktop\ai_dataset\forestry_dataset_splitted\train\mangrove_forest\mangrove_646.jpg
mangrove_647.jpg,mangrove_forest,train,C:\Users\USER\Desktop\ai_dataset\forestry_dataset_splitted\train\mangrove_forest\mangrove_647.jpg
mangrove_648.webp,mangrove_forest,train,C:\Users\USER\Desktop\ai_dataset\forestry_dataset_splitted\train\mangrove_forest\mangrove_648.webp
mangrove_649.jpg,mangrove_forest,train,C:\Users\USER\Desktop\ai_dataset\forestry_dataset_splitted\train\mangrove_forest\mangrove_649.jpg
mangrove_65.jpg,mangrove_forest,train,C:\Users\USER\Desktop\ai_dataset\forestry_dataset_splitted\train\mangrove_forest\mangrove_65.jpg
mangrove_650.webp,mangrove_forest,train,C:\Users\USER\Desktop\ai_dataset\forestry_dataset_splitted\train\mangrove_forest\mangrove_650.webp
mangrove_651.jpg,mangrove_forest,train,C:\Users\USER\Desktop\ai_dataset\forestry_dataset_splitted\train\mangrove_forest\mangrove_651.jpg
mangrove_652.webp,mangrove_forest,train,C:\Users\USER\Desktop\ai_dataset\forestry_dataset_splitted\train\mangrove_forest\mangrove_652.webp
mangrove_653.webp,mangrove_forest,train,C:\Users\USER\Desktop\ai_dataset\forestry_dataset_splitted\train\mangrove_forest\mangrove_653.webp
mangrove_654.jpg,mangrove_forest,train,C:\Users\USER\Desktop\ai_dataset\forestry_dataset_splitted\train\mangrove_forest\mangrove_654.jpg
mangrove_655.jpg,mangrove_forest,train,C:\Users\USER\Desktop\ai_dataset\forestry_dataset_splitted\train\mangrove_forest\mangrove_655.jpg
mangrove_656.jpg,mangrove_forest,train,C:\Users\USER\Desktop\ai_dataset\forestry_dataset_splitted\train\mangrove_forest\mangrove_656.jpg
mangrove_657.jpg,mangrove_forest,train,C:\Users\USER\Desktop\ai_dataset\forestry_dataset_splitted\train\mangrove_forest\mangrove_657.jpg
mangrove_658.jpg,mangrove_forest,train,C:\Users\USER\Desktop\ai_dataset\forestry_dataset_splitted\train\mangrove_forest\mangrove_658.jpg
mangrove_659.jpg,mangrove_forest,train,C:\Users\USER\Desktop\ai_dataset\forestry_dataset_splitted\train\mangrove_forest\mangrove_659.jpg
mangrove_66.jpg,mangrove_forest,train,C:\Users\USER\Desktop\ai_dataset\forestry_dataset_splitted\train\mangrove_forest\mangrove_66.jpg
mangrove_660.jpg,mangrove_forest,train,C:\Users\USER\Desktop\ai_dataset\forestry_dataset_splitted\train\mangrove_forest\mangrove_660.jpg
mangrove_661.webp,mangrove_forest,train,C:\Users\USER\Desktop\ai_dataset\forestry_dataset_splitted\train\mangrove_forest\mangrove_661.webp
mangrove_662.jpg,mangrove_forest,train,C:\Users\USER\Desktop\ai_dataset\forestry_dataset_splitted\train\mangrove_forest\mangrove_662.jpg
mangrove_663.webp,mangrove_forest,train,C:\Users\USER\Desktop\ai_dataset\forestry_dataset_splitted\train\mangrove_forest\mangrove_663.webp
mangrove_664.webp,mangrove_forest,train,C:\Users\USER\Desktop\ai_dataset\forestry_dataset_splitted\train\mangrove_forest\mangrove_664.webp
mangrove_665.webp,mangrove_forest,train,C:\Users\USER\Desktop\ai_dataset\forestry_dataset_splitted\train\mangrove_forest\mangrove_665.webp
mangrove_666.jpg,mangrove_forest,train,C:\Users\USER\Desktop\ai_dataset\forestry_dataset_splitted\train\mangrove_forest\mangrove_666.jpg
mangrove_667.jpg,mangrove_forest,train,C:\Users\USER\Desktop\ai_dataset\forestry_dataset_splitted\train\mangrove_forest\mangrove_667.jpg
mangrove_668.webp,mangrove_forest,train,C:\Users\USER\Desktop\ai_dataset\forestry_dataset_splitted\train\mangrove_forest\mangrove_668.webp
mangrove_669.webp,mangrove_forest,train,C:\Users\USER\Desktop\ai_dataset\forestry_dataset_splitted\train\mangrove_forest\mangrove_669.webp
mangrove_67.jpg,mangrove_forest,train,C:\Users\USER\Desktop\ai_dataset\forestry_dataset_splitted\train\mangrove_forest\mangrove_67.jpg
mangrove_670.jpg,mangrove_forest,train,C:\Users\USER\Desktop\ai_dataset\forestry_dataset_splitted\train\mangrove_forest\mangrove_670.jpg
mangrove_671.jpg,mangrove_forest,train,C:\Users\USER\Desktop\ai_dataset\forestry_dataset_splitted\train\mangrove_forest\mangrove_671.jpg
mangrove_672.webp,mangrove_forest,train,C:\Users\USER\Desktop\ai_dataset\forestry_dataset_splitted\train\mangrove_forest\mangrove_672.webp
mangrove_673.jpg,mangrove_forest,train,C:\Users\USER\Desktop\ai_dataset\forestry_dataset_splitted\train\mangrove_forest\mangrove_673.jpg
mangrove_674.webp,mangrove_forest,train,C:\Users\USER\Desktop\ai_dataset\forestry_dataset_splitted\train\mangrove_forest\mangrove_674.webp
mangrove_675.jpg,mangrove_forest,train,C:\Users\USER\Desktop\ai_dataset\forestry_dataset_splitted\train\mangrove_forest\mangrove_675.jpg
mangrove_676.webp,mangrove_forest,train,C:\Users\USER\Desktop\ai_dataset\forestry_dataset_splitted\train\mangrove_forest\mangrove_676.webp
mangrove_677.webp,mangrove_forest,train,C:\Users\USER\Desktop\ai_dataset\forestry_dataset_splitted\train\mangrove_forest\mangrove_677.webp
mangrove_678.jpg,mangrove_forest,train,C:\Users\USER\Desktop\ai_dataset\forestry_dataset_splitted\train\mangrove_forest\mangrove_678.jpg
mangrove_679.jpg,mangrove_forest,train,C:\Users\USER\Desktop\ai_dataset\forestry_dataset_splitted\train\mangrove_forest\mangrove_679.jpg
mangrove_68.webp,mangrove_forest,train,C:\Users\USER\Desktop\ai_dataset\forestry_dataset_splitted\train\mangrove_forest\mangrove_68.webp
mangrove_680.webp,mangrove_forest,train,C:\Users\USER\Desktop\ai_dataset\forestry_dataset_splitted\train\mangrove_forest\mangrove_680.webp
mangrove_681.jpg,mangrove_forest,train,C:\Users\USER\Desktop\ai_dataset\forestry_dataset_splitted\train\mangrove_forest\mangrove_681.jpg
mangrove_682.jpg,mangrove_forest,train,C:\Users\USER\Desktop\ai_dataset\forestry_dataset_splitted\train\mangrove_forest\mangrove_682.jpg
mangrove_683.jpg,mangrove_forest,train,C:\Users\USER\Desktop\ai_dataset\forestry_dataset_splitted\train\mangrove_forest\mangrove_683.jpg
mangrove_684.jpg,mangrove_forest,train,C:\Users\USER\Desktop\ai_dataset\forestry_dataset_splitted\train\mangrove_forest\mangrove_684.jpg
mangrove_685.webp,mangrove_forest,train,C:\Users\USER\Desktop\ai_dataset\forestry_dataset_splitted\train\mangrove_forest\mangrove_685.webp
mangrove_686.jpg,mangrove_forest,train,C:\Users\USER\Desktop\ai_dataset\forestry_dataset_splitted\train\mangrove_forest\mangrove_686.jpg
mangrove_687.jpg,mangrove_forest,train,C:\Users\USER\Desktop\ai_dataset\forestry_dataset_splitted\train\mangrove_forest\mangrove_687.jpg
mangrove_688.jpg,mangrove_forest,train,C:\Users\USER\Desktop\ai_dataset\forestry_dataset_splitted\train\mangrove_forest\mangrove_688.jpg
mangrove_689.webp,mangrove_forest,train,C:\Users\USER\Desktop\ai_dataset\forestry_dataset_splitted\train\mangrove_forest\mangrove_689.webp
mangrove_69.jpg,mangrove_forest,train,C:\Users\USER\Desktop\ai_dataset\forestry_dataset_splitted\train\mangrove_forest\mangrove_69.jpg
mangrove_690.jpg,mangrove_forest,train,C:\Users\USER\Desktop\ai_dataset\forestry_dataset_splitted\train\mangrove_forest\mangrove_690.jpg
mangrove_691.jpg,mangrove_forest,train,C:\Users\USER\Desktop\ai_dataset\forestry_dataset_splitted\train\mangrove_forest\mangrove_691.jpg
mangrove_692.jpg,mangrove_forest,train,C:\Users\USER\Desktop\ai_dataset\forestry_dataset_splitted\train\mangrove_forest\mangrove_692.jpg
mangrove_693.webp,mangrove_forest,train,C:\Users\USER\Desktop\ai_dataset\forestry_dataset_splitted\train\mangrove_forest\mangrove_693.webp
mangrove_694.webp,mangrove_forest,train,C:\Users\USER\Desktop\ai_dataset\forestry_dataset_splitted\train\mangrove_forest\mangrove_694.webp
mangrove_695.webp,mangrove_forest,train,C:\Users\USER\Desktop\ai_dataset\forestry_dataset_splitted\train\mangrove_forest\mangrove_695.webp
mangrove_696.jpg,mangrove_forest,train,C:\Users\USER\Desktop\ai_dataset\forestry_dataset_splitted\train\mangrove_forest\mangrove_696.jpg
mangrove_697.jpg,mangrove_forest,train,C:\Users\USER\Desktop\ai_dataset\forestry_dataset_splitted\train\mangrove_forest\mangrove_697.jpg
mangrove_698.webp,mangrove_forest,train,C:\Users\USER\Desktop\ai_dataset\forestry_dataset_splitted\train\mangrove_forest\mangrove_698.webp
mangrove_699.jpg,mangrove_forest,train,C:\Users\USER\Desktop\ai_dataset\forestry_dataset_splitted\train\mangrove_forest\mangrove_699.jpg
mangrove_7.jpg,mangrove_forest,train,C:\Users\USER\Desktop\ai_dataset\forestry_dataset_splitted\train\mangrove_forest\mangrove_7.jpg
mangrove_70.jpg,mangrove_forest,train,C:\Users\USER\Desktop\ai_dataset\forestry_dataset_splitted\train\mangrove_forest\mangrove_70.jpg
mangrove_700.jpg,mangrove_forest,train,C:\Users\USER\Desktop\ai_dataset\forestry_dataset_splitted\train\mangrove_forest\mangrove_700.jpg
mangrove_701.jpg,mangrove_forest,train,C:\Users\USER\Desktop\ai_dataset\forestry_dataset_splitted\train\mangrove_forest\mangrove_701.jpg
mangrove_702.jpg,mangrove_forest,train,C:\Users\USER\Desktop\ai_dataset\forestry_dataset_splitted\train\mangrove_forest\mangrove_702.jpg
mangrove_703.webp,mangrove_forest,train,C:\Users\USER\Desktop\ai_dataset\forestry_dataset_splitted\train\mangrove_forest\mangrove_703.webp
mangrove_704.jpg,mangrove_forest,train,C:\Users\USER\Desktop\ai_dataset\forestry_dataset_splitted\train\mangrove_forest\mangrove_704.jpg
mangrove_705.jpg,mangrove_forest,train,C:\Users\USER\Desktop\ai_dataset\forestry_dataset_splitted\train\mangrove_forest\mangrove_705.jpg
mangrove_706.jpg,mangrove_forest,train,C:\Users\USER\Desktop\ai_dataset\forestry_dataset_splitted\train\mangrove_forest\mangrove_706.jpg
mangrove_707.webp,mangrove_forest,train,C:\Users\USER\Desktop\ai_dataset\forestry_dataset_splitted\train\mangrove_forest\mangrove_707.webp
mangrove_708.jpg,mangrove_forest,train,C:\Users\USER\Desktop\ai_dataset\forestry_dataset_splitted\train\mangrove_forest\mangrove_708.jpg
mangrove_709.webp,mangrove_forest,train,C:\Users\USER\Desktop\ai_dataset\forestry_dataset_splitted\train\mangrove_forest\mangrove_709.webp
mangrove_71.jpg,mangrove_forest,train,C:\Users\USER\Desktop\ai_dataset\forestry_dataset_splitted\train\mangrove_forest\mangrove_71.jpg
mangrove_710.webp,mangrove_forest,train,C:\Users\USER\Desktop\ai_dataset\forestry_dataset_splitted\train\mangrove_forest\mangrove_710.webp
mangrove_711.jpg,mangrove_forest,train,C:\Users\USER\Desktop\ai_dataset\forestry_dataset_splitted\train\mangrove_forest\mangrove_711.jpg
mangrove_712.webp,mangrove_forest,train,C:\Users\USER\Desktop\ai_dataset\forestry_dataset_splitted\train\mangrove_forest\mangrove_712.webp
mangrove_713.png,mangrove_forest,train,C:\Users\USER\Desktop\ai_dataset\forestry_dataset_splitted\train\mangrove_forest\mangrove_713.png
mangrove_714.jpg,mangrove_forest,train,C:\Users\USER\Desktop\ai_dataset\forestry_dataset_splitted\train\mangrove_forest\mangrove_714.jpg
mangrove_715.jpg,mangrove_forest,train,C:\Users\USER\Desktop\ai_dataset\forestry_dataset_splitted\train\mangrove_forest\mangrove_715.jpg
mangrove_716.jpg,mangrove_forest,train,C:\Users\USER\Desktop\ai_dataset\forestry_dataset_splitted\train\mangrove_forest\mangrove_716.jpg
mangrove_717.webp,mangrove_forest,train,C:\Users\USER\Desktop\ai_dataset\forestry_dataset_splitted\train\mangrove_forest\mangrove_717.webp
mangrove_718.jpg,mangrove_forest,train,C:\Users\USER\Desktop\ai_dataset\forestry_dataset_splitted\train\mangrove_forest\mangrove_718.jpg
mangrove_719.jpg,mangrove_forest,train,C:\Users\USER\Desktop\ai_dataset\forestry_dataset_splitted\train\mangrove_forest\mangrove_719.jpg
mangrove_72.webp,mangrove_forest,train,C:\Users\USER\Desktop\ai_dataset\forestry_dataset_splitted\train\mangrove_forest\mangrove_72.webp
mangrove_720.webp,mangrove_forest,train,C:\Users\USER\Desktop\ai_dataset\forestry_dataset_splitted\train\mangrove_forest\mangrove_720.webp
mangrove_721.webp,mangrove_forest,train,C:\Users\USER\Desktop\ai_dataset\forestry_dataset_splitted\train\mangrove_forest\mangrove_721.webp
mangrove_722.jpg,mangrove_forest,train,C:\Users\USER\Desktop\ai_dataset\forestry_dataset_splitted\train\mangrove_forest\mangrove_722.jpg
mangrove_723.webp,mangrove_forest,train,C:\Users\USER\Desktop\ai_dataset\forestry_dataset_splitted\train\mangrove_forest\mangrove_723.webp
mangrove_724.jpg,mangrove_forest,train,C:\Users\USER\Desktop\ai_dataset\forestry_dataset_splitted\train\mangrove_forest\mangrove_724.jpg
mangrove_725.jpg,mangrove_forest,train,C:\Users\USER\Desktop\ai_dataset\forestry_dataset_splitted\train\mangrove_forest\mangrove_725.jpg
mangrove_726.webp,mangrove_forest,train,C:\Users\USER\Desktop\ai_dataset\forestry_dataset_splitted\train\mangrove_forest\mangrove_726.webp
mangrove_727.jpg,mangrove_forest,train,C:\Users\USER\Desktop\ai_dataset\forestry_dataset_splitted\train\mangrove_forest\mangrove_727.jpg
mangrove_728.webp,mangrove_forest,train,C:\Users\USER\Desktop\ai_dataset\forestry_dataset_splitted\train\mangrove_forest\mangrove_728.webp
mangrove_729.webp,mangrove_forest,train,C:\Users\USER\Desktop\ai_dataset\forestry_dataset_splitted\train\mangrove_forest\mangrove_729.webp
mangrove_73.jpg,mangrove_forest,train,C:\Users\USER\Desktop\ai_dataset\forestry_dataset_splitted\train\mangrove_forest\mangrove_73.jpg
mangrove_730.jpg,mangrove_forest,train,C:\Users\USER\Desktop\ai_dataset\forestry_dataset_splitted\train\mangrove_forest\mangrove_730.jpg
mangrove_731.jpg,mangrove_forest,train,C:\Users\USER\Desktop\ai_dataset\forestry_dataset_splitted\train\mangrove_forest\mangrove_731.jpg
mangrove_732.jpg,mangrove_forest,train,C:\Users\USER\Desktop\ai_dataset\forestry_dataset_splitted\train\mangrove_forest\mangrove_732.jpg
mangrove_733.jpg,mangrove_forest,train,C:\Users\USER\Desktop\ai_dataset\forestry_dataset_splitted\train\mangrove_forest\mangrove_733.jpg
mangrove_734.webp,mangrove_forest,train,C:\Users\USER\Desktop\ai_dataset\forestry_dataset_splitted\train\mangrove_forest\mangrove_734.webp
mangrove_735.webp,mangrove_forest,train,C:\Users\USER\Desktop\ai_dataset\forestry_dataset_splitted\train\mangrove_forest\mangrove_735.webp
mangrove_736.webp,mangrove_forest,train,C:\Users\USER\Desktop\ai_dataset\forestry_dataset_splitted\train\mangrove_forest\mangrove_736.webp
mangrove_737.webp,mangrove_forest,train,C:\Users\USER\Desktop\ai_dataset\forestry_dataset_splitted\train\mangrove_forest\mangrove_737.webp
mangrove_738.jpg,mangrove_forest,train,C:\Users\USER\Desktop\ai_dataset\forestry_dataset_splitted\train\mangrove_forest\mangrove_738.jpg
mangrove_739.webp,mangrove_forest,train,C:\Users\USER\Desktop\ai_dataset\forestry_dataset_splitted\train\mangrove_forest\mangrove_739.webp
mangrove_74.jpg,mangrove_forest,train,C:\Users\USER\Desktop\ai_dataset\forestry_dataset_splitted\train\mangrove_forest\mangrove_74.jpg
mangrove_740.jpg,mangrove_forest,train,C:\Users\USER\Desktop\ai_dataset\forestry_dataset_splitted\train\mangrove_forest\mangrove_740.jpg
mangrove_741.webp,mangrove_forest,train,C:\Users\USER\Desktop\ai_dataset\forestry_dataset_splitted\train\mangrove_forest\mangrove_741.webp
mangrove_742.webp,mangrove_forest,train,C:\Users\USER\Desktop\ai_dataset\forestry_dataset_splitted\train\mangrove_forest\mangrove_742.webp
mangrove_743.webp,mangrove_forest,train,C:\Users\USER\Desktop\ai_dataset\forestry_dataset_splitted\train\mangrove_forest\mangrove_743.webp
mangrove_744.jpg,mangrove_forest,train,C:\Users\USER\Desktop\ai_dataset\forestry_dataset_splitted\train\mangrove_forest\mangrove_744.jpg
mangrove_745.webp,mangrove_forest,train,C:\Users\USER\Desktop\ai_dataset\forestry_dataset_splitted\train\mangrove_forest\mangrove_745.webp
mangrove_746.webp,mangrove_forest,train,C:\Users\USER\Desktop\ai_dataset\forestry_dataset_splitted\train\mangrove_forest\mangrove_746.webp
mangrove_747.webp,mangrove_forest,train,C:\Users\USER\Desktop\ai_dataset\forestry_dataset_splitted\train\mangrove_forest\mangrove_747.webp
mangrove_748.jpg,mangrove_forest,train,C:\Users\USER\Desktop\ai_dataset\forestry_dataset_splitted\train\mangrove_forest\mangrove_748.jpg
mangrove_749.jpg,mangrove_forest,train,C:\Users\USER\Desktop\ai_dataset\forestry_dataset_splitted\train\mangrove_forest\mangrove_749.jpg
mangrove_75.jpg,mangrove_forest,train,C:\Users\USER\Desktop\ai_dataset\forestry_dataset_splitted\train\mangrove_forest\mangrove_75.jpg
mangrove_750.webp,mangrove_forest,train,C:\Users\USER\Desktop\ai_dataset\forestry_dataset_splitted\train\mangrove_forest\mangrove_750.webp
mangrove_751.webp,mangrove_forest,train,C:\Users\USER\Desktop\ai_dataset\forestry_dataset_splitted\train\mangrove_forest\mangrove_751.webp
mangrove_752.png,mangrove_forest,train,C:\Users\USER\Desktop\ai_dataset\forestry_dataset_splitted\train\mangrove_forest\mangrove_752.png
mangrove_753.webp,mangrove_forest,train,C:\Users\USER\Desktop\ai_dataset\forestry_dataset_splitted\train\mangrove_forest\mangrove_753.webp
mangrove_754.jpg,mangrove_forest,train,C:\Users\USER\Desktop\ai_dataset\forestry_dataset_splitted\train\mangrove_forest\mangrove_754.jpg
mangrove_755.webp,mangrove_forest,train,C:\Users\USER\Desktop\ai_dataset\forestry_dataset_splitted\train\mangrove_forest\mangrove_755.webp
mangrove_756.webp,mangrove_forest,train,C:\Users\USER\Desktop\ai_dataset\forestry_dataset_splitted\train\mangrove_forest\mangrove_756.webp
mangrove_757.jpg,mangrove_forest,train,C:\Users\USER\Desktop\ai_dataset\forestry_dataset_splitted\train\mangrove_forest\mangrove_757.jpg
mangrove_758.webp,mangrove_forest,train,C:\Users\USER\Desktop\ai_dataset\forestry_dataset_splitted\train\mangrove_forest\mangrove_758.webp
mangrove_759.jpg,mangrove_forest,train,C:\Users\USER\Desktop\ai_dataset\forestry_dataset_splitted\train\mangrove_forest\mangrove_759.jpg
mangrove_76.jpg,mangrove_forest,train,C:\Users\USER\Desktop\ai_dataset\forestry_dataset_splitted\train\mangrove_forest\mangrove_76.jpg
mangrove_760.webp,mangrove_forest,train,C:\Users\USER\Desktop\ai_dataset\forestry_dataset_splitted\train\mangrove_forest\mangrove_760.webp
mangrove_761.webp,mangrove_forest,train,C:\Users\USER\Desktop\ai_dataset\forestry_dataset_splitted\train\mangrove_forest\mangrove_761.webp
mangrove_762.jpg,mangrove_forest,train,C:\Users\USER\Desktop\ai_dataset\forestry_dataset_splitted\train\mangrove_forest\mangrove_762.jpg
mangrove_763.webp,mangrove_forest,train,C:\Users\USER\Desktop\ai_dataset\forestry_dataset_splitted\train\mangrove_forest\mangrove_763.webp
mangrove_764.jpg,mangrove_forest,train,C:\Users\USER\Desktop\ai_dataset\forestry_dataset_splitted\train\mangrove_forest\mangrove_764.jpg
mangrove_765.webp,mangrove_forest,train,C:\Users\USER\Desktop\ai_dataset\forestry_dataset_splitted\train\mangrove_forest\mangrove_765.webp
mangrove_766.webp,mangrove_forest,train,C:\Users\USER\Desktop\ai_dataset\forestry_dataset_splitted\train\mangrove_forest\mangrove_766.webp
mangrove_767.webp,mangrove_forest,train,C:\Users\USER\Desktop\ai_dataset\forestry_dataset_splitted\train\mangrove_forest\mangrove_767.webp
mangrove_768.webp,mangrove_forest,train,C:\Users\USER\Desktop\ai_dataset\forestry_dataset_splitted\train\mangrove_forest\mangrove_768.webp
mangrove_769.jpg,mangrove_forest,train,C:\Users\USER\Desktop\ai_dataset\forestry_dataset_splitted\train\mangrove_forest\mangrove_769.jpg
mangrove_77.jpg,mangrove_forest,train,C:\Users\USER\Desktop\ai_dataset\forestry_dataset_splitted\train\mangrove_forest\mangrove_77.jpg
mangrove_770.webp,mangrove_forest,train,C:\Users\USER\Desktop\ai_dataset\forestry_dataset_splitted\train\mangrove_forest\mangrove_770.webp
mangrove_771.webp,mangrove_forest,train,C:\Users\USER\Desktop\ai_dataset\forestry_dataset_splitted\train\mangrove_forest\mangrove_771.webp
mangrove_772.webp,mangrove_forest,train,C:\Users\USER\Desktop\ai_dataset\forestry_dataset_splitted\train\mangrove_forest\mangrove_772.webp
mangrove_773.webp,mangrove_forest,train,C:\Users\USER\Desktop\ai_dataset\forestry_dataset_splitted\train\mangrove_forest\mangrove_773.webp
mangrove_774.jpg,mangrove_forest,train,C:\Users\USER\Desktop\ai_dataset\forestry_dataset_splitted\train\mangrove_forest\mangrove_774.jpg
mangrove_775.jpg,mangrove_forest,train,C:\Users\USER\Desktop\ai_dataset\forestry_dataset_splitted\train\mangrove_forest\mangrove_775.jpg
mangrove_776.webp,mangrove_forest,train,C:\Users\USER\Desktop\ai_dataset\forestry_dataset_splitted\train\mangrove_forest\mangrove_776.webp
mangrove_777.jpg,mangrove_forest,train,C:\Users\USER\Desktop\ai_dataset\forestry_dataset_splitted\train\mangrove_forest\mangrove_777.jpg
mangrove_778.jpg,mangrove_forest,train,C:\Users\USER\Desktop\ai_dataset\forestry_dataset_splitted\train\mangrove_forest\mangrove_778.jpg
mangrove_779.webp,mangrove_forest,train,C:\Users\USER\Desktop\ai_dataset\forestry_dataset_splitted\train\mangrove_forest\mangrove_779.webp
mangrove_78.jpg,mangrove_forest,train,C:\Users\USER\Desktop\ai_dataset\forestry_dataset_splitted\train\mangrove_forest\mangrove_78.jpg
mangrove_780.webp,mangrove_forest,train,C:\Users\USER\Desktop\ai_dataset\forestry_dataset_splitted\train\mangrove_forest\mangrove_780.webp
mangrove_781.jpg,mangrove_forest,train,C:\Users\USER\Desktop\ai_dataset\forestry_dataset_splitted\train\mangrove_forest\mangrove_781.jpg
mangrove_782.jpg,mangrove_forest,train,C:\Users\USER\Desktop\ai_dataset\forestry_dataset_splitted\train\mangrove_forest\mangrove_782.jpg
mangrove_783.jpg,mangrove_forest,train,C:\Users\USER\Desktop\ai_dataset\forestry_dataset_splitted\train\mangrove_forest\mangrove_783.jpg
mangrove_784.jpg,mangrove_forest,train,C:\Users\USER\Desktop\ai_dataset\forestry_dataset_splitted\train\mangrove_forest\mangrove_784.jpg
mangrove_785.jpg,mangrove_forest,train,C:\Users\USER\Desktop\ai_dataset\forestry_dataset_splitted\train\mangrove_forest\mangrove_785.jpg
mangrove_786.webp,mangrove_forest,train,C:\Users\USER\Desktop\ai_dataset\forestry_dataset_splitted\train\mangrove_forest\mangrove_786.webp
mangrove_787.webp,mangrove_forest,train,C:\Users\USER\Desktop\ai_dataset\forestry_dataset_splitted\train\mangrove_forest\mangrove_787.webp
mangrove_788.webp,mangrove_forest,train,C:\Users\USER\Desktop\ai_dataset\forestry_dataset_splitted\train\mangrove_forest\mangrove_788.webp
mangrove_789.jpg,mangrove_forest,train,C:\Users\USER\Desktop\ai_dataset\forestry_dataset_splitted\train\mangrove_forest\mangrove_789.jpg
mangrove_79.jpg,mangrove_forest,train,C:\Users\USER\Desktop\ai_dataset\forestry_dataset_splitted\train\mangrove_forest\mangrove_79.jpg
mangrove_790.webp,mangrove_forest,train,C:\Users\USER\Desktop\ai_dataset\forestry_dataset_splitted\train\mangrove_forest\mangrove_790.webp
mangrove_791.webp,mangrove_forest,train,C:\Users\USER\Desktop\ai_dataset\forestry_dataset_splitted\train\mangrove_forest\mangrove_791.webp
mangrove_792.webp,mangrove_forest,train,C:\Users\USER\Desktop\ai_dataset\forestry_dataset_splitted\train\mangrove_forest\mangrove_792.webp
mangrove_793.jpg,mangrove_forest,train,C:\Users\USER\Desktop\ai_dataset\forestry_dataset_splitted\train\mangrove_forest\mangrove_793.jpg
mangrove_794.webp,mangrove_forest,train,C:\Users\USER\Desktop\ai_dataset\forestry_dataset_splitted\train\mangrove_forest\mangrove_794.webp
mangrove_795.jpg,mangrove_forest,train,C:\Users\USER\Desktop\ai_dataset\forestry_dataset_splitted\train\mangrove_forest\mangrove_795.jpg
mangrove_796.jpg,mangrove_forest,train,C:\Users\USER\Desktop\ai_dataset\forestry_dataset_splitted\train\mangrove_forest\mangrove_796.jpg
mangrove_797.jpg,mangrove_forest,train,C:\Users\USER\Desktop\ai_dataset\forestry_dataset_splitted\train\mangrove_forest\mangrove_797.jpg
mangrove_798.webp,mangrove_forest,train,C:\Users\USER\Desktop\ai_dataset\forestry_dataset_splitted\train\mangrove_forest\mangrove_798.webp
mangrove_799.jpg,mangrove_forest,train,C:\Users\USER\Desktop\ai_dataset\forestry_dataset_splitted\train\mangrove_forest\mangrove_799.jpg
mangrove_8.jpg,mangrove_forest,train,C:\Users\USER\Desktop\ai_dataset\forestry_dataset_splitted\train\mangrove_forest\mangrove_8.jpg
mangrove_80.jpg,mangrove_forest,train,C:\Users\USER\Desktop\ai_dataset\forestry_dataset_splitted\train\mangrove_forest\mangrove_80.jpg
mangrove_800.jpg,mangrove_forest,train,C:\Users\USER\Desktop\ai_dataset\forestry_dataset_splitted\train\mangrove_forest\mangrove_800.jpg
mangrove_801.jpg,mangrove_forest,train,C:\Users\USER\Desktop\ai_dataset\forestry_dataset_splitted\train\mangrove_forest\mangrove_801.jpg
mangrove_802.webp,mangrove_forest,train,C:\Users\USER\Desktop\ai_dataset\forestry_dataset_splitted\train\mangrove_forest\mangrove_802.webp
mangrove_803.webp,mangrove_forest,train,C:\Users\USER\Desktop\ai_dataset\forestry_dataset_splitted\train\mangrove_forest\mangrove_803.webp
mangrove_804.jpg,mangrove_forest,train,C:\Users\USER\Desktop\ai_dataset\forestry_dataset_splitted\train\mangrove_forest\mangrove_804.jpg
mangrove_805.webp,mangrove_forest,train,C:\Users\USER\Desktop\ai_dataset\forestry_dataset_splitted\train\mangrove_forest\mangrove_805.webp
mangrove_806.webp,mangrove_forest,train,C:\Users\USER\Desktop\ai_dataset\forestry_dataset_splitted\train\mangrove_forest\mangrove_806.webp
mangrove_807.webp,mangrove_forest,train,C:\Users\USER\Desktop\ai_dataset\forestry_dataset_splitted\train\mangrove_forest\mangrove_807.webp
mangrove_808.jpg,mangrove_forest,train,C:\Users\USER\Desktop\ai_dataset\forestry_dataset_splitted\train\mangrove_forest\mangrove_808.jpg
mangrove_809.webp,mangrove_forest,train,C:\Users\USER\Desktop\ai_dataset\forestry_dataset_splitted\train\mangrove_forest\mangrove_809.webp
mangrove_81.webp,mangrove_forest,train,C:\Users\USER\Desktop\ai_dataset\forestry_dataset_splitted\train\mangrove_forest\mangrove_81.webp
mangrove_810.webp,mangrove_forest,train,C:\Users\USER\Desktop\ai_dataset\forestry_dataset_splitted\train\mangrove_forest\mangrove_810.webp
mangrove_811.jpg,mangrove_forest,train,C:\Users\USER\Desktop\ai_dataset\forestry_dataset_splitted\train\mangrove_forest\mangrove_811.jpg
mangrove_812.webp,mangrove_forest,train,C:\Users\USER\Desktop\ai_dataset\forestry_dataset_splitted\train\mangrove_forest\mangrove_812.webp
mangrove_813.webp,mangrove_forest,train,C:\Users\USER\Desktop\ai_dataset\forestry_dataset_splitted\train\mangrove_forest\mangrove_813.webp
mangrove_814.jpg,mangrove_forest,train,C:\Users\USER\Desktop\ai_dataset\forestry_dataset_splitted\train\mangrove_forest\mangrove_814.jpg
mangrove_815.jpg,mangrove_forest,train,C:\Users\USER\Desktop\ai_dataset\forestry_dataset_splitted\train\mangrove_forest\mangrove_815.jpg
mangrove_816.webp,mangrove_forest,train,C:\Users\USER\Desktop\ai_dataset\forestry_dataset_splitted\train\mangrove_forest\mangrove_816.webp
mangrove_817.webp,mangrove_forest,train,C:\Users\USER\Desktop\ai_dataset\forestry_dataset_splitted\train\mangrove_forest\mangrove_817.webp
mangrove_818.jpg,mangrove_forest,train,C:\Users\USER\Desktop\ai_dataset\forestry_dataset_splitted\train\mangrove_forest\mangrove_818.jpg
mangrove_819.jpg,mangrove_forest,train,C:\Users\USER\Desktop\ai_dataset\forestry_dataset_splitted\train\mangrove_forest\mangrove_819.jpg
mangrove_82.jpg,mangrove_forest,train,C:\Users\USER\Desktop\ai_dataset\forestry_dataset_splitted\train\mangrove_forest\mangrove_82.jpg
mangrove_820.webp,mangrove_forest,train,C:\Users\USER\Desktop\ai_dataset\forestry_dataset_splitted\train\mangrove_forest\mangrove_820.webp
mangrove_821.jpg,mangrove_forest,train,C:\Users\USER\Desktop\ai_dataset\forestry_dataset_splitted\train\mangrove_forest\mangrove_821.jpg
mangrove_822.jpg,mangrove_forest,train,C:\Users\USER\Desktop\ai_dataset\forestry_dataset_splitted\train\mangrove_forest\mangrove_822.jpg
mangrove_823.png,mangrove_forest,train,C:\Users\USER\Desktop\ai_dataset\forestry_dataset_splitted\train\mangrove_forest\mangrove_823.png
mangrove_824.webp,mangrove_forest,train,C:\Users\USER\Desktop\ai_dataset\forestry_dataset_splitted\train\mangrove_forest\mangrove_824.webp
mangrove_825.webp,mangrove_forest,train,C:\Users\USER\Desktop\ai_dataset\forestry_dataset_splitted\train\mangrove_forest\mangrove_825.webp
mangrove_826.jpg,mangrove_forest,train,C:\Users\USER\Desktop\ai_dataset\forestry_dataset_splitted\train\mangrove_forest\mangrove_826.jpg
mangrove_827.jpg,mangrove_forest,train,C:\Users\USER\Desktop\ai_dataset\forestry_dataset_splitted\train\mangrove_forest\mangrove_827.jpg
mangrove_828.jpg,mangrove_forest,train,C:\Users\USER\Desktop\ai_dataset\forestry_dataset_splitted\train\mangrove_forest\mangrove_828.jpg
mangrove_829.jpg,mangrove_forest,train,C:\Users\USER\Desktop\ai_dataset\forestry_dataset_splitted\train\mangrove_forest\mangrove_829.jpg
mangrove_83.jpg,mangrove_forest,train,C:\Users\USER\Desktop\ai_dataset\forestry_dataset_splitted\train\mangrove_forest\mangrove_83.jpg
mangrove_830.webp,mangrove_forest,train,C:\Users\USER\Desktop\ai_dataset\forestry_dataset_splitted\train\mangrove_forest\mangrove_830.webp
mangrove_831.webp,mangrove_forest,train,C:\Users\USER\Desktop\ai_dataset\forestry_dataset_splitted\train\mangrove_forest\mangrove_831.webp
mangrove_832.webp,mangrove_forest,train,C:\Users\USER\Desktop\ai_dataset\forestry_dataset_splitted\train\mangrove_forest\mangrove_832.webp
mangrove_833.webp,mangrove_forest,train,C:\Users\USER\Desktop\ai_dataset\forestry_dataset_splitted\train\mangrove_forest\mangrove_833.webp
mangrove_834.jpg,mangrove_forest,train,C:\Users\USER\Desktop\ai_dataset\forestry_dataset_splitted\train\mangrove_forest\mangrove_834.jpg
mangrove_835.jpg,mangrove_forest,train,C:\Users\USER\Desktop\ai_dataset\forestry_dataset_splitted\train\mangrove_forest\mangrove_835.jpg
mangrove_836.jpg,mangrove_forest,train,C:\Users\USER\Desktop\ai_dataset\forestry_dataset_splitted\train\mangrove_forest\mangrove_836.jpg
mangrove_837.webp,mangrove_forest,train,C:\Users\USER\Desktop\ai_dataset\forestry_dataset_splitted\train\mangrove_forest\mangrove_837.webp
mangrove_838.jpg,mangrove_forest,train,C:\Users\USER\Desktop\ai_dataset\forestry_dataset_splitted\train\mangrove_forest\mangrove_838.jpg
mangrove_839.jpg,mangrove_forest,train,C:\Users\USER\Desktop\ai_dataset\forestry_dataset_splitted\train\mangrove_forest\mangrove_839.jpg
mangrove_84.jpg,mangrove_forest,train,C:\Users\USER\Desktop\ai_dataset\forestry_dataset_splitted\train\mangrove_forest\mangrove_84.jpg
mangrove_840.jpg,mangrove_forest,train,C:\Users\USER\Desktop\ai_dataset\forestry_dataset_splitted\train\mangrove_forest\mangrove_840.jpg
mangrove_841.jpg,mangrove_forest,train,C:\Users\USER\Desktop\ai_dataset\forestry_dataset_splitted\train\mangrove_forest\mangrove_841.jpg
mangrove_842.jpg,mangrove_forest,train,C:\Users\USER\Desktop\ai_dataset\forestry_dataset_splitted\train\mangrove_forest\mangrove_842.jpg
mangrove_843.jpg,mangrove_forest,train,C:\Users\USER\Desktop\ai_dataset\forestry_dataset_splitted\train\mangrove_forest\mangrove_843.jpg
mangrove_844.jpg,mangrove_forest,train,C:\Users\USER\Desktop\ai_dataset\forestry_dataset_splitted\train\mangrove_forest\mangrove_844.jpg
mangrove_845.jpg,mangrove_forest,train,C:\Users\USER\Desktop\ai_dataset\forestry_dataset_splitted\train\mangrove_forest\mangrove_845.jpg
mangrove_846.webp,mangrove_forest,train,C:\Users\USER\Desktop\ai_dataset\forestry_dataset_splitted\train\mangrove_forest\mangrove_846.webp
mangrove_847.jpg,mangrove_forest,train,C:\Users\USER\Desktop\ai_dataset\forestry_dataset_splitted\train\mangrove_forest\mangrove_847.jpg
mangrove_848.webp,mangrove_forest,train,C:\Users\USER\Desktop\ai_dataset\forestry_dataset_splitted\train\mangrove_forest\mangrove_848.webp
mangrove_849.webp,mangrove_forest,train,C:\Users\USER\Desktop\ai_dataset\forestry_dataset_splitted\train\mangrove_forest\mangrove_849.webp
mangrove_85.jpg,mangrove_forest,train,C:\Users\USER\Desktop\ai_dataset\forestry_dataset_splitted\train\mangrove_forest\mangrove_85.jpg
mangrove_850.jpg,mangrove_forest,train,C:\Users\USER\Desktop\ai_dataset\forestry_dataset_splitted\train\mangrove_forest\mangrove_850.jpg
mangrove_851.webp,mangrove_forest,train,C:\Users\USER\Desktop\ai_dataset\forestry_dataset_splitted\train\mangrove_forest\mangrove_851.webp
mangrove_852.webp,mangrove_forest,train,C:\Users\USER\Desktop\ai_dataset\forestry_dataset_splitted\train\mangrove_forest\mangrove_852.webp
mangrove_853.jpg,mangrove_forest,train,C:\Users\USER\Desktop\ai_dataset\forestry_dataset_splitted\train\mangrove_forest\mangrove_853.jpg
mangrove_854.webp,mangrove_forest,train,C:\Users\USER\Desktop\ai_dataset\forestry_dataset_splitted\train\mangrove_forest\mangrove_854.webp
mangrove_855.jpg,mangrove_forest,train,C:\Users\USER\Desktop\ai_dataset\forestry_dataset_splitted\train\mangrove_forest\mangrove_855.jpg
mangrove_856.jpg,mangrove_forest,train,C:\Users\USER\Desktop\ai_dataset\forestry_dataset_splitted\train\mangrove_forest\mangrove_856.jpg
mangrove_857.jpg,mangrove_forest,train,C:\Users\USER\Desktop\ai_dataset\forestry_dataset_splitted\train\mangrove_forest\mangrove_857.jpg
mangrove_858.webp,mangrove_forest,train,C:\Users\USER\Desktop\ai_dataset\forestry_dataset_splitted\train\mangrove_forest\mangrove_858.webp
mangrove_859.jpg,mangrove_forest,train,C:\Users\USER\Desktop\ai_dataset\forestry_dataset_splitted\train\mangrove_forest\mangrove_859.jpg
mangrove_86.jpg,mangrove_forest,train,C:\Users\USER\Desktop\ai_dataset\forestry_dataset_splitted\train\mangrove_forest\mangrove_86.jpg
mangrove_860.webp,mangrove_forest,train,C:\Users\USER\Desktop\ai_dataset\forestry_dataset_splitted\train\mangrove_forest\mangrove_860.webp
mangrove_861.jpg,mangrove_forest,train,C:\Users\USER\Desktop\ai_dataset\forestry_dataset_splitted\train\mangrove_forest\mangrove_861.jpg
mangrove_862.jpg,mangrove_forest,train,C:\Users\USER\Desktop\ai_dataset\forestry_dataset_splitted\train\mangrove_forest\mangrove_862.jpg
mangrove_863.webp,mangrove_forest,train,C:\Users\USER\Desktop\ai_dataset\forestry_dataset_splitted\train\mangrove_forest\mangrove_863.webp
mangrove_864.jpg,mangrove_forest,train,C:\Users\USER\Desktop\ai_dataset\forestry_dataset_splitted\train\mangrove_forest\mangrove_864.jpg
mangrove_865.webp,mangrove_forest,train,C:\Users\USER\Desktop\ai_dataset\forestry_dataset_splitted\train\mangrove_forest\mangrove_865.webp
mangrove_866.webp,mangrove_forest,train,C:\Users\USER\Desktop\ai_dataset\forestry_dataset_splitted\train\mangrove_forest\mangrove_866.webp
mangrove_867.jpg,mangrove_forest,train,C:\Users\USER\Desktop\ai_dataset\forestry_dataset_splitted\train\mangrove_forest\mangrove_867.jpg
mangrove_868.webp,mangrove_forest,train,C:\Users\USER\Desktop\ai_dataset\forestry_dataset_splitted\train\mangrove_forest\mangrove_868.webp
mangrove_869.webp,mangrove_forest,train,C:\Users\USER\Desktop\ai_dataset\forestry_dataset_splitted\train\mangrove_forest\mangrove_869.webp
mangrove_87.jpg,mangrove_forest,train,C:\Users\USER\Desktop\ai_dataset\forestry_dataset_splitted\train\mangrove_forest\mangrove_87.jpg
mangrove_870.jpg,mangrove_forest,train,C:\Users\USER\Desktop\ai_dataset\forestry_dataset_splitted\train\mangrove_forest\mangrove_870.jpg
mangrove_871.jpg,mangrove_forest,train,C:\Users\USER\Desktop\ai_dataset\forestry_dataset_splitted\train\mangrove_forest\mangrove_871.jpg
mangrove_872.jpg,mangrove_forest,train,C:\Users\USER\Desktop\ai_dataset\forestry_dataset_splitted\train\mangrove_forest\mangrove_872.jpg
mangrove_873.webp,mangrove_forest,train,C:\Users\USER\Desktop\ai_dataset\forestry_dataset_splitted\train\mangrove_forest\mangrove_873.webp
mangrove_874.jpg,mangrove_forest,train,C:\Users\USER\Desktop\ai_dataset\forestry_dataset_splitted\train\mangrove_forest\mangrove_874.jpg
mangrove_875.webp,mangrove_forest,train,C:\Users\USER\Desktop\ai_dataset\forestry_dataset_splitted\train\mangrove_forest\mangrove_875.webp
mangrove_876.jpg,mangrove_forest,train,C:\Users\USER\Desktop\ai_dataset\forestry_dataset_splitted\train\mangrove_forest\mangrove_876.jpg
mangrove_877.jpg,mangrove_forest,train,C:\Users\USER\Desktop\ai_dataset\forestry_dataset_splitted\train\mangrove_forest\mangrove_877.jpg
mangrove_878.jpg,mangrove_forest,train,C:\Users\USER\Desktop\ai_dataset\forestry_dataset_splitted\train\mangrove_forest\mangrove_878.jpg
mangrove_879.jpg,mangrove_forest,train,C:\Users\USER\Desktop\ai_dataset\forestry_dataset_splitted\train\mangrove_forest\mangrove_879.jpg
mangrove_88.jpg,mangrove_forest,train,C:\Users\USER\Desktop\ai_dataset\forestry_dataset_splitted\train\mangrove_forest\mangrove_88.jpg
mangrove_880.webp,mangrove_forest,train,C:\Users\USER\Desktop\ai_dataset\forestry_dataset_splitted\train\mangrove_forest\mangrove_880.webp
mangrove_881.jpg,mangrove_forest,train,C:\Users\USER\Desktop\ai_dataset\forestry_dataset_splitted\train\mangrove_forest\mangrove_881.jpg
mangrove_882.webp,mangrove_forest,train,C:\Users\USER\Desktop\ai_dataset\forestry_dataset_splitted\train\mangrove_forest\mangrove_882.webp
mangrove_883.jpg,mangrove_forest,train,C:\Users\USER\Desktop\ai_dataset\forestry_dataset_splitted\train\mangrove_forest\mangrove_883.jpg
mangrove_884.webp,mangrove_forest,train,C:\Users\USER\Desktop\ai_dataset\forestry_dataset_splitted\train\mangrove_forest\mangrove_884.webp
mangrove_885.webp,mangrove_forest,train,C:\Users\USER\Desktop\ai_dataset\forestry_dataset_splitted\train\mangrove_forest\mangrove_885.webp
mangrove_886.jpg,mangrove_forest,train,C:\Users\USER\Desktop\ai_dataset\forestry_dataset_splitted\train\mangrove_forest\mangrove_886.jpg
mangrove_887.webp,mangrove_forest,train,C:\Users\USER\Desktop\ai_dataset\forestry_dataset_splitted\train\mangrove_forest\mangrove_887.webp
mangrove_888.jpg,mangrove_forest,train,C:\Users\USER\Desktop\ai_dataset\forestry_dataset_splitted\train\mangrove_forest\mangrove_888.jpg
mangrove_889.jpg,mangrove_forest,train,C:\Users\USER\Desktop\ai_dataset\forestry_dataset_splitted\train\mangrove_forest\mangrove_889.jpg
mangrove_89.jpg,mangrove_forest,train,C:\Users\USER\Desktop\ai_dataset\forestry_dataset_splitted\train\mangrove_forest\mangrove_89.jpg
mangrove_890.webp,mangrove_forest,train,C:\Users\USER\Desktop\ai_dataset\forestry_dataset_splitted\train\mangrove_forest\mangrove_890.webp
mangrove_891.webp,mangrove_forest,train,C:\Users\USER\Desktop\ai_dataset\forestry_dataset_splitted\train\mangrove_forest\mangrove_891.webp
mangrove_892.jpg,mangrove_forest,train,C:\Users\USER\Desktop\ai_dataset\forestry_dataset_splitted\train\mangrove_forest\mangrove_892.jpg
mangrove_893.jpg,mangrove_forest,train,C:\Users\USER\Desktop\ai_dataset\forestry_dataset_splitted\train\mangrove_forest\mangrove_893.jpg
mangrove_894.jpg,mangrove_forest,train,C:\Users\USER\Desktop\ai_dataset\forestry_dataset_splitted\train\mangrove_forest\mangrove_894.jpg
mangrove_895.webp,mangrove_forest,train,C:\Users\USER\Desktop\ai_dataset\forestry_dataset_splitted\train\mangrove_forest\mangrove_895.webp
mangrove_896.jpg,mangrove_forest,train,C:\Users\USER\Desktop\ai_dataset\forestry_dataset_splitted\train\mangrove_forest\mangrove_896.jpg
mangrove_897.jpg,mangrove_forest,train,C:\Users\USER\Desktop\ai_dataset\forestry_dataset_splitted\train\mangrove_forest\mangrove_897.jpg
mangrove_898.jpg,mangrove_forest,train,C:\Users\USER\Desktop\ai_dataset\forestry_dataset_splitted\train\mangrove_forest\mangrove_898.jpg
mangrove_899.jpg,mangrove_forest,train,C:\Users\USER\Desktop\ai_dataset\forestry_dataset_splitted\train\mangrove_forest\mangrove_899.jpg
mangrove_9.jpg,mangrove_forest,train,C:\Users\USER\Desktop\ai_dataset\forestry_dataset_splitted\train\mangrove_forest\mangrove_9.jpg
mangrove_90.jpg,mangrove_forest,train,C:\Users\USER\Desktop\ai_dataset\forestry_dataset_splitted\train\mangrove_forest\mangrove_90.jpg
mangrove_900.jpg,mangrove_forest,train,C:\Users\USER\Desktop\ai_dataset\forestry_dataset_splitted\train\mangrove_forest\mangrove_900.jpg
mangrove_901.jpg,mangrove_forest,train,C:\Users\USER\Desktop\ai_dataset\forestry_dataset_splitted\train\mangrove_forest\mangrove_901.jpg
mangrove_902.jpg,mangrove_forest,train,C:\Users\USER\Desktop\ai_dataset\forestry_dataset_splitted\train\mangrove_forest\mangrove_902.jpg
mangrove_903.webp,mangrove_forest,train,C:\Users\USER\Desktop\ai_dataset\forestry_dataset_splitted\train\mangrove_forest\mangrove_903.webp
mangrove_904.jpg,mangrove_forest,train,C:\Users\USER\Desktop\ai_dataset\forestry_dataset_splitted\train\mangrove_forest\mangrove_904.jpg
mangrove_905.webp,mangrove_forest,train,C:\Users\USER\Desktop\ai_dataset\forestry_dataset_splitted\train\mangrove_forest\mangrove_905.webp
mangrove_906.jpg,mangrove_forest,train,C:\Users\USER\Desktop\ai_dataset\forestry_dataset_splitted\train\mangrove_forest\mangrove_906.jpg
mangrove_907.png,mangrove_forest,train,C:\Users\USER\Desktop\ai_dataset\forestry_dataset_splitted\train\mangrove_forest\mangrove_907.png
mangrove_908.jpg,mangrove_forest,train,C:\Users\USER\Desktop\ai_dataset\forestry_dataset_splitted\train\mangrove_forest\mangrove_908.jpg
mangrove_909.webp,mangrove_forest,train,C:\Users\USER\Desktop\ai_dataset\forestry_dataset_splitted\train\mangrove_forest\mangrove_909.webp
mangrove_91.jpg,mangrove_forest,train,C:\Users\USER\Desktop\ai_dataset\forestry_dataset_splitted\train\mangrove_forest\mangrove_91.jpg
mangrove_910.webp,mangrove_forest,train,C:\Users\USER\Desktop\ai_dataset\forestry_dataset_splitted\train\mangrove_forest\mangrove_910.webp
mangrove_911.webp,mangrove_forest,train,C:\Users\USER\Desktop\ai_dataset\forestry_dataset_splitted\train\mangrove_forest\mangrove_911.webp
mangrove_912.webp,mangrove_forest,train,C:\Users\USER\Desktop\ai_dataset\forestry_dataset_splitted\train\mangrove_forest\mangrove_912.webp
mangrove_913.jpg,mangrove_forest,train,C:\Users\USER\Desktop\ai_dataset\forestry_dataset_splitted\train\mangrove_forest\mangrove_913.jpg
mangrove_914.jpg,mangrove_forest,train,C:\Users\USER\Desktop\ai_dataset\forestry_dataset_splitted\train\mangrove_forest\mangrove_914.jpg
mangrove_915.jpg,mangrove_forest,train,C:\Users\USER\Desktop\ai_dataset\forestry_dataset_splitted\train\mangrove_forest\mangrove_915.jpg
mangrove_916.webp,mangrove_forest,train,C:\Users\USER\Desktop\ai_dataset\forestry_dataset_splitted\train\mangrove_forest\mangrove_916.webp
mangrove_917.webp,mangrove_forest,train,C:\Users\USER\Desktop\ai_dataset\forestry_dataset_splitted\train\mangrove_forest\mangrove_917.webp
mangrove_918.jpg,mangrove_forest,train,C:\Users\USER\Desktop\ai_dataset\forestry_dataset_splitted\train\mangrove_forest\mangrove_918.jpg
mangrove_919.jpg,mangrove_forest,train,C:\Users\USER\Desktop\ai_dataset\forestry_dataset_splitted\train\mangrove_forest\mangrove_919.jpg
mangrove_92.webp,mangrove_forest,train,C:\Users\USER\Desktop\ai_dataset\forestry_dataset_splitted\train\mangrove_forest\mangrove_92.webp
mangrove_920.jpg,mangrove_forest,train,C:\Users\USER\Desktop\ai_dataset\forestry_dataset_splitted\train\mangrove_forest\mangrove_920.jpg
mangrove_921.jpg,mangrove_forest,train,C:\Users\USER\Desktop\ai_dataset\forestry_dataset_splitted\train\mangrove_forest\mangrove_921.jpg
mangrove_922.jpg,mangrove_forest,train,C:\Users\USER\Desktop\ai_dataset\forestry_dataset_splitted\train\mangrove_forest\mangrove_922.jpg
mangrove_923.jpg,mangrove_forest,train,C:\Users\USER\Desktop\ai_dataset\forestry_dataset_splitted\train\mangrove_forest\mangrove_923.jpg
mangrove_924.jpg,mangrove_forest,train,C:\Users\USER\Desktop\ai_dataset\forestry_dataset_splitted\train\mangrove_forest\mangrove_924.jpg
mangrove_925.jpg,mangrove_forest,train,C:\Users\USER\Desktop\ai_dataset\forestry_dataset_splitted\train\mangrove_forest\mangrove_925.jpg
mangrove_926.webp,mangrove_forest,train,C:\Users\USER\Desktop\ai_dataset\forestry_dataset_splitted\train\mangrove_forest\mangrove_926.webp
mangrove_927.webp,mangrove_forest,train,C:\Users\USER\Desktop\ai_dataset\forestry_dataset_splitted\train\mangrove_forest\mangrove_927.webp
mangrove_928.jpg,mangrove_forest,train,C:\Users\USER\Desktop\ai_dataset\forestry_dataset_splitted\train\mangrove_forest\mangrove_928.jpg
mangrove_929.jpg,mangrove_forest,train,C:\Users\USER\Desktop\ai_dataset\forestry_dataset_splitted\train\mangrove_forest\mangrove_929.jpg
mangrove_93.jpg,mangrove_forest,train,C:\Users\USER\Desktop\ai_dataset\forestry_dataset_splitted\train\mangrove_forest\mangrove_93.jpg
mangrove_930.jpg,mangrove_forest,train,C:\Users\USER\Desktop\ai_dataset\forestry_dataset_splitted\train\mangrove_forest\mangrove_930.jpg
mangrove_931.webp,mangrove_forest,train,C:\Users\USER\Desktop\ai_dataset\forestry_dataset_splitted\train\mangrove_forest\mangrove_931.webp
mangrove_932.jpg,mangrove_forest,train,C:\Users\USER\Desktop\ai_dataset\forestry_dataset_splitted\train\mangrove_forest\mangrove_932.jpg
mangrove_933.jpg,mangrove_forest,train,C:\Users\USER\Desktop\ai_dataset\forestry_dataset_splitted\train\mangrove_forest\mangrove_933.jpg
mangrove_934.jpg,mangrove_forest,train,C:\Users\USER\Desktop\ai_dataset\forestry_dataset_splitted\train\mangrove_forest\mangrove_934.jpg
mangrove_935.jpg,mangrove_forest,train,C:\Users\USER\Desktop\ai_dataset\forestry_dataset_splitted\train\mangrove_forest\mangrove_935.jpg
mangrove_936.jpg,mangrove_forest,train,C:\Users\USER\Desktop\ai_dataset\forestry_dataset_splitted\train\mangrove_forest\mangrove_936.jpg
mangrove_937.jpg,mangrove_forest,train,C:\Users\USER\Desktop\ai_dataset\forestry_dataset_splitted\train\mangrove_forest\mangrove_937.jpg
mangrove_938.webp,mangrove_forest,train,C:\Users\USER\Desktop\ai_dataset\forestry_dataset_splitted\train\mangrove_forest\mangrove_938.webp
mangrove_939.jpg,mangrove_forest,train,C:\Users\USER\Desktop\ai_dataset\forestry_dataset_splitted\train\mangrove_forest\mangrove_939.jpg
mangrove_94.png,mangrove_forest,train,C:\Users\USER\Desktop\ai_dataset\forestry_dataset_splitted\train\mangrove_forest\mangrove_94.png
mangrove_940.webp,mangrove_forest,train,C:\Users\USER\Desktop\ai_dataset\forestry_dataset_splitted\train\mangrove_forest\mangrove_940.webp
mangrove_941.jpg,mangrove_forest,train,C:\Users\USER\Desktop\ai_dataset\forestry_dataset_splitted\train\mangrove_forest\mangrove_941.jpg
mangrove_942.jpg,mangrove_forest,train,C:\Users\USER\Desktop\ai_dataset\forestry_dataset_splitted\train\mangrove_forest\mangrove_942.jpg
mangrove_943.jpg,mangrove_forest,train,C:\Users\USER\Desktop\ai_dataset\forestry_dataset_splitted\train\mangrove_forest\mangrove_943.jpg
mangrove_944.jpg,mangrove_forest,train,C:\Users\USER\Desktop\ai_dataset\forestry_dataset_splitted\train\mangrove_forest\mangrove_944.jpg
mangrove_945.webp,mangrove_forest,train,C:\Users\USER\Desktop\ai_dataset\forestry_dataset_splitted\train\mangrove_forest\mangrove_945.webp
mangrove_946.jpg,mangrove_forest,train,C:\Users\USER\Desktop\ai_dataset\forestry_dataset_splitted\train\mangrove_forest\mangrove_946.jpg
mangrove_947.jpg,mangrove_forest,train,C:\Users\USER\Desktop\ai_dataset\forestry_dataset_splitted\train\mangrove_forest\mangrove_947.jpg
mangrove_948.png,mangrove_forest,train,C:\Users\USER\Desktop\ai_dataset\forestry_dataset_splitted\train\mangrove_forest\mangrove_948.png
mangrove_949.jpg,mangrove_forest,train,C:\Users\USER\Desktop\ai_dataset\forestry_dataset_splitted\train\mangrove_forest\mangrove_949.jpg
mangrove_95.jpg,mangrove_forest,train,C:\Users\USER\Desktop\ai_dataset\forestry_dataset_splitted\train\mangrove_forest\mangrove_95.jpg
mangrove_950.jpg,mangrove_forest,train,C:\Users\USER\Desktop\ai_dataset\forestry_dataset_splitted\train\mangrove_forest\mangrove_950.jpg
mangrove_951.jpg,mangrove_forest,train,C:\Users\USER\Desktop\ai_dataset\forestry_dataset_splitted\train\mangrove_forest\mangrove_951.jpg
mangrove_952.jpg,mangrove_forest,train,C:\Users\USER\Desktop\ai_dataset\forestry_dataset_splitted\train\mangrove_forest\mangrove_952.jpg
mangrove_953.jpg,mangrove_forest,train,C:\Users\USER\Desktop\ai_dataset\forestry_dataset_splitted\train\mangrove_forest\mangrove_953.jpg
mangrove_954.webp,mangrove_forest,train,C:\Users\USER\Desktop\ai_dataset\forestry_dataset_splitted\train\mangrove_forest\mangrove_954.webp
mangrove_955.jpg,mangrove_forest,train,C:\Users\USER\Desktop\ai_dataset\forestry_dataset_splitted\train\mangrove_forest\mangrove_955.jpg
mangrove_956.jpg,mangrove_forest,train,C:\Users\USER\Desktop\ai_dataset\forestry_dataset_splitted\train\mangrove_forest\mangrove_956.jpg
mangrove_957.jpg,mangrove_forest,train,C:\Users\USER\Desktop\ai_dataset\forestry_dataset_splitted\train\mangrove_forest\mangrove_957.jpg
mangrove_958.webp,mangrove_forest,train,C:\Users\USER\Desktop\ai_dataset\forestry_dataset_splitted\train\mangrove_forest\mangrove_958.webp
mangrove_959.jpg,mangrove_forest,train,C:\Users\USER\Desktop\ai_dataset\forestry_dataset_splitted\train\mangrove_forest\mangrove_959.jpg
mangrove_96.jpg,mangrove_forest,train,C:\Users\USER\Desktop\ai_dataset\forestry_dataset_splitted\train\mangrove_forest\mangrove_96.jpg
mangrove_960.jpg,mangrove_forest,train,C:\Users\USER\Desktop\ai_dataset\forestry_dataset_splitted\train\mangrove_forest\mangrove_960.jpg
mangrove_961.jpg,mangrove_forest,train,C:\Users\USER\Desktop\ai_dataset\forestry_dataset_splitted\train\mangrove_forest\mangrove_961.jpg
mangrove_962.jpg,mangrove_forest,train,C:\Users\USER\Desktop\ai_dataset\forestry_dataset_splitted\train\mangrove_forest\mangrove_962.jpg
mangrove_963.jpg,mangrove_forest,train,C:\Users\USER\Desktop\ai_dataset\forestry_dataset_splitted\train\mangrove_forest\mangrove_963.jpg
mangrove_964.jpg,mangrove_forest,train,C:\Users\USER\Desktop\ai_dataset\forestry_dataset_splitted\train\mangrove_forest\mangrove_964.jpg
mangrove_965.jpg,mangrove_forest,train,C:\Users\USER\Desktop\ai_dataset\forestry_dataset_splitted\train\mangrove_forest\mangrove_965.jpg
mangrove_966.webp,mangrove_forest,train,C:\Users\USER\Desktop\ai_dataset\forestry_dataset_splitted\train\mangrove_forest\mangrove_966.webp
mangrove_967.jpg,mangrove_forest,train,C:\Users\USER\Desktop\ai_dataset\forestry_dataset_splitted\train\mangrove_forest\mangrove_967.jpg
mangrove_968.jpg,mangrove_forest,train,C:\Users\USER\Desktop\ai_dataset\forestry_dataset_splitted\train\mangrove_forest\mangrove_968.jpg
mangrove_969.jpg,mangrove_forest,train,C:\Users\USER\Desktop\ai_dataset\forestry_dataset_splitted\train\mangrove_forest\mangrove_969.jpg
mangrove_97.jpg,mangrove_forest,train,C:\Users\USER\Desktop\ai_dataset\forestry_dataset_splitted\train\mangrove_forest\mangrove_97.jpg
mangrove_970.webp,mangrove_forest,train,C:\Users\USER\Desktop\ai_dataset\forestry_dataset_splitted\train\mangrove_forest\mangrove_970.webp
mangrove_971.jpg,mangrove_forest,train,C:\Users\USER\Desktop\ai_dataset\forestry_dataset_splitted\train\mangrove_forest\mangrove_971.jpg
mangrove_972.webp,mangrove_forest,train,C:\Users\USER\Desktop\ai_dataset\forestry_dataset_splitted\train\mangrove_forest\mangrove_972.webp
mangrove_973.webp,mangrove_forest,train,C:\Users\USER\Desktop\ai_dataset\forestry_dataset_splitted\train\mangrove_forest\mangrove_973.webp
mangrove_974.jpg,mangrove_forest,train,C:\Users\USER\Desktop\ai_dataset\forestry_dataset_splitted\train\mangrove_forest\mangrove_974.jpg
mangrove_975.jpg,mangrove_forest,train,C:\Users\USER\Desktop\ai_dataset\forestry_dataset_splitted\train\mangrove_forest\mangrove_975.jpg
mangrove_976.jpg,mangrove_forest,train,C:\Users\USER\Desktop\ai_dataset\forestry_dataset_splitted\train\mangrove_forest\mangrove_976.jpg
mangrove_977.jpg,mangrove_forest,train,C:\Users\USER\Desktop\ai_dataset\forestry_dataset_splitted\train\mangrove_forest\mangrove_977.jpg
mangrove_978.jpg,mangrove_forest,train,C:\Users\USER\Desktop\ai_dataset\forestry_dataset_splitted\train\mangrove_forest\mangrove_978.jpg
mangrove_979.webp,mangrove_forest,train,C:\Users\USER\Desktop\ai_dataset\forestry_dataset_splitted\train\mangrove_forest\mangrove_979.webp
mangrove_98.jpg,mangrove_forest,train,C:\Users\USER\Desktop\ai_dataset\forestry_dataset_splitted\train\mangrove_forest\mangrove_98.jpg
mangrove_980.jpg,mangrove_forest,train,C:\Users\USER\Desktop\ai_dataset\forestry_dataset_splitted\train\mangrove_forest\mangrove_980.jpg
mangrove_981.jpg,mangrove_forest,train,C:\Users\USER\Desktop\ai_dataset\forestry_dataset_splitted\train\mangrove_forest\mangrove_981.jpg
mangrove_982.jpg,mangrove_forest,train,C:\Users\USER\Desktop\ai_dataset\forestry_dataset_splitted\train\mangrove_forest\mangrove_982.jpg
mangrove_983.jpg,mangrove_forest,train,C:\Users\USER\Desktop\ai_dataset\forestry_dataset_splitted\train\mangrove_forest\mangrove_983.jpg
mangrove_984.jpg,mangrove_forest,train,C:\Users\USER\Desktop\ai_dataset\forestry_dataset_splitted\train\mangrove_forest\mangrove_984.jpg
mangrove_985.webp,mangrove_forest,train,C:\Users\USER\Desktop\ai_dataset\forestry_dataset_splitted\train\mangrove_forest\mangrove_985.webp
mangrove_986.jpg,mangrove_forest,train,C:\Users\USER\Desktop\ai_dataset\forestry_dataset_splitted\train\mangrove_forest\mangrove_986.jpg
mangrove_987.jpg,mangrove_forest,train,C:\Users\USER\Desktop\ai_dataset\forestry_dataset_splitted\train\mangrove_forest\mangrove_987.jpg
mangrove_988.webp,mangrove_forest,train,C:\Users\USER\Desktop\ai_dataset\forestry_dataset_splitted\train\mangrove_forest\mangrove_988.webp
mangrove_989.png,mangrove_forest,train,C:\Users\USER\Desktop\ai_dataset\forestry_dataset_splitted\train\mangrove_forest\mangrove_989.png
mangrove_99.jpg,mangrove_forest,train,C:\Users\USER\Desktop\ai_dataset\forestry_dataset_splitted\train\mangrove_forest\mangrove_99.jpg
mangrove_990.jpg,mangrove_forest,train,C:\Users\USER\Desktop\ai_dataset\forestry_dataset_splitted\train\mangrove_forest\mangrove_990.jpg
mangrove_991.jpg,mangrove_forest,train,C:\Users\USER\Desktop\ai_dataset\forestry_dataset_splitted\train\mangrove_forest\mangrove_991.jpg
mangrove_992.jpg,mangrove_forest,train,C:\Users\USER\Desktop\ai_dataset\forestry_dataset_splitted\train\mangrove_forest\mangrove_992.jpg
mangrove_993.jpg,mangrove_forest,train,C:\Users\USER\Desktop\ai_dataset\forestry_dataset_splitted\train\mangrove_forest\mangrove_993.jpg
mangrove_994.jpg,mangrove_forest,train,C:\Users\USER\Desktop\ai_dataset\forestry_dataset_splitted\train\mangrove_forest\mangrove_994.jpg
mangrove_995.webp,mangrove_forest,train,C:\Users\USER\Desktop\ai_dataset\forestry_dataset_splitted\train\mangrove_forest\mangrove_995.webp
mangrove_996.jpg,mangrove_forest,train,C:\Users\USER\Desktop\ai_dataset\forestry_dataset_splitted\train\mangrove_forest\mangrove_996.jpg
mangrove_997.webp,mangrove_forest,train,C:\Users\USER\Desktop\ai_dataset\forestry_dataset_splitted\train\mangrove_forest\mangrove_997.webp
mangrove_998.png,mangrove_forest,train,C:\Users\USER\Desktop\ai_dataset\forestry_dataset_splitted\train\mangrove_forest\mangrove_998.png
mangrove_999.jpg,mangrove_forest,train,C:\Users\USER\Desktop\ai_dataset\forestry_dataset_splitted\train\mangrove_forest\mangrove_999.jpg
tropical_1.jpg,tropical_rainforest,train,C:\Users\USER\Desktop\ai_dataset\forestry_dataset_splitted\train\tropical_rainforest\tropical_1.jpg
tropical_10.jpg,tropical_rainforest,train,C:\Users\USER\Desktop\ai_dataset\forestry_dataset_splitted\train\tropical_rainforest\tropical_10.jpg
tropical_100.jpg,tropical_rainforest,train,C:\Users\USER\Desktop\ai_dataset\forestry_dataset_splitted\train\tropical_rainforest\tropical_100.jpg
tropical_1000.webp,tropical_rainforest,train,C:\Users\USER\Desktop\ai_dataset\forestry_dataset_splitted\train\tropical_rainforest\tropical_1000.webp
tropical_1001.jpg,tropical_rainforest,train,C:\Users\USER\Desktop\ai_dataset\forestry_dataset_splitted\train\tropical_rainforest\tropical_1001.jpg
tropical_1002.webp,tropical_rainforest,train,C:\Users\USER\Desktop\ai_dataset\forestry_dataset_splitted\train\tropical_rainforest\tropical_1002.webp
tropical_1003.webp,tropical_rainforest,train,C:\Users\USER\Desktop\ai_dataset\forestry_dataset_splitted\train\tropical_rainforest\tropical_1003.webp
tropical_1004.jpg,tropical_rainforest,train,C:\Users\USER\Desktop\ai_dataset\forestry_dataset_splitted\train\tropical_rainforest\tropical_1004.jpg
tropical_1005.webp,tropical_rainforest,train,C:\Users\USER\Desktop\ai_dataset\forestry_dataset_splitted\train\tropical_rainforest\tropical_1005.webp
tropical_1006.webp,tropical_rainforest,train,C:\Users\USER\Desktop\ai_dataset\forestry_dataset_splitted\train\tropical_rainforest\tropical_1006.webp
tropical_1007.jpg,tropical_rainforest,train,C:\Users\USER\Desktop\ai_dataset\forestry_dataset_splitted\train\tropical_rainforest\tropical_1007.jpg
tropical_1008.webp,tropical_rainforest,train,C:\Users\USER\Desktop\ai_dataset\forestry_dataset_splitted\train\tropical_rainforest\tropical_1008.webp
tropical_1009.jpg,tropical_rainforest,train,C:\Users\USER\Desktop\ai_dataset\forestry_dataset_splitted\train\tropical_rainforest\tropical_1009.jpg
tropical_101.jpg,tropical_rainforest,train,C:\Users\USER\Desktop\ai_dataset\forestry_dataset_splitted\train\tropical_rainforest\tropical_101.jpg
tropical_1010.webp,tropical_rainforest,train,C:\Users\USER\Desktop\ai_dataset\forestry_dataset_splitted\train\tropical_rainforest\tropical_1010.webp
tropical_1011.webp,tropical_rainforest,train,C:\Users\USER\Desktop\ai_dataset\forestry_dataset_splitted\train\tropical_rainforest\tropical_1011.webp
tropical_1012.jpg,tropical_rainforest,train,C:\Users\USER\Desktop\ai_dataset\forestry_dataset_splitted\train\tropical_rainforest\tropical_1012.jpg
tropical_1013.webp,tropical_rainforest,train,C:\Users\USER\Desktop\ai_dataset\forestry_dataset_splitted\train\tropical_rainforest\tropical_1013.webp
tropical_1014.webp,tropical_rainforest,train,C:\Users\USER\Desktop\ai_dataset\forestry_dataset_splitted\train\tropical_rainforest\tropical_1014.webp
tropical_1015.jpg,tropical_rainforest,train,C:\Users\USER\Desktop\ai_dataset\forestry_dataset_splitted\train\tropical_rainforest\tropical_1015.jpg
tropical_1016.jpg,tropical_rainforest,train,C:\Users\USER\Desktop\ai_dataset\forestry_dataset_splitted\train\tropical_rainforest\tropical_1016.jpg
tropical_1017.webp,tropical_rainforest,train,C:\Users\USER\Desktop\ai_dataset\forestry_dataset_splitted\train\tropical_rainforest\tropical_1017.webp
tropical_1018.webp,tropical_rainforest,train,C:\Users\USER\Desktop\ai_dataset\forestry_dataset_splitted\train\tropical_rainforest\tropical_1018.webp
tropical_1019.webp,tropical_rainforest,train,C:\Users\USER\Desktop\ai_dataset\forestry_dataset_splitted\train\tropical_rainforest\tropical_1019.webp
tropical_102.jpg,tropical_rainforest,train,C:\Users\USER\Desktop\ai_dataset\forestry_dataset_splitted\train\tropical_rainforest\tropical_102.jpg
tropical_1020.jpg,tropical_rainforest,train,C:\Users\USER\Desktop\ai_dataset\forestry_dataset_splitted\train\tropical_rainforest\tropical_1020.jpg
tropical_1021.jpg,tropical_rainforest,train,C:\Users\USER\Desktop\ai_dataset\forestry_dataset_splitted\train\tropical_rainforest\tropical_1021.jpg
tropical_1022.jpg,tropical_rainforest,train,C:\Users\USER\Desktop\ai_dataset\forestry_dataset_splitted\train\tropical_rainforest\tropical_1022.jpg
tropical_1023.webp,tropical_rainforest,train,C:\Users\USER\Desktop\ai_dataset\forestry_dataset_splitted\train\tropical_rainforest\tropical_1023.webp
tropical_1024.jpg,tropical_rainforest,train,C:\Users\USER\Desktop\ai_dataset\forestry_dataset_splitted\train\tropical_rainforest\tropical_1024.jpg
tropical_1025.webp,tropical_rainforest,train,C:\Users\USER\Desktop\ai_dataset\forestry_dataset_splitted\train\tropical_rainforest\tropical_1025.webp
tropical_1026.jpg,tropical_rainforest,train,C:\Users\USER\Desktop\ai_dataset\forestry_dataset_splitted\train\tropical_rainforest\tropical_1026.jpg
tropical_1027.webp,tropical_rainforest,train,C:\Users\USER\Desktop\ai_dataset\forestry_dataset_splitted\train\tropical_rainforest\tropical_1027.webp
tropical_1028.webp,tropical_rainforest,train,C:\Users\USER\Desktop\ai_dataset\forestry_dataset_splitted\train\tropical_rainforest\tropical_1028.webp
tropical_1029.jpg,tropical_rainforest,train,C:\Users\USER\Desktop\ai_dataset\forestry_dataset_splitted\train\tropical_rainforest\tropical_1029.jpg
tropical_103.webp,tropical_rainforest,train,C:\Users\USER\Desktop\ai_dataset\forestry_dataset_splitted\train\tropical_rainforest\tropical_103.webp
tropical_1030.jpg,tropical_rainforest,train,C:\Users\USER\Desktop\ai_dataset\forestry_dataset_splitted\train\tropical_rainforest\tropical_1030.jpg
tropical_1031.jpg,tropical_rainforest,train,C:\Users\USER\Desktop\ai_dataset\forestry_dataset_splitted\train\tropical_rainforest\tropical_1031.jpg
tropical_1032.webp,tropical_rainforest,train,C:\Users\USER\Desktop\ai_dataset\forestry_dataset_splitted\train\tropical_rainforest\tropical_1032.webp
tropical_1033.jpg,tropical_rainforest,train,C:\Users\USER\Desktop\ai_dataset\forestry_dataset_splitted\train\tropical_rainforest\tropical_1033.jpg
tropical_1034.jpg,tropical_rainforest,train,C:\Users\USER\Desktop\ai_dataset\forestry_dataset_splitted\train\tropical_rainforest\tropical_1034.jpg
tropical_1035.webp,tropical_rainforest,train,C:\Users\USER\Desktop\ai_dataset\forestry_dataset_splitted\train\tropical_rainforest\tropical_1035.webp
tropical_1036.webp,tropical_rainforest,train,C:\Users\USER\Desktop\ai_dataset\forestry_dataset_splitted\train\tropical_rainforest\tropical_1036.webp
tropical_1037.jpg,tropical_rainforest,train,C:\Users\USER\Desktop\ai_dataset\forestry_dataset_splitted\train\tropical_rainforest\tropical_1037.jpg
tropical_1038.jpg,tropical_rainforest,train,C:\Users\USER\Desktop\ai_dataset\forestry_dataset_splitted\train\tropical_rainforest\tropical_1038.jpg
tropical_1039.webp,tropical_rainforest,train,C:\Users\USER\Desktop\ai_dataset\forestry_dataset_splitted\train\tropical_rainforest\tropical_1039.webp
tropical_104.jpg,tropical_rainforest,train,C:\Users\USER\Desktop\ai_dataset\forestry_dataset_splitted\train\tropical_rainforest\tropical_104.jpg
tropical_1040.jpg,tropical_rainforest,train,C:\Users\USER\Desktop\ai_dataset\forestry_dataset_splitted\train\tropical_rainforest\tropical_1040.jpg
tropical_1041.jpg,tropical_rainforest,train,C:\Users\USER\Desktop\ai_dataset\forestry_dataset_splitted\train\tropical_rainforest\tropical_1041.jpg
tropical_1042.webp,tropical_rainforest,train,C:\Users\USER\Desktop\ai_dataset\forestry_dataset_splitted\train\tropical_rainforest\tropical_1042.webp
tropical_1043.jpg,tropical_rainforest,train,C:\Users\USER\Desktop\ai_dataset\forestry_dataset_splitted\train\tropical_rainforest\tropical_1043.jpg
tropical_1044.jpg,tropical_rainforest,train,C:\Users\USER\Desktop\ai_dataset\forestry_dataset_splitted\train\tropical_rainforest\tropical_1044.jpg
tropical_1045.webp,tropical_rainforest,train,C:\Users\USER\Desktop\ai_dataset\forestry_dataset_splitted\train\tropical_rainforest\tropical_1045.webp
tropical_1046.jpg,tropical_rainforest,train,C:\Users\USER\Desktop\ai_dataset\forestry_dataset_splitted\train\tropical_rainforest\tropical_1046.jpg
tropical_1047.webp,tropical_rainforest,train,C:\Users\USER\Desktop\ai_dataset\forestry_dataset_splitted\train\tropical_rainforest\tropical_1047.webp
tropical_1048.webp,tropical_rainforest,train,C:\Users\USER\Desktop\ai_dataset\forestry_dataset_splitted\train\tropical_rainforest\tropical_1048.webp
tropical_1049.jpg,tropical_rainforest,train,C:\Users\USER\Desktop\ai_dataset\forestry_dataset_splitted\train\tropical_rainforest\tropical_1049.jpg
tropical_105.jpg,tropical_rainforest,train,C:\Users\USER\Desktop\ai_dataset\forestry_dataset_splitted\train\tropical_rainforest\tropical_105.jpg
tropical_1050.jpg,tropical_rainforest,train,C:\Users\USER\Desktop\ai_dataset\forestry_dataset_splitted\train\tropical_rainforest\tropical_1050.jpg
tropical_1051.jpg,tropical_rainforest,train,C:\Users\USER\Desktop\ai_dataset\forestry_dataset_splitted\train\tropical_rainforest\tropical_1051.jpg
tropical_1052.jpg,tropical_rainforest,train,C:\Users\USER\Desktop\ai_dataset\forestry_dataset_splitted\train\tropical_rainforest\tropical_1052.jpg
tropical_1053.webp,tropical_rainforest,train,C:\Users\USER\Desktop\ai_dataset\forestry_dataset_splitted\train\tropical_rainforest\tropical_1053.webp
tropical_1054.jpg,tropical_rainforest,train,C:\Users\USER\Desktop\ai_dataset\forestry_dataset_splitted\train\tropical_rainforest\tropical_1054.jpg
tropical_1055.jpg,tropical_rainforest,train,C:\Users\USER\Desktop\ai_dataset\forestry_dataset_splitted\train\tropical_rainforest\tropical_1055.jpg
tropical_1056.jpg,tropical_rainforest,train,C:\Users\USER\Desktop\ai_dataset\forestry_dataset_splitted\train\tropical_rainforest\tropical_1056.jpg
tropical_1057.jpg,tropical_rainforest,train,C:\Users\USER\Desktop\ai_dataset\forestry_dataset_splitted\train\tropical_rainforest\tropical_1057.jpg
tropical_1058.webp,tropical_rainforest,train,C:\Users\USER\Desktop\ai_dataset\forestry_dataset_splitted\train\tropical_rainforest\tropical_1058.webp
tropical_1059.jpg,tropical_rainforest,train,C:\Users\USER\Desktop\ai_dataset\forestry_dataset_splitted\train\tropical_rainforest\tropical_1059.jpg
tropical_106.webp,tropical_rainforest,train,C:\Users\USER\Desktop\ai_dataset\forestry_dataset_splitted\train\tropical_rainforest\tropical_106.webp
tropical_1060.jpg,tropical_rainforest,train,C:\Users\USER\Desktop\ai_dataset\forestry_dataset_splitted\train\tropical_rainforest\tropical_1060.jpg
tropical_1061.webp,tropical_rainforest,train,C:\Users\USER\Desktop\ai_dataset\forestry_dataset_splitted\train\tropical_rainforest\tropical_1061.webp
tropical_1062.jpg,tropical_rainforest,train,C:\Users\USER\Desktop\ai_dataset\forestry_dataset_splitted\train\tropical_rainforest\tropical_1062.jpg
tropical_1063.jpg,tropical_rainforest,train,C:\Users\USER\Desktop\ai_dataset\forestry_dataset_splitted\train\tropical_rainforest\tropical_1063.jpg
tropical_1064.webp,tropical_rainforest,train,C:\Users\USER\Desktop\ai_dataset\forestry_dataset_splitted\train\tropical_rainforest\tropical_1064.webp
tropical_1065.webp,tropical_rainforest,train,C:\Users\USER\Desktop\ai_dataset\forestry_dataset_splitted\train\tropical_rainforest\tropical_1065.webp
tropical_1066.webp,tropical_rainforest,train,C:\Users\USER\Desktop\ai_dataset\forestry_dataset_splitted\train\tropical_rainforest\tropical_1066.webp
tropical_1067.jpg,tropical_rainforest,train,C:\Users\USER\Desktop\ai_dataset\forestry_dataset_splitted\train\tropical_rainforest\tropical_1067.jpg
tropical_1068.webp,tropical_rainforest,train,C:\Users\USER\Desktop\ai_dataset\forestry_dataset_splitted\train\tropical_rainforest\tropical_1068.webp
tropical_1069.webp,tropical_rainforest,train,C:\Users\USER\Desktop\ai_dataset\forestry_dataset_splitted\train\tropical_rainforest\tropical_1069.webp
tropical_107.jpg,tropical_rainforest,train,C:\Users\USER\Desktop\ai_dataset\forestry_dataset_splitted\train\tropical_rainforest\tropical_107.jpg
tropical_1070.jpg,tropical_rainforest,train,C:\Users\USER\Desktop\ai_dataset\forestry_dataset_splitted\train\tropical_rainforest\tropical_1070.jpg
tropical_1071.jpg,tropical_rainforest,train,C:\Users\USER\Desktop\ai_dataset\forestry_dataset_splitted\train\tropical_rainforest\tropical_1071.jpg
tropical_1072.webp,tropical_rainforest,train,C:\Users\USER\Desktop\ai_dataset\forestry_dataset_splitted\train\tropical_rainforest\tropical_1072.webp
tropical_1073.webp,tropical_rainforest,train,C:\Users\USER\Desktop\ai_dataset\forestry_dataset_splitted\train\tropical_rainforest\tropical_1073.webp
tropical_1074.webp,tropical_rainforest,train,C:\Users\USER\Desktop\ai_dataset\forestry_dataset_splitted\train\tropical_rainforest\tropical_1074.webp
tropical_1075.webp,tropical_rainforest,train,C:\Users\USER\Desktop\ai_dataset\forestry_dataset_splitted\train\tropical_rainforest\tropical_1075.webp
tropical_1076.jpg,tropical_rainforest,train,C:\Users\USER\Desktop\ai_dataset\forestry_dataset_splitted\train\tropical_rainforest\tropical_1076.jpg
tropical_1077.jpg,tropical_rainforest,train,C:\Users\USER\Desktop\ai_dataset\forestry_dataset_splitted\train\tropical_rainforest\tropical_1077.jpg
tropical_1078.webp,tropical_rainforest,train,C:\Users\USER\Desktop\ai_dataset\forestry_dataset_splitted\train\tropical_rainforest\tropical_1078.webp
tropical_1079.webp,tropical_rainforest,train,C:\Users\USER\Desktop\ai_dataset\forestry_dataset_splitted\train\tropical_rainforest\tropical_1079.webp
tropical_108.webp,tropical_rainforest,train,C:\Users\USER\Desktop\ai_dataset\forestry_dataset_splitted\train\tropical_rainforest\tropical_108.webp
tropical_1080.jpg,tropical_rainforest,train,C:\Users\USER\Desktop\ai_dataset\forestry_dataset_splitted\train\tropical_rainforest\tropical_1080.jpg
tropical_1081.jpg,tropical_rainforest,train,C:\Users\USER\Desktop\ai_dataset\forestry_dataset_splitted\train\tropical_rainforest\tropical_1081.jpg
tropical_1082.jpg,tropical_rainforest,train,C:\Users\USER\Desktop\ai_dataset\forestry_dataset_splitted\train\tropical_rainforest\tropical_1082.jpg
tropical_1083.jpg,tropical_rainforest,train,C:\Users\USER\Desktop\ai_dataset\forestry_dataset_splitted\train\tropical_rainforest\tropical_1083.jpg
tropical_1084.webp,tropical_rainforest,train,C:\Users\USER\Desktop\ai_dataset\forestry_dataset_splitted\train\tropical_rainforest\tropical_1084.webp
tropical_1085.webp,tropical_rainforest,train,C:\Users\USER\Desktop\ai_dataset\forestry_dataset_splitted\train\tropical_rainforest\tropical_1085.webp
tropical_1086.jpg,tropical_rainforest,train,C:\Users\USER\Desktop\ai_dataset\forestry_dataset_splitted\train\tropical_rainforest\tropical_1086.jpg
tropical_1087.webp,tropical_rainforest,train,C:\Users\USER\Desktop\ai_dataset\forestry_dataset_splitted\train\tropical_rainforest\tropical_1087.webp
tropical_1088.webp,tropical_rainforest,train,C:\Users\USER\Desktop\ai_dataset\forestry_dataset_splitted\train\tropical_rainforest\tropical_1088.webp
tropical_1089.jpg,tropical_rainforest,train,C:\Users\USER\Desktop\ai_dataset\forestry_dataset_splitted\train\tropical_rainforest\tropical_1089.jpg
tropical_109.jpg,tropical_rainforest,train,C:\Users\USER\Desktop\ai_dataset\forestry_dataset_splitted\train\tropical_rainforest\tropical_109.jpg
tropical_1090.jpg,tropical_rainforest,train,C:\Users\USER\Desktop\ai_dataset\forestry_dataset_splitted\train\tropical_rainforest\tropical_1090.jpg
tropical_1091.jpg,tropical_rainforest,train,C:\Users\USER\Desktop\ai_dataset\forestry_dataset_splitted\train\tropical_rainforest\tropical_1091.jpg
tropical_1092.jpg,tropical_rainforest,train,C:\Users\USER\Desktop\ai_dataset\forestry_dataset_splitted\train\tropical_rainforest\tropical_1092.jpg
tropical_1093.webp,tropical_rainforest,train,C:\Users\USER\Desktop\ai_dataset\forestry_dataset_splitted\train\tropical_rainforest\tropical_1093.webp
tropical_1094.jpg,tropical_rainforest,train,C:\Users\USER\Desktop\ai_dataset\forestry_dataset_splitted\train\tropical_rainforest\tropical_1094.jpg
tropical_1095.jpg,tropical_rainforest,train,C:\Users\USER\Desktop\ai_dataset\forestry_dataset_splitted\train\tropical_rainforest\tropical_1095.jpg
tropical_1096.webp,tropical_rainforest,train,C:\Users\USER\Desktop\ai_dataset\forestry_dataset_splitted\train\tropical_rainforest\tropical_1096.webp
tropical_1097.webp,tropical_rainforest,train,C:\Users\USER\Desktop\ai_dataset\forestry_dataset_splitted\train\tropical_rainforest\tropical_1097.webp
tropical_1098.jpg,tropical_rainforest,train,C:\Users\USER\Desktop\ai_dataset\forestry_dataset_splitted\train\tropical_rainforest\tropical_1098.jpg
tropical_1099.jpg,tropical_rainforest,train,C:\Users\USER\Desktop\ai_dataset\forestry_dataset_splitted\train\tropical_rainforest\tropical_1099.jpg
tropical_11.jpg,tropical_rainforest,train,C:\Users\USER\Desktop\ai_dataset\forestry_dataset_splitted\train\tropical_rainforest\tropical_11.jpg
tropical_110.jpg,tropical_rainforest,train,C:\Users\USER\Desktop\ai_dataset\forestry_dataset_splitted\train\tropical_rainforest\tropical_110.jpg
tropical_1100.jpg,tropical_rainforest,train,C:\Users\USER\Desktop\ai_dataset\forestry_dataset_splitted\train\tropical_rainforest\tropical_1100.jpg
tropical_1101.webp,tropical_rainforest,train,C:\Users\USER\Desktop\ai_dataset\forestry_dataset_splitted\train\tropical_rainforest\tropical_1101.webp
tropical_1102.webp,tropical_rainforest,train,C:\Users\USER\Desktop\ai_dataset\forestry_dataset_splitted\train\tropical_rainforest\tropical_1102.webp
tropical_1103.jpg,tropical_rainforest,train,C:\Users\USER\Desktop\ai_dataset\forestry_dataset_splitted\train\tropical_rainforest\tropical_1103.jpg
tropical_1104.jpg,tropical_rainforest,train,C:\Users\USER\Desktop\ai_dataset\forestry_dataset_splitted\train\tropical_rainforest\tropical_1104.jpg
tropical_1105.jpg,tropical_rainforest,train,C:\Users\USER\Desktop\ai_dataset\forestry_dataset_splitted\train\tropical_rainforest\tropical_1105.jpg
tropical_1106.jpg,tropical_rainforest,train,C:\Users\USER\Desktop\ai_dataset\forestry_dataset_splitted\train\tropical_rainforest\tropical_1106.jpg
tropical_1107.jpg,tropical_rainforest,train,C:\Users\USER\Desktop\ai_dataset\forestry_dataset_splitted\train\tropical_rainforest\tropical_1107.jpg
tropical_1108.webp,tropical_rainforest,train,C:\Users\USER\Desktop\ai_dataset\forestry_dataset_splitted\train\tropical_rainforest\tropical_1108.webp
tropical_1109.jpg,tropical_rainforest,train,C:\Users\USER\Desktop\ai_dataset\forestry_dataset_splitted\train\tropical_rainforest\tropical_1109.jpg
tropical_111.webp,tropical_rainforest,train,C:\Users\USER\Desktop\ai_dataset\forestry_dataset_splitted\train\tropical_rainforest\tropical_111.webp
tropical_1110.jpg,tropical_rainforest,train,C:\Users\USER\Desktop\ai_dataset\forestry_dataset_splitted\train\tropical_rainforest\tropical_1110.jpg
tropical_1111.jpg,tropical_rainforest,train,C:\Users\USER\Desktop\ai_dataset\forestry_dataset_splitted\train\tropical_rainforest\tropical_1111.jpg
tropical_1112.webp,tropical_rainforest,train,C:\Users\USER\Desktop\ai_dataset\forestry_dataset_splitted\train\tropical_rainforest\tropical_1112.webp
tropical_1113.jpg,tropical_rainforest,train,C:\Users\USER\Desktop\ai_dataset\forestry_dataset_splitted\train\tropical_rainforest\tropical_1113.jpg
tropical_1114.jpg,tropical_rainforest,train,C:\Users\USER\Desktop\ai_dataset\forestry_dataset_splitted\train\tropical_rainforest\tropical_1114.jpg
tropical_1115.jpg,tropical_rainforest,train,C:\Users\USER\Desktop\ai_dataset\forestry_dataset_splitted\train\tropical_rainforest\tropical_1115.jpg
tropical_1116.webp,tropical_rainforest,train,C:\Users\USER\Desktop\ai_dataset\forestry_dataset_splitted\train\tropical_rainforest\tropical_1116.webp
tropical_1117.jpg,tropical_rainforest,train,C:\Users\USER\Desktop\ai_dataset\forestry_dataset_splitted\train\tropical_rainforest\tropical_1117.jpg
tropical_1118.jpg,tropical_rainforest,train,C:\Users\USER\Desktop\ai_dataset\forestry_dataset_splitted\train\tropical_rainforest\tropical_1118.jpg
tropical_1119.webp,tropical_rainforest,train,C:\Users\USER\Desktop\ai_dataset\forestry_dataset_splitted\train\tropical_rainforest\tropical_1119.webp
tropical_112.png,tropical_rainforest,train,C:\Users\USER\Desktop\ai_dataset\forestry_dataset_splitted\train\tropical_rainforest\tropical_112.png
tropical_1120.jpg,tropical_rainforest,train,C:\Users\USER\Desktop\ai_dataset\forestry_dataset_splitted\train\tropical_rainforest\tropical_1120.jpg
tropical_1121.jpg,tropical_rainforest,train,C:\Users\USER\Desktop\ai_dataset\forestry_dataset_splitted\train\tropical_rainforest\tropical_1121.jpg
tropical_1122.webp,tropical_rainforest,train,C:\Users\USER\Desktop\ai_dataset\forestry_dataset_splitted\train\tropical_rainforest\tropical_1122.webp
tropical_1123.jpg,tropical_rainforest,train,C:\Users\USER\Desktop\ai_dataset\forestry_dataset_splitted\train\tropical_rainforest\tropical_1123.jpg
tropical_1124.jpg,tropical_rainforest,train,C:\Users\USER\Desktop\ai_dataset\forestry_dataset_splitted\train\tropical_rainforest\tropical_1124.jpg
tropical_1125.jpg,tropical_rainforest,train,C:\Users\USER\Desktop\ai_dataset\forestry_dataset_splitted\train\tropical_rainforest\tropical_1125.jpg
tropical_1126.webp,tropical_rainforest,train,C:\Users\USER\Desktop\ai_dataset\forestry_dataset_splitted\train\tropical_rainforest\tropical_1126.webp
tropical_1127.jpg,tropical_rainforest,train,C:\Users\USER\Desktop\ai_dataset\forestry_dataset_splitted\train\tropical_rainforest\tropical_1127.jpg
tropical_1128.jpg,tropical_rainforest,train,C:\Users\USER\Desktop\ai_dataset\forestry_dataset_splitted\train\tropical_rainforest\tropical_1128.jpg
tropical_1129.webp,tropical_rainforest,train,C:\Users\USER\Desktop\ai_dataset\forestry_dataset_splitted\train\tropical_rainforest\tropical_1129.webp
tropical_113.webp,tropical_rainforest,train,C:\Users\USER\Desktop\ai_dataset\forestry_dataset_splitted\train\tropical_rainforest\tropical_113.webp
tropical_1130.webp,tropical_rainforest,train,C:\Users\USER\Desktop\ai_dataset\forestry_dataset_splitted\train\tropical_rainforest\tropical_1130.webp
tropical_1131.jpg,tropical_rainforest,train,C:\Users\USER\Desktop\ai_dataset\forestry_dataset_splitted\train\tropical_rainforest\tropical_1131.jpg
tropical_1132.webp,tropical_rainforest,train,C:\Users\USER\Desktop\ai_dataset\forestry_dataset_splitted\train\tropical_rainforest\tropical_1132.webp
tropical_1133.jpg,tropical_rainforest,train,C:\Users\USER\Desktop\ai_dataset\forestry_dataset_splitted\train\tropical_rainforest\tropical_1133.jpg
tropical_1134.jpg,tropical_rainforest,train,C:\Users\USER\Desktop\ai_dataset\forestry_dataset_splitted\train\tropical_rainforest\tropical_1134.jpg
tropical_1135.jpg,tropical_rainforest,train,C:\Users\USER\Desktop\ai_dataset\forestry_dataset_splitted\train\tropical_rainforest\tropical_1135.jpg
tropical_1136.jpg,tropical_rainforest,train,C:\Users\USER\Desktop\ai_dataset\forestry_dataset_splitted\train\tropical_rainforest\tropical_1136.jpg
tropical_1137.jpg,tropical_rainforest,train,C:\Users\USER\Desktop\ai_dataset\forestry_dataset_splitted\train\tropical_rainforest\tropical_1137.jpg
tropical_1138.webp,tropical_rainforest,train,C:\Users\USER\Desktop\ai_dataset\forestry_dataset_splitted\train\tropical_rainforest\tropical_1138.webp
tropical_1139.webp,tropical_rainforest,train,C:\Users\USER\Desktop\ai_dataset\forestry_dataset_splitted\train\tropical_rainforest\tropical_1139.webp
tropical_114.jpg,tropical_rainforest,train,C:\Users\USER\Desktop\ai_dataset\forestry_dataset_splitted\train\tropical_rainforest\tropical_114.jpg
tropical_1140.jpg,tropical_rainforest,train,C:\Users\USER\Desktop\ai_dataset\forestry_dataset_splitted\train\tropical_rainforest\tropical_1140.jpg
tropical_1141.webp,tropical_rainforest,train,C:\Users\USER\Desktop\ai_dataset\forestry_dataset_splitted\train\tropical_rainforest\tropical_1141.webp
tropical_1142.jpg,tropical_rainforest,train,C:\Users\USER\Desktop\ai_dataset\forestry_dataset_splitted\train\tropical_rainforest\tropical_1142.jpg
tropical_1143.jpg,tropical_rainforest,train,C:\Users\USER\Desktop\ai_dataset\forestry_dataset_splitted\train\tropical_rainforest\tropical_1143.jpg
tropical_1144.webp,tropical_rainforest,train,C:\Users\USER\Desktop\ai_dataset\forestry_dataset_splitted\train\tropical_rainforest\tropical_1144.webp
tropical_1145.jpg,tropical_rainforest,train,C:\Users\USER\Desktop\ai_dataset\forestry_dataset_splitted\train\tropical_rainforest\tropical_1145.jpg
tropical_1146.webp,tropical_rainforest,train,C:\Users\USER\Desktop\ai_dataset\forestry_dataset_splitted\train\tropical_rainforest\tropical_1146.webp
tropical_1147.webp,tropical_rainforest,train,C:\Users\USER\Desktop\ai_dataset\forestry_dataset_splitted\train\tropical_rainforest\tropical_1147.webp
tropical_1148.jpg,tropical_rainforest,train,C:\Users\USER\Desktop\ai_dataset\forestry_dataset_splitted\train\tropical_rainforest\tropical_1148.jpg
tropical_1149.jpg,tropical_rainforest,train,C:\Users\USER\Desktop\ai_dataset\forestry_dataset_splitted\train\tropical_rainforest\tropical_1149.jpg
tropical_115.jpg,tropical_rainforest,train,C:\Users\USER\Desktop\ai_dataset\forestry_dataset_splitted\train\tropical_rainforest\tropical_115.jpg
tropical_1150.webp,tropical_rainforest,train,C:\Users\USER\Desktop\ai_dataset\forestry_dataset_splitted\train\tropical_rainforest\tropical_1150.webp
tropical_116.webp,tropical_rainforest,train,C:\Users\USER\Desktop\ai_dataset\forestry_dataset_splitted\train\tropical_rainforest\tropical_116.webp
tropical_117.webp,tropical_rainforest,train,C:\Users\USER\Desktop\ai_dataset\forestry_dataset_splitted\train\tropical_rainforest\tropical_117.webp
tropical_118.jpg,tropical_rainforest,train,C:\Users\USER\Desktop\ai_dataset\forestry_dataset_splitted\train\tropical_rainforest\tropical_118.jpg
tropical_119.jpg,tropical_rainforest,train,C:\Users\USER\Desktop\ai_dataset\forestry_dataset_splitted\train\tropical_rainforest\tropical_119.jpg
tropical_12.webp,tropical_rainforest,train,C:\Users\USER\Desktop\ai_dataset\forestry_dataset_splitted\train\tropical_rainforest\tropical_12.webp
tropical_120.jpg,tropical_rainforest,train,C:\Users\USER\Desktop\ai_dataset\forestry_dataset_splitted\train\tropical_rainforest\tropical_120.jpg
tropical_121.jpg,tropical_rainforest,train,C:\Users\USER\Desktop\ai_dataset\forestry_dataset_splitted\train\tropical_rainforest\tropical_121.jpg
tropical_122.png,tropical_rainforest,train,C:\Users\USER\Desktop\ai_dataset\forestry_dataset_splitted\train\tropical_rainforest\tropical_122.png
tropical_123.jpg,tropical_rainforest,train,C:\Users\USER\Desktop\ai_dataset\forestry_dataset_splitted\train\tropical_rainforest\tropical_123.jpg
tropical_124.jpg,tropical_rainforest,train,C:\Users\USER\Desktop\ai_dataset\forestry_dataset_splitted\train\tropical_rainforest\tropical_124.jpg
tropical_125.webp,tropical_rainforest,train,C:\Users\USER\Desktop\ai_dataset\forestry_dataset_splitted\train\tropical_rainforest\tropical_125.webp
tropical_126.jpg,tropical_rainforest,train,C:\Users\USER\Desktop\ai_dataset\forestry_dataset_splitted\train\tropical_rainforest\tropical_126.jpg
tropical_127.jpg,tropical_rainforest,train,C:\Users\USER\Desktop\ai_dataset\forestry_dataset_splitted\train\tropical_rainforest\tropical_127.jpg
tropical_128.png,tropical_rainforest,train,C:\Users\USER\Desktop\ai_dataset\forestry_dataset_splitted\train\tropical_rainforest\tropical_128.png
tropical_129.webp,tropical_rainforest,train,C:\Users\USER\Desktop\ai_dataset\forestry_dataset_splitted\train\tropical_rainforest\tropical_129.webp
tropical_13.webp,tropical_rainforest,train,C:\Users\USER\Desktop\ai_dataset\forestry_dataset_splitted\train\tropical_rainforest\tropical_13.webp
tropical_130.webp,tropical_rainforest,train,C:\Users\USER\Desktop\ai_dataset\forestry_dataset_splitted\train\tropical_rainforest\tropical_130.webp
tropical_131.jpg,tropical_rainforest,train,C:\Users\USER\Desktop\ai_dataset\forestry_dataset_splitted\train\tropical_rainforest\tropical_131.jpg
tropical_132.jpg,tropical_rainforest,train,C:\Users\USER\Desktop\ai_dataset\forestry_dataset_splitted\train\tropical_rainforest\tropical_132.jpg
tropical_133.jpg,tropical_rainforest,train,C:\Users\USER\Desktop\ai_dataset\forestry_dataset_splitted\train\tropical_rainforest\tropical_133.jpg
tropical_134.webp,tropical_rainforest,train,C:\Users\USER\Desktop\ai_dataset\forestry_dataset_splitted\train\tropical_rainforest\tropical_134.webp
tropical_135.webp,tropical_rainforest,train,C:\Users\USER\Desktop\ai_dataset\forestry_dataset_splitted\train\tropical_rainforest\tropical_135.webp
tropical_136.webp,tropical_rainforest,train,C:\Users\USER\Desktop\ai_dataset\forestry_dataset_splitted\train\tropical_rainforest\tropical_136.webp
tropical_137.jpg,tropical_rainforest,train,C:\Users\USER\Desktop\ai_dataset\forestry_dataset_splitted\train\tropical_rainforest\tropical_137.jpg
tropical_138.jpg,tropical_rainforest,train,C:\Users\USER\Desktop\ai_dataset\forestry_dataset_splitted\train\tropical_rainforest\tropical_138.jpg
tropical_139.jpg,tropical_rainforest,train,C:\Users\USER\Desktop\ai_dataset\forestry_dataset_splitted\train\tropical_rainforest\tropical_139.jpg
tropical_14.jpg,tropical_rainforest,train,C:\Users\USER\Desktop\ai_dataset\forestry_dataset_splitted\train\tropical_rainforest\tropical_14.jpg
tropical_140.jpg,tropical_rainforest,train,C:\Users\USER\Desktop\ai_dataset\forestry_dataset_splitted\train\tropical_rainforest\tropical_140.jpg
tropical_141.webp,tropical_rainforest,train,C:\Users\USER\Desktop\ai_dataset\forestry_dataset_splitted\train\tropical_rainforest\tropical_141.webp
tropical_142.jpg,tropical_rainforest,train,C:\Users\USER\Desktop\ai_dataset\forestry_dataset_splitted\train\tropical_rainforest\tropical_142.jpg
tropical_143.jpg,tropical_rainforest,train,C:\Users\USER\Desktop\ai_dataset\forestry_dataset_splitted\train\tropical_rainforest\tropical_143.jpg
tropical_144.jpg,tropical_rainforest,train,C:\Users\USER\Desktop\ai_dataset\forestry_dataset_splitted\train\tropical_rainforest\tropical_144.jpg
tropical_145.jpg,tropical_rainforest,train,C:\Users\USER\Desktop\ai_dataset\forestry_dataset_splitted\train\tropical_rainforest\tropical_145.jpg
tropical_146.jpg,tropical_rainforest,train,C:\Users\USER\Desktop\ai_dataset\forestry_dataset_splitted\train\tropical_rainforest\tropical_146.jpg
tropical_147.jpg,tropical_rainforest,train,C:\Users\USER\Desktop\ai_dataset\forestry_dataset_splitted\train\tropical_rainforest\tropical_147.jpg
tropical_148.webp,tropical_rainforest,train,C:\Users\USER\Desktop\ai_dataset\forestry_dataset_splitted\train\tropical_rainforest\tropical_148.webp
tropical_149.jpg,tropical_rainforest,train,C:\Users\USER\Desktop\ai_dataset\forestry_dataset_splitted\train\tropical_rainforest\tropical_149.jpg
tropical_15.jpg,tropical_rainforest,train,C:\Users\USER\Desktop\ai_dataset\forestry_dataset_splitted\train\tropical_rainforest\tropical_15.jpg
tropical_150.jpg,tropical_rainforest,train,C:\Users\USER\Desktop\ai_dataset\forestry_dataset_splitted\train\tropical_rainforest\tropical_150.jpg
tropical_151.jpg,tropical_rainforest,train,C:\Users\USER\Desktop\ai_dataset\forestry_dataset_splitted\train\tropical_rainforest\tropical_151.jpg
tropical_152.jpg,tropical_rainforest,train,C:\Users\USER\Desktop\ai_dataset\forestry_dataset_splitted\train\tropical_rainforest\tropical_152.jpg
tropical_153.jpg,tropical_rainforest,train,C:\Users\USER\Desktop\ai_dataset\forestry_dataset_splitted\train\tropical_rainforest\tropical_153.jpg
tropical_154.jpg,tropical_rainforest,train,C:\Users\USER\Desktop\ai_dataset\forestry_dataset_splitted\train\tropical_rainforest\tropical_154.jpg
tropical_155.jpg,tropical_rainforest,train,C:\Users\USER\Desktop\ai_dataset\forestry_dataset_splitted\train\tropical_rainforest\tropical_155.jpg
tropical_156.jpg,tropical_rainforest,train,C:\Users\USER\Desktop\ai_dataset\forestry_dataset_splitted\train\tropical_rainforest\tropical_156.jpg
tropical_157.webp,tropical_rainforest,train,C:\Users\USER\Desktop\ai_dataset\forestry_dataset_splitted\train\tropical_rainforest\tropical_157.webp
tropical_158.jpg,tropical_rainforest,train,C:\Users\USER\Desktop\ai_dataset\forestry_dataset_splitted\train\tropical_rainforest\tropical_158.jpg
tropical_159.webp,tropical_rainforest,train,C:\Users\USER\Desktop\ai_dataset\forestry_dataset_splitted\train\tropical_rainforest\tropical_159.webp
tropical_16.jpg,tropical_rainforest,train,C:\Users\USER\Desktop\ai_dataset\forestry_dataset_splitted\train\tropical_rainforest\tropical_16.jpg
tropical_160.jpg,tropical_rainforest,train,C:\Users\USER\Desktop\ai_dataset\forestry_dataset_splitted\train\tropical_rainforest\tropical_160.jpg
tropical_161.jpg,tropical_rainforest,train,C:\Users\USER\Desktop\ai_dataset\forestry_dataset_splitted\train\tropical_rainforest\tropical_161.jpg
tropical_162.jpg,tropical_rainforest,train,C:\Users\USER\Desktop\ai_dataset\forestry_dataset_splitted\train\tropical_rainforest\tropical_162.jpg
tropical_163.jpg,tropical_rainforest,train,C:\Users\USER\Desktop\ai_dataset\forestry_dataset_splitted\train\tropical_rainforest\tropical_163.jpg
tropical_164.jpg,tropical_rainforest,train,C:\Users\USER\Desktop\ai_dataset\forestry_dataset_splitted\train\tropical_rainforest\tropical_164.jpg
tropical_165.jpg,tropical_rainforest,train,C:\Users\USER\Desktop\ai_dataset\forestry_dataset_splitted\train\tropical_rainforest\tropical_165.jpg
tropical_166.jpg,tropical_rainforest,train,C:\Users\USER\Desktop\ai_dataset\forestry_dataset_splitted\train\tropical_rainforest\tropical_166.jpg
tropical_167.jpg,tropical_rainforest,train,C:\Users\USER\Desktop\ai_dataset\forestry_dataset_splitted\train\tropical_rainforest\tropical_167.jpg
tropical_168.jpg,tropical_rainforest,train,C:\Users\USER\Desktop\ai_dataset\forestry_dataset_splitted\train\tropical_rainforest\tropical_168.jpg
tropical_169.jpg,tropical_rainforest,train,C:\Users\USER\Desktop\ai_dataset\forestry_dataset_splitted\train\tropical_rainforest\tropical_169.jpg
tropical_17.jpg,tropical_rainforest,train,C:\Users\USER\Desktop\ai_dataset\forestry_dataset_splitted\train\tropical_rainforest\tropical_17.jpg
tropical_170.jpg,tropical_rainforest,train,C:\Users\USER\Desktop\ai_dataset\forestry_dataset_splitted\train\tropical_rainforest\tropical_170.jpg
tropical_171.jpg,tropical_rainforest,train,C:\Users\USER\Desktop\ai_dataset\forestry_dataset_splitted\train\tropical_rainforest\tropical_171.jpg
tropical_172.jpg,tropical_rainforest,train,C:\Users\USER\Desktop\ai_dataset\forestry_dataset_splitted\train\tropical_rainforest\tropical_172.jpg
tropical_173.jpg,tropical_rainforest,train,C:\Users\USER\Desktop\ai_dataset\forestry_dataset_splitted\train\tropical_rainforest\tropical_173.jpg
tropical_174.png,tropical_rainforest,train,C:\Users\USER\Desktop\ai_dataset\forestry_dataset_splitted\train\tropical_rainforest\tropical_174.png
tropical_175.jpg,tropical_rainforest,train,C:\Users\USER\Desktop\ai_dataset\forestry_dataset_splitted\train\tropical_rainforest\tropical_175.jpg
tropical_176.jpg,tropical_rainforest,train,C:\Users\USER\Desktop\ai_dataset\forestry_dataset_splitted\train\tropical_rainforest\tropical_176.jpg
tropical_177.webp,tropical_rainforest,train,C:\Users\USER\Desktop\ai_dataset\forestry_dataset_splitted\train\tropical_rainforest\tropical_177.webp
tropical_178.webp,tropical_rainforest,train,C:\Users\USER\Desktop\ai_dataset\forestry_dataset_splitted\train\tropical_rainforest\tropical_178.webp
tropical_179.webp,tropical_rainforest,train,C:\Users\USER\Desktop\ai_dataset\forestry_dataset_splitted\train\tropical_rainforest\tropical_179.webp
tropical_18.jpg,tropical_rainforest,train,C:\Users\USER\Desktop\ai_dataset\forestry_dataset_splitted\train\tropical_rainforest\tropical_18.jpg
tropical_180.webp,tropical_rainforest,train,C:\Users\USER\Desktop\ai_dataset\forestry_dataset_splitted\train\tropical_rainforest\tropical_180.webp
tropical_181.jpg,tropical_rainforest,train,C:\Users\USER\Desktop\ai_dataset\forestry_dataset_splitted\train\tropical_rainforest\tropical_181.jpg
tropical_182.jpg,tropical_rainforest,train,C:\Users\USER\Desktop\ai_dataset\forestry_dataset_splitted\train\tropical_rainforest\tropical_182.jpg
tropical_183.jpg,tropical_rainforest,train,C:\Users\USER\Desktop\ai_dataset\forestry_dataset_splitted\train\tropical_rainforest\tropical_183.jpg
tropical_184.jpg,tropical_rainforest,train,C:\Users\USER\Desktop\ai_dataset\forestry_dataset_splitted\train\tropical_rainforest\tropical_184.jpg
tropical_185.jpg,tropical_rainforest,train,C:\Users\USER\Desktop\ai_dataset\forestry_dataset_splitted\train\tropical_rainforest\tropical_185.jpg
tropical_186.jpg,tropical_rainforest,train,C:\Users\USER\Desktop\ai_dataset\forestry_dataset_splitted\train\tropical_rainforest\tropical_186.jpg
tropical_187.jpg,tropical_rainforest,train,C:\Users\USER\Desktop\ai_dataset\forestry_dataset_splitted\train\tropical_rainforest\tropical_187.jpg
tropical_188.webp,tropical_rainforest,train,C:\Users\USER\Desktop\ai_dataset\forestry_dataset_splitted\train\tropical_rainforest\tropical_188.webp
tropical_189.jpg,tropical_rainforest,train,C:\Users\USER\Desktop\ai_dataset\forestry_dataset_splitted\train\tropical_rainforest\tropical_189.jpg
tropical_19.jpg,tropical_rainforest,train,C:\Users\USER\Desktop\ai_dataset\forestry_dataset_splitted\train\tropical_rainforest\tropical_19.jpg
tropical_190.jpg,tropical_rainforest,train,C:\Users\USER\Desktop\ai_dataset\forestry_dataset_splitted\train\tropical_rainforest\tropical_190.jpg
tropical_191.jpg,tropical_rainforest,train,C:\Users\USER\Desktop\ai_dataset\forestry_dataset_splitted\train\tropical_rainforest\tropical_191.jpg
tropical_192.jpg,tropical_rainforest,train,C:\Users\USER\Desktop\ai_dataset\forestry_dataset_splitted\train\tropical_rainforest\tropical_192.jpg
tropical_193.jpg,tropical_rainforest,train,C:\Users\USER\Desktop\ai_dataset\forestry_dataset_splitted\train\tropical_rainforest\tropical_193.jpg
tropical_194.png,tropical_rainforest,train,C:\Users\USER\Desktop\ai_dataset\forestry_dataset_splitted\train\tropical_rainforest\tropical_194.png
tropical_195.jpg,tropical_rainforest,train,C:\Users\USER\Desktop\ai_dataset\forestry_dataset_splitted\train\tropical_rainforest\tropical_195.jpg
tropical_196.jpg,tropical_rainforest,train,C:\Users\USER\Desktop\ai_dataset\forestry_dataset_splitted\train\tropical_rainforest\tropical_196.jpg
tropical_197.webp,tropical_rainforest,train,C:\Users\USER\Desktop\ai_dataset\forestry_dataset_splitted\train\tropical_rainforest\tropical_197.webp
tropical_198.jpg,tropical_rainforest,train,C:\Users\USER\Desktop\ai_dataset\forestry_dataset_splitted\train\tropical_rainforest\tropical_198.jpg
tropical_199.jpg,tropical_rainforest,train,C:\Users\USER\Desktop\ai_dataset\forestry_dataset_splitted\train\tropical_rainforest\tropical_199.jpg
tropical_2.jpg,tropical_rainforest,train,C:\Users\USER\Desktop\ai_dataset\forestry_dataset_splitted\train\tropical_rainforest\tropical_2.jpg
tropical_20.webp,tropical_rainforest,train,C:\Users\USER\Desktop\ai_dataset\forestry_dataset_splitted\train\tropical_rainforest\tropical_20.webp
tropical_200.jpg,tropical_rainforest,train,C:\Users\USER\Desktop\ai_dataset\forestry_dataset_splitted\train\tropical_rainforest\tropical_200.jpg
tropical_201.webp,tropical_rainforest,train,C:\Users\USER\Desktop\ai_dataset\forestry_dataset_splitted\train\tropical_rainforest\tropical_201.webp
tropical_202.jpg,tropical_rainforest,train,C:\Users\USER\Desktop\ai_dataset\forestry_dataset_splitted\train\tropical_rainforest\tropical_202.jpg
tropical_203.jpg,tropical_rainforest,train,C:\Users\USER\Desktop\ai_dataset\forestry_dataset_splitted\train\tropical_rainforest\tropical_203.jpg
tropical_204.jpg,tropical_rainforest,train,C:\Users\USER\Desktop\ai_dataset\forestry_dataset_splitted\train\tropical_rainforest\tropical_204.jpg
tropical_205.jpg,tropical_rainforest,train,C:\Users\USER\Desktop\ai_dataset\forestry_dataset_splitted\train\tropical_rainforest\tropical_205.jpg
tropical_206.jpg,tropical_rainforest,train,C:\Users\USER\Desktop\ai_dataset\forestry_dataset_splitted\train\tropical_rainforest\tropical_206.jpg
tropical_207.jpg,tropical_rainforest,train,C:\Users\USER\Desktop\ai_dataset\forestry_dataset_splitted\train\tropical_rainforest\tropical_207.jpg
tropical_208.jpg,tropical_rainforest,train,C:\Users\USER\Desktop\ai_dataset\forestry_dataset_splitted\train\tropical_rainforest\tropical_208.jpg
tropical_209.jpg,tropical_rainforest,train,C:\Users\USER\Desktop\ai_dataset\forestry_dataset_splitted\train\tropical_rainforest\tropical_209.jpg
tropical_21.webp,tropical_rainforest,train,C:\Users\USER\Desktop\ai_dataset\forestry_dataset_splitted\train\tropical_rainforest\tropical_21.webp
tropical_210.jpg,tropical_rainforest,train,C:\Users\USER\Desktop\ai_dataset\forestry_dataset_splitted\train\tropical_rainforest\tropical_210.jpg
tropical_211.jpg,tropical_rainforest,train,C:\Users\USER\Desktop\ai_dataset\forestry_dataset_splitted\train\tropical_rainforest\tropical_211.jpg
tropical_212.jpg,tropical_rainforest,train,C:\Users\USER\Desktop\ai_dataset\forestry_dataset_splitted\train\tropical_rainforest\tropical_212.jpg
tropical_213.jpg,tropical_rainforest,train,C:\Users\USER\Desktop\ai_dataset\forestry_dataset_splitted\train\tropical_rainforest\tropical_213.jpg
tropical_214.webp,tropical_rainforest,train,C:\Users\USER\Desktop\ai_dataset\forestry_dataset_splitted\train\tropical_rainforest\tropical_214.webp
tropical_215.jpg,tropical_rainforest,train,C:\Users\USER\Desktop\ai_dataset\forestry_dataset_splitted\train\tropical_rainforest\tropical_215.jpg
tropical_216.webp,tropical_rainforest,train,C:\Users\USER\Desktop\ai_dataset\forestry_dataset_splitted\train\tropical_rainforest\tropical_216.webp
tropical_217.jpg,tropical_rainforest,train,C:\Users\USER\Desktop\ai_dataset\forestry_dataset_splitted\train\tropical_rainforest\tropical_217.jpg
tropical_218.jpg,tropical_rainforest,train,C:\Users\USER\Desktop\ai_dataset\forestry_dataset_splitted\train\tropical_rainforest\tropical_218.jpg
tropical_219.jpg,tropical_rainforest,train,C:\Users\USER\Desktop\ai_dataset\forestry_dataset_splitted\train\tropical_rainforest\tropical_219.jpg
tropical_22.jpg,tropical_rainforest,train,C:\Users\USER\Desktop\ai_dataset\forestry_dataset_splitted\train\tropical_rainforest\tropical_22.jpg
tropical_220.jpg,tropical_rainforest,train,C:\Users\USER\Desktop\ai_dataset\forestry_dataset_splitted\train\tropical_rainforest\tropical_220.jpg
tropical_221.jpg,tropical_rainforest,train,C:\Users\USER\Desktop\ai_dataset\forestry_dataset_splitted\train\tropical_rainforest\tropical_221.jpg
tropical_222.jpg,tropical_rainforest,train,C:\Users\USER\Desktop\ai_dataset\forestry_dataset_splitted\train\tropical_rainforest\tropical_222.jpg
tropical_223.jpg,tropical_rainforest,train,C:\Users\USER\Desktop\ai_dataset\forestry_dataset_splitted\train\tropical_rainforest\tropical_223.jpg
tropical_224.jpg,tropical_rainforest,train,C:\Users\USER\Desktop\ai_dataset\forestry_dataset_splitted\train\tropical_rainforest\tropical_224.jpg
tropical_225.webp,tropical_rainforest,train,C:\Users\USER\Desktop\ai_dataset\forestry_dataset_splitted\train\tropical_rainforest\tropical_225.webp
tropical_226.jpg,tropical_rainforest,train,C:\Users\USER\Desktop\ai_dataset\forestry_dataset_splitted\train\tropical_rainforest\tropical_226.jpg
tropical_227.jpg,tropical_rainforest,train,C:\Users\USER\Desktop\ai_dataset\forestry_dataset_splitted\train\tropical_rainforest\tropical_227.jpg
tropical_228.jpg,tropical_rainforest,train,C:\Users\USER\Desktop\ai_dataset\forestry_dataset_splitted\train\tropical_rainforest\tropical_228.jpg
tropical_229.jpg,tropical_rainforest,train,C:\Users\USER\Desktop\ai_dataset\forestry_dataset_splitted\train\tropical_rainforest\tropical_229.jpg
tropical_23.jpg,tropical_rainforest,train,C:\Users\USER\Desktop\ai_dataset\forestry_dataset_splitted\train\tropical_rainforest\tropical_23.jpg
tropical_230.jpg,tropical_rainforest,train,C:\Users\USER\Desktop\ai_dataset\forestry_dataset_splitted\train\tropical_rainforest\tropical_230.jpg
tropical_231.jpg,tropical_rainforest,train,C:\Users\USER\Desktop\ai_dataset\forestry_dataset_splitted\train\tropical_rainforest\tropical_231.jpg
tropical_232.jpg,tropical_rainforest,train,C:\Users\USER\Desktop\ai_dataset\forestry_dataset_splitted\train\tropical_rainforest\tropical_232.jpg
tropical_233.jpg,tropical_rainforest,train,C:\Users\USER\Desktop\ai_dataset\forestry_dataset_splitted\train\tropical_rainforest\tropical_233.jpg
tropical_234.jpg,tropical_rainforest,train,C:\Users\USER\Desktop\ai_dataset\forestry_dataset_splitted\train\tropical_rainforest\tropical_234.jpg
tropical_235.jpg,tropical_rainforest,train,C:\Users\USER\Desktop\ai_dataset\forestry_dataset_splitted\train\tropical_rainforest\tropical_235.jpg
tropical_236.jpg,tropical_rainforest,train,C:\Users\USER\Desktop\ai_dataset\forestry_dataset_splitted\train\tropical_rainforest\tropical_236.jpg
tropical_237.jpg,tropical_rainforest,train,C:\Users\USER\Desktop\ai_dataset\forestry_dataset_splitted\train\tropical_rainforest\tropical_237.jpg
tropical_238.jpg,tropical_rainforest,train,C:\Users\USER\Desktop\ai_dataset\forestry_dataset_splitted\train\tropical_rainforest\tropical_238.jpg
tropical_239.jpg,tropical_rainforest,train,C:\Users\USER\Desktop\ai_dataset\forestry_dataset_splitted\train\tropical_rainforest\tropical_239.jpg
tropical_24.jpg,tropical_rainforest,train,C:\Users\USER\Desktop\ai_dataset\forestry_dataset_splitted\train\tropical_rainforest\tropical_24.jpg
tropical_240.jpg,tropical_rainforest,train,C:\Users\USER\Desktop\ai_dataset\forestry_dataset_splitted\train\tropical_rainforest\tropical_240.jpg
tropical_241.jpg,tropical_rainforest,train,C:\Users\USER\Desktop\ai_dataset\forestry_dataset_splitted\train\tropical_rainforest\tropical_241.jpg
tropical_242.jpg,tropical_rainforest,train,C:\Users\USER\Desktop\ai_dataset\forestry_dataset_splitted\train\tropical_rainforest\tropical_242.jpg
tropical_243.webp,tropical_rainforest,train,C:\Users\USER\Desktop\ai_dataset\forestry_dataset_splitted\train\tropical_rainforest\tropical_243.webp
tropical_244.png,tropical_rainforest,train,C:\Users\USER\Desktop\ai_dataset\forestry_dataset_splitted\train\tropical_rainforest\tropical_244.png
tropical_245.jpg,tropical_rainforest,train,C:\Users\USER\Desktop\ai_dataset\forestry_dataset_splitted\train\tropical_rainforest\tropical_245.jpg
tropical_246.jpg,tropical_rainforest,train,C:\Users\USER\Desktop\ai_dataset\forestry_dataset_splitted\train\tropical_rainforest\tropical_246.jpg
tropical_247.jpg,tropical_rainforest,train,C:\Users\USER\Desktop\ai_dataset\forestry_dataset_splitted\train\tropical_rainforest\tropical_247.jpg
tropical_248.webp,tropical_rainforest,train,C:\Users\USER\Desktop\ai_dataset\forestry_dataset_splitted\train\tropical_rainforest\tropical_248.webp
tropical_249.webp,tropical_rainforest,train,C:\Users\USER\Desktop\ai_dataset\forestry_dataset_splitted\train\tropical_rainforest\tropical_249.webp
tropical_25.webp,tropical_rainforest,train,C:\Users\USER\Desktop\ai_dataset\forestry_dataset_splitted\train\tropical_rainforest\tropical_25.webp
tropical_250.webp,tropical_rainforest,train,C:\Users\USER\Desktop\ai_dataset\forestry_dataset_splitted\train\tropical_rainforest\tropical_250.webp
tropical_251.jpg,tropical_rainforest,train,C:\Users\USER\Desktop\ai_dataset\forestry_dataset_splitted\train\tropical_rainforest\tropical_251.jpg
tropical_252.jpg,tropical_rainforest,train,C:\Users\USER\Desktop\ai_dataset\forestry_dataset_splitted\train\tropical_rainforest\tropical_252.jpg
tropical_253.jpg,tropical_rainforest,train,C:\Users\USER\Desktop\ai_dataset\forestry_dataset_splitted\train\tropical_rainforest\tropical_253.jpg
tropical_254.jpg,tropical_rainforest,train,C:\Users\USER\Desktop\ai_dataset\forestry_dataset_splitted\train\tropical_rainforest\tropical_254.jpg
tropical_255.jpg,tropical_rainforest,train,C:\Users\USER\Desktop\ai_dataset\forestry_dataset_splitted\train\tropical_rainforest\tropical_255.jpg
tropical_256.jpg,tropical_rainforest,train,C:\Users\USER\Desktop\ai_dataset\forestry_dataset_splitted\train\tropical_rainforest\tropical_256.jpg
tropical_257.jpg,tropical_rainforest,train,C:\Users\USER\Desktop\ai_dataset\forestry_dataset_splitted\train\tropical_rainforest\tropical_257.jpg
tropical_258.jpg,tropical_rainforest,train,C:\Users\USER\Desktop\ai_dataset\forestry_dataset_splitted\train\tropical_rainforest\tropical_258.jpg
tropical_259.jpg,tropical_rainforest,train,C:\Users\USER\Desktop\ai_dataset\forestry_dataset_splitted\train\tropical_rainforest\tropical_259.jpg
tropical_26.webp,tropical_rainforest,train,C:\Users\USER\Desktop\ai_dataset\forestry_dataset_splitted\train\tropical_rainforest\tropical_26.webp
tropical_260.jpg,tropical_rainforest,train,C:\Users\USER\Desktop\ai_dataset\forestry_dataset_splitted\train\tropical_rainforest\tropical_260.jpg
tropical_261.jpg,tropical_rainforest,train,C:\Users\USER\Desktop\ai_dataset\forestry_dataset_splitted\train\tropical_rainforest\tropical_261.jpg
tropical_262.jpg,tropical_rainforest,train,C:\Users\USER\Desktop\ai_dataset\forestry_dataset_splitted\train\tropical_rainforest\tropical_262.jpg
tropical_263.jpg,tropical_rainforest,train,C:\Users\USER\Desktop\ai_dataset\forestry_dataset_splitted\train\tropical_rainforest\tropical_263.jpg
tropical_264.jpg,tropical_rainforest,train,C:\Users\USER\Desktop\ai_dataset\forestry_dataset_splitted\train\tropical_rainforest\tropical_264.jpg
tropical_265.png,tropical_rainforest,train,C:\Users\USER\Desktop\ai_dataset\forestry_dataset_splitted\train\tropical_rainforest\tropical_265.png
tropical_266.jpg,tropical_rainforest,train,C:\Users\USER\Desktop\ai_dataset\forestry_dataset_splitted\train\tropical_rainforest\tropical_266.jpg
tropical_267.jpg,tropical_rainforest,train,C:\Users\USER\Desktop\ai_dataset\forestry_dataset_splitted\train\tropical_rainforest\tropical_267.jpg
tropical_268.jpg,tropical_rainforest,train,C:\Users\USER\Desktop\ai_dataset\forestry_dataset_splitted\train\tropical_rainforest\tropical_268.jpg
tropical_269.jpg,tropical_rainforest,train,C:\Users\USER\Desktop\ai_dataset\forestry_dataset_splitted\train\tropical_rainforest\tropical_269.jpg
tropical_27.jpg,tropical_rainforest,train,C:\Users\USER\Desktop\ai_dataset\forestry_dataset_splitted\train\tropical_rainforest\tropical_27.jpg
tropical_270.webp,tropical_rainforest,train,C:\Users\USER\Desktop\ai_dataset\forestry_dataset_splitted\train\tropical_rainforest\tropical_270.webp
tropical_271.webp,tropical_rainforest,train,C:\Users\USER\Desktop\ai_dataset\forestry_dataset_splitted\train\tropical_rainforest\tropical_271.webp
tropical_272.jpg,tropical_rainforest,train,C:\Users\USER\Desktop\ai_dataset\forestry_dataset_splitted\train\tropical_rainforest\tropical_272.jpg
tropical_273.jpg,tropical_rainforest,train,C:\Users\USER\Desktop\ai_dataset\forestry_dataset_splitted\train\tropical_rainforest\tropical_273.jpg
tropical_274.webp,tropical_rainforest,train,C:\Users\USER\Desktop\ai_dataset\forestry_dataset_splitted\train\tropical_rainforest\tropical_274.webp
tropical_275.webp,tropical_rainforest,train,C:\Users\USER\Desktop\ai_dataset\forestry_dataset_splitted\train\tropical_rainforest\tropical_275.webp
tropical_276.jpg,tropical_rainforest,train,C:\Users\USER\Desktop\ai_dataset\forestry_dataset_splitted\train\tropical_rainforest\tropical_276.jpg
tropical_277.jpg,tropical_rainforest,train,C:\Users\USER\Desktop\ai_dataset\forestry_dataset_splitted\train\tropical_rainforest\tropical_277.jpg
tropical_278.jpg,tropical_rainforest,train,C:\Users\USER\Desktop\ai_dataset\forestry_dataset_splitted\train\tropical_rainforest\tropical_278.jpg
tropical_279.webp,tropical_rainforest,train,C:\Users\USER\Desktop\ai_dataset\forestry_dataset_splitted\train\tropical_rainforest\tropical_279.webp
tropical_28.jpg,tropical_rainforest,train,C:\Users\USER\Desktop\ai_dataset\forestry_dataset_splitted\train\tropical_rainforest\tropical_28.jpg
tropical_280.jpg,tropical_rainforest,train,C:\Users\USER\Desktop\ai_dataset\forestry_dataset_splitted\train\tropical_rainforest\tropical_280.jpg
tropical_281.jpg,tropical_rainforest,train,C:\Users\USER\Desktop\ai_dataset\forestry_dataset_splitted\train\tropical_rainforest\tropical_281.jpg
tropical_282.jpg,tropical_rainforest,train,C:\Users\USER\Desktop\ai_dataset\forestry_dataset_splitted\train\tropical_rainforest\tropical_282.jpg
tropical_283.jpg,tropical_rainforest,train,C:\Users\USER\Desktop\ai_dataset\forestry_dataset_splitted\train\tropical_rainforest\tropical_283.jpg
tropical_284.webp,tropical_rainforest,train,C:\Users\USER\Desktop\ai_dataset\forestry_dataset_splitted\train\tropical_rainforest\tropical_284.webp
tropical_285.jpg,tropical_rainforest,train,C:\Users\USER\Desktop\ai_dataset\forestry_dataset_splitted\train\tropical_rainforest\tropical_285.jpg
tropical_286.webp,tropical_rainforest,train,C:\Users\USER\Desktop\ai_dataset\forestry_dataset_splitted\train\tropical_rainforest\tropical_286.webp
tropical_287.jpg,tropical_rainforest,train,C:\Users\USER\Desktop\ai_dataset\forestry_dataset_splitted\train\tropical_rainforest\tropical_287.jpg
tropical_288.jpg,tropical_rainforest,train,C:\Users\USER\Desktop\ai_dataset\forestry_dataset_splitted\train\tropical_rainforest\tropical_288.jpg
tropical_289.jpg,tropical_rainforest,train,C:\Users\USER\Desktop\ai_dataset\forestry_dataset_splitted\train\tropical_rainforest\tropical_289.jpg
tropical_29.webp,tropical_rainforest,train,C:\Users\USER\Desktop\ai_dataset\forestry_dataset_splitted\train\tropical_rainforest\tropical_29.webp
tropical_290.jpg,tropical_rainforest,train,C:\Users\USER\Desktop\ai_dataset\forestry_dataset_splitted\train\tropical_rainforest\tropical_290.jpg
tropical_291.webp,tropical_rainforest,train,C:\Users\USER\Desktop\ai_dataset\forestry_dataset_splitted\train\tropical_rainforest\tropical_291.webp
tropical_292.jpg,tropical_rainforest,train,C:\Users\USER\Desktop\ai_dataset\forestry_dataset_splitted\train\tropical_rainforest\tropical_292.jpg
tropical_293.jpg,tropical_rainforest,train,C:\Users\USER\Desktop\ai_dataset\forestry_dataset_splitted\train\tropical_rainforest\tropical_293.jpg
tropical_294.jpg,tropical_rainforest,train,C:\Users\USER\Desktop\ai_dataset\forestry_dataset_splitted\train\tropical_rainforest\tropical_294.jpg
tropical_295.jpg,tropical_rainforest,train,C:\Users\USER\Desktop\ai_dataset\forestry_dataset_splitted\train\tropical_rainforest\tropical_295.jpg
tropical_296.jpg,tropical_rainforest,train,C:\Users\USER\Desktop\ai_dataset\forestry_dataset_splitted\train\tropical_rainforest\tropical_296.jpg
tropical_297.jpg,tropical_rainforest,train,C:\Users\USER\Desktop\ai_dataset\forestry_dataset_splitted\train\tropical_rainforest\tropical_297.jpg
tropical_298.jpg,tropical_rainforest,train,C:\Users\USER\Desktop\ai_dataset\forestry_dataset_splitted\train\tropical_rainforest\tropical_298.jpg
tropical_299.jpg,tropical_rainforest,train,C:\Users\USER\Desktop\ai_dataset\forestry_dataset_splitted\train\tropical_rainforest\tropical_299.jpg
tropical_3.jpg,tropical_rainforest,train,C:\Users\USER\Desktop\ai_dataset\forestry_dataset_splitted\train\tropical_rainforest\tropical_3.jpg
tropical_30.webp,tropical_rainforest,train,C:\Users\USER\Desktop\ai_dataset\forestry_dataset_splitted\train\tropical_rainforest\tropical_30.webp
tropical_300.webp,tropical_rainforest,train,C:\Users\USER\Desktop\ai_dataset\forestry_dataset_splitted\train\tropical_rainforest\tropical_300.webp
tropical_301.jpg,tropical_rainforest,train,C:\Users\USER\Desktop\ai_dataset\forestry_dataset_splitted\train\tropical_rainforest\tropical_301.jpg
tropical_302.jpg,tropical_rainforest,train,C:\Users\USER\Desktop\ai_dataset\forestry_dataset_splitted\train\tropical_rainforest\tropical_302.jpg
tropical_303.jpg,tropical_rainforest,train,C:\Users\USER\Desktop\ai_dataset\forestry_dataset_splitted\train\tropical_rainforest\tropical_303.jpg
tropical_304.jpg,tropical_rainforest,train,C:\Users\USER\Desktop\ai_dataset\forestry_dataset_splitted\train\tropical_rainforest\tropical_304.jpg
tropical_305.jpg,tropical_rainforest,train,C:\Users\USER\Desktop\ai_dataset\forestry_dataset_splitted\train\tropical_rainforest\tropical_305.jpg
tropical_306.jpg,tropical_rainforest,train,C:\Users\USER\Desktop\ai_dataset\forestry_dataset_splitted\train\tropical_rainforest\tropical_306.jpg
tropical_307.jpg,tropical_rainforest,train,C:\Users\USER\Desktop\ai_dataset\forestry_dataset_splitted\train\tropical_rainforest\tropical_307.jpg
tropical_308.jpg,tropical_rainforest,train,C:\Users\USER\Desktop\ai_dataset\forestry_dataset_splitted\train\tropical_rainforest\tropical_308.jpg
tropical_309.jpg,tropical_rainforest,train,C:\Users\USER\Desktop\ai_dataset\forestry_dataset_splitted\train\tropical_rainforest\tropical_309.jpg
tropical_31.jpg,tropical_rainforest,train,C:\Users\USER\Desktop\ai_dataset\forestry_dataset_splitted\train\tropical_rainforest\tropical_31.jpg
tropical_310.png,tropical_rainforest,train,C:\Users\USER\Desktop\ai_dataset\forestry_dataset_splitted\train\tropical_rainforest\tropical_310.png
tropical_311.webp,tropical_rainforest,train,C:\Users\USER\Desktop\ai_dataset\forestry_dataset_splitted\train\tropical_rainforest\tropical_311.webp
tropical_312.jpg,tropical_rainforest,train,C:\Users\USER\Desktop\ai_dataset\forestry_dataset_splitted\train\tropical_rainforest\tropical_312.jpg
tropical_313.webp,tropical_rainforest,train,C:\Users\USER\Desktop\ai_dataset\forestry_dataset_splitted\train\tropical_rainforest\tropical_313.webp
tropical_314.jpg,tropical_rainforest,train,C:\Users\USER\Desktop\ai_dataset\forestry_dataset_splitted\train\tropical_rainforest\tropical_314.jpg
tropical_315.webp,tropical_rainforest,train,C:\Users\USER\Desktop\ai_dataset\forestry_dataset_splitted\train\tropical_rainforest\tropical_315.webp
tropical_316.jpg,tropical_rainforest,train,C:\Users\USER\Desktop\ai_dataset\forestry_dataset_splitted\train\tropical_rainforest\tropical_316.jpg
tropical_317.jpg,tropical_rainforest,train,C:\Users\USER\Desktop\ai_dataset\forestry_dataset_splitted\train\tropical_rainforest\tropical_317.jpg
tropical_318.jpg,tropical_rainforest,train,C:\Users\USER\Desktop\ai_dataset\forestry_dataset_splitted\train\tropical_rainforest\tropical_318.jpg
tropical_319.jpg,tropical_rainforest,train,C:\Users\USER\Desktop\ai_dataset\forestry_dataset_splitted\train\tropical_rainforest\tropical_319.jpg
tropical_32.webp,tropical_rainforest,train,C:\Users\USER\Desktop\ai_dataset\forestry_dataset_splitted\train\tropical_rainforest\tropical_32.webp
tropical_320.webp,tropical_rainforest,train,C:\Users\USER\Desktop\ai_dataset\forestry_dataset_splitted\train\tropical_rainforest\tropical_320.webp
tropical_321.webp,tropical_rainforest,train,C:\Users\USER\Desktop\ai_dataset\forestry_dataset_splitted\train\tropical_rainforest\tropical_321.webp
tropical_322.jpg,tropical_rainforest,train,C:\Users\USER\Desktop\ai_dataset\forestry_dataset_splitted\train\tropical_rainforest\tropical_322.jpg
tropical_323.jpg,tropical_rainforest,train,C:\Users\USER\Desktop\ai_dataset\forestry_dataset_splitted\train\tropical_rainforest\tropical_323.jpg
tropical_324.jpg,tropical_rainforest,train,C:\Users\USER\Desktop\ai_dataset\forestry_dataset_splitted\train\tropical_rainforest\tropical_324.jpg
tropical_325.jpg,tropical_rainforest,train,C:\Users\USER\Desktop\ai_dataset\forestry_dataset_splitted\train\tropical_rainforest\tropical_325.jpg
tropical_326.jpg,tropical_rainforest,train,C:\Users\USER\Desktop\ai_dataset\forestry_dataset_splitted\train\tropical_rainforest\tropical_326.jpg
tropical_327.jpg,tropical_rainforest,train,C:\Users\USER\Desktop\ai_dataset\forestry_dataset_splitted\train\tropical_rainforest\tropical_327.jpg
tropical_328.jpg,tropical_rainforest,train,C:\Users\USER\Desktop\ai_dataset\forestry_dataset_splitted\train\tropical_rainforest\tropical_328.jpg
tropical_329.jpg,tropical_rainforest,train,C:\Users\USER\Desktop\ai_dataset\forestry_dataset_splitted\train\tropical_rainforest\tropical_329.jpg
tropical_33.webp,tropical_rainforest,train,C:\Users\USER\Desktop\ai_dataset\forestry_dataset_splitted\train\tropical_rainforest\tropical_33.webp
tropical_330.jpg,tropical_rainforest,train,C:\Users\USER\Desktop\ai_dataset\forestry_dataset_splitted\train\tropical_rainforest\tropical_330.jpg
tropical_331.webp,tropical_rainforest,train,C:\Users\USER\Desktop\ai_dataset\forestry_dataset_splitted\train\tropical_rainforest\tropical_331.webp
tropical_332.jpg,tropical_rainforest,train,C:\Users\USER\Desktop\ai_dataset\forestry_dataset_splitted\train\tropical_rainforest\tropical_332.jpg
tropical_333.jpg,tropical_rainforest,train,C:\Users\USER\Desktop\ai_dataset\forestry_dataset_splitted\train\tropical_rainforest\tropical_333.jpg
tropical_334.jpg,tropical_rainforest,train,C:\Users\USER\Desktop\ai_dataset\forestry_dataset_splitted\train\tropical_rainforest\tropical_334.jpg
tropical_335.jpg,tropical_rainforest,train,C:\Users\USER\Desktop\ai_dataset\forestry_dataset_splitted\train\tropical_rainforest\tropical_335.jpg
tropical_336.jpg,tropical_rainforest,train,C:\Users\USER\Desktop\ai_dataset\forestry_dataset_splitted\train\tropical_rainforest\tropical_336.jpg
tropical_337.jpg,tropical_rainforest,train,C:\Users\USER\Desktop\ai_dataset\forestry_dataset_splitted\train\tropical_rainforest\tropical_337.jpg
tropical_338.jpg,tropical_rainforest,train,C:\Users\USER\Desktop\ai_dataset\forestry_dataset_splitted\train\tropical_rainforest\tropical_338.jpg
tropical_339.jpg,tropical_rainforest,train,C:\Users\USER\Desktop\ai_dataset\forestry_dataset_splitted\train\tropical_rainforest\tropical_339.jpg
tropical_34.jpg,tropical_rainforest,train,C:\Users\USER\Desktop\ai_dataset\forestry_dataset_splitted\train\tropical_rainforest\tropical_34.jpg
tropical_340.jpg,tropical_rainforest,train,C:\Users\USER\Desktop\ai_dataset\forestry_dataset_splitted\train\tropical_rainforest\tropical_340.jpg
tropical_341.webp,tropical_rainforest,train,C:\Users\USER\Desktop\ai_dataset\forestry_dataset_splitted\train\tropical_rainforest\tropical_341.webp
tropical_342.jpg,tropical_rainforest,train,C:\Users\USER\Desktop\ai_dataset\forestry_dataset_splitted\train\tropical_rainforest\tropical_342.jpg
tropical_343.jpg,tropical_rainforest,train,C:\Users\USER\Desktop\ai_dataset\forestry_dataset_splitted\train\tropical_rainforest\tropical_343.jpg
tropical_344.jpg,tropical_rainforest,train,C:\Users\USER\Desktop\ai_dataset\forestry_dataset_splitted\train\tropical_rainforest\tropical_344.jpg
tropical_345.jpg,tropical_rainforest,train,C:\Users\USER\Desktop\ai_dataset\forestry_dataset_splitted\train\tropical_rainforest\tropical_345.jpg
tropical_346.jpg,tropical_rainforest,train,C:\Users\USER\Desktop\ai_dataset\forestry_dataset_splitted\train\tropical_rainforest\tropical_346.jpg
tropical_347.jpg,tropical_rainforest,train,C:\Users\USER\Desktop\ai_dataset\forestry_dataset_splitted\train\tropical_rainforest\tropical_347.jpg
tropical_348.jpg,tropical_rainforest,train,C:\Users\USER\Desktop\ai_dataset\forestry_dataset_splitted\train\tropical_rainforest\tropical_348.jpg
tropical_349.jpg,tropical_rainforest,train,C:\Users\USER\Desktop\ai_dataset\forestry_dataset_splitted\train\tropical_rainforest\tropical_349.jpg
tropical_35.jpg,tropical_rainforest,train,C:\Users\USER\Desktop\ai_dataset\forestry_dataset_splitted\train\tropical_rainforest\tropical_35.jpg
tropical_350.jpg,tropical_rainforest,train,C:\Users\USER\Desktop\ai_dataset\forestry_dataset_splitted\train\tropical_rainforest\tropical_350.jpg
tropical_351.jpg,tropical_rainforest,train,C:\Users\USER\Desktop\ai_dataset\forestry_dataset_splitted\train\tropical_rainforest\tropical_351.jpg
tropical_352.jpg,tropical_rainforest,train,C:\Users\USER\Desktop\ai_dataset\forestry_dataset_splitted\train\tropical_rainforest\tropical_352.jpg
tropical_353.webp,tropical_rainforest,train,C:\Users\USER\Desktop\ai_dataset\forestry_dataset_splitted\train\tropical_rainforest\tropical_353.webp
tropical_354.jpg,tropical_rainforest,train,C:\Users\USER\Desktop\ai_dataset\forestry_dataset_splitted\train\tropical_rainforest\tropical_354.jpg
tropical_355.jpg,tropical_rainforest,train,C:\Users\USER\Desktop\ai_dataset\forestry_dataset_splitted\train\tropical_rainforest\tropical_355.jpg
tropical_356.webp,tropical_rainforest,train,C:\Users\USER\Desktop\ai_dataset\forestry_dataset_splitted\train\tropical_rainforest\tropical_356.webp
tropical_357.jpg,tropical_rainforest,train,C:\Users\USER\Desktop\ai_dataset\forestry_dataset_splitted\train\tropical_rainforest\tropical_357.jpg
tropical_358.webp,tropical_rainforest,train,C:\Users\USER\Desktop\ai_dataset\forestry_dataset_splitted\train\tropical_rainforest\tropical_358.webp
tropical_359.jpg,tropical_rainforest,train,C:\Users\USER\Desktop\ai_dataset\forestry_dataset_splitted\train\tropical_rainforest\tropical_359.jpg
tropical_36.jpg,tropical_rainforest,train,C:\Users\USER\Desktop\ai_dataset\forestry_dataset_splitted\train\tropical_rainforest\tropical_36.jpg
tropical_360.jpg,tropical_rainforest,train,C:\Users\USER\Desktop\ai_dataset\forestry_dataset_splitted\train\tropical_rainforest\tropical_360.jpg
tropical_361.jpg,tropical_rainforest,train,C:\Users\USER\Desktop\ai_dataset\forestry_dataset_splitted\train\tropical_rainforest\tropical_361.jpg
tropical_362.jpg,tropical_rainforest,train,C:\Users\USER\Desktop\ai_dataset\forestry_dataset_splitted\train\tropical_rainforest\tropical_362.jpg
tropical_363.jpg,tropical_rainforest,train,C:\Users\USER\Desktop\ai_dataset\forestry_dataset_splitted\train\tropical_rainforest\tropical_363.jpg
tropical_364.jpg,tropical_rainforest,train,C:\Users\USER\Desktop\ai_dataset\forestry_dataset_splitted\train\tropical_rainforest\tropical_364.jpg
tropical_365.webp,tropical_rainforest,train,C:\Users\USER\Desktop\ai_dataset\forestry_dataset_splitted\train\tropical_rainforest\tropical_365.webp
tropical_366.jpg,tropical_rainforest,train,C:\Users\USER\Desktop\ai_dataset\forestry_dataset_splitted\train\tropical_rainforest\tropical_366.jpg
tropical_367.jpg,tropical_rainforest,train,C:\Users\USER\Desktop\ai_dataset\forestry_dataset_splitted\train\tropical_rainforest\tropical_367.jpg
tropical_368.jpg,tropical_rainforest,train,C:\Users\USER\Desktop\ai_dataset\forestry_dataset_splitted\train\tropical_rainforest\tropical_368.jpg
tropical_369.jpg,tropical_rainforest,train,C:\Users\USER\Desktop\ai_dataset\forestry_dataset_splitted\train\tropical_rainforest\tropical_369.jpg
tropical_37.webp,tropical_rainforest,train,C:\Users\USER\Desktop\ai_dataset\forestry_dataset_splitted\train\tropical_rainforest\tropical_37.webp
tropical_370.jpg,tropical_rainforest,train,C:\Users\USER\Desktop\ai_dataset\forestry_dataset_splitted\train\tropical_rainforest\tropical_370.jpg
tropical_371.jpg,tropical_rainforest,train,C:\Users\USER\Desktop\ai_dataset\forestry_dataset_splitted\train\tropical_rainforest\tropical_371.jpg
tropical_372.jpg,tropical_rainforest,train,C:\Users\USER\Desktop\ai_dataset\forestry_dataset_splitted\train\tropical_rainforest\tropical_372.jpg
tropical_373.webp,tropical_rainforest,train,C:\Users\USER\Desktop\ai_dataset\forestry_dataset_splitted\train\tropical_rainforest\tropical_373.webp
tropical_374.png,tropical_rainforest,train,C:\Users\USER\Desktop\ai_dataset\forestry_dataset_splitted\train\tropical_rainforest\tropical_374.png
tropical_375.jpg,tropical_rainforest,train,C:\Users\USER\Desktop\ai_dataset\forestry_dataset_splitted\train\tropical_rainforest\tropical_375.jpg
tropical_376.jpg,tropical_rainforest,train,C:\Users\USER\Desktop\ai_dataset\forestry_dataset_splitted\train\tropical_rainforest\tropical_376.jpg
tropical_377.jpg,tropical_rainforest,train,C:\Users\USER\Desktop\ai_dataset\forestry_dataset_splitted\train\tropical_rainforest\tropical_377.jpg
tropical_378.jpg,tropical_rainforest,train,C:\Users\USER\Desktop\ai_dataset\forestry_dataset_splitted\train\tropical_rainforest\tropical_378.jpg
tropical_379.jpg,tropical_rainforest,train,C:\Users\USER\Desktop\ai_dataset\forestry_dataset_splitted\train\tropical_rainforest\tropical_379.jpg
tropical_38.jpg,tropical_rainforest,train,C:\Users\USER\Desktop\ai_dataset\forestry_dataset_splitted\train\tropical_rainforest\tropical_38.jpg
tropical_380.jpg,tropical_rainforest,train,C:\Users\USER\Desktop\ai_dataset\forestry_dataset_splitted\train\tropical_rainforest\tropical_380.jpg
tropical_381.jpg,tropical_rainforest,train,C:\Users\USER\Desktop\ai_dataset\forestry_dataset_splitted\train\tropical_rainforest\tropical_381.jpg
tropical_382.png,tropical_rainforest,train,C:\Users\USER\Desktop\ai_dataset\forestry_dataset_splitted\train\tropical_rainforest\tropical_382.png
tropical_383.jpg,tropical_rainforest,train,C:\Users\USER\Desktop\ai_dataset\forestry_dataset_splitted\train\tropical_rainforest\tropical_383.jpg
tropical_384.jpg,tropical_rainforest,train,C:\Users\USER\Desktop\ai_dataset\forestry_dataset_splitted\train\tropical_rainforest\tropical_384.jpg
tropical_385.jpg,tropical_rainforest,train,C:\Users\USER\Desktop\ai_dataset\forestry_dataset_splitted\train\tropical_rainforest\tropical_385.jpg
tropical_386.jpg,tropical_rainforest,train,C:\Users\USER\Desktop\ai_dataset\forestry_dataset_splitted\train\tropical_rainforest\tropical_386.jpg
tropical_387.webp,tropical_rainforest,train,C:\Users\USER\Desktop\ai_dataset\forestry_dataset_splitted\train\tropical_rainforest\tropical_387.webp
tropical_388.jpg,tropical_rainforest,train,C:\Users\USER\Desktop\ai_dataset\forestry_dataset_splitted\train\tropical_rainforest\tropical_388.jpg
tropical_389.jpg,tropical_rainforest,train,C:\Users\USER\Desktop\ai_dataset\forestry_dataset_splitted\train\tropical_rainforest\tropical_389.jpg
tropical_39.jpg,tropical_rainforest,train,C:\Users\USER\Desktop\ai_dataset\forestry_dataset_splitted\train\tropical_rainforest\tropical_39.jpg
tropical_390.jpg,tropical_rainforest,train,C:\Users\USER\Desktop\ai_dataset\forestry_dataset_splitted\train\tropical_rainforest\tropical_390.jpg
tropical_391.jpg,tropical_rainforest,train,C:\Users\USER\Desktop\ai_dataset\forestry_dataset_splitted\train\tropical_rainforest\tropical_391.jpg
tropical_392.webp,tropical_rainforest,train,C:\Users\USER\Desktop\ai_dataset\forestry_dataset_splitted\train\tropical_rainforest\tropical_392.webp
tropical_393.jpg,tropical_rainforest,train,C:\Users\USER\Desktop\ai_dataset\forestry_dataset_splitted\train\tropical_rainforest\tropical_393.jpg
tropical_394.jpg,tropical_rainforest,train,C:\Users\USER\Desktop\ai_dataset\forestry_dataset_splitted\train\tropical_rainforest\tropical_394.jpg
tropical_395.jpg,tropical_rainforest,train,C:\Users\USER\Desktop\ai_dataset\forestry_dataset_splitted\train\tropical_rainforest\tropical_395.jpg
tropical_396.jpg,tropical_rainforest,train,C:\Users\USER\Desktop\ai_dataset\forestry_dataset_splitted\train\tropical_rainforest\tropical_396.jpg
tropical_397.webp,tropical_rainforest,train,C:\Users\USER\Desktop\ai_dataset\forestry_dataset_splitted\train\tropical_rainforest\tropical_397.webp
tropical_398.jpg,tropical_rainforest,train,C:\Users\USER\Desktop\ai_dataset\forestry_dataset_splitted\train\tropical_rainforest\tropical_398.jpg
tropical_399.jpg,tropical_rainforest,train,C:\Users\USER\Desktop\ai_dataset\forestry_dataset_splitted\train\tropical_rainforest\tropical_399.jpg
tropical_4.jpg,tropical_rainforest,train,C:\Users\USER\Desktop\ai_dataset\forestry_dataset_splitted\train\tropical_rainforest\tropical_4.jpg
tropical_40.jpg,tropical_rainforest,train,C:\Users\USER\Desktop\ai_dataset\forestry_dataset_splitted\train\tropical_rainforest\tropical_40.jpg
tropical_400.webp,tropical_rainforest,train,C:\Users\USER\Desktop\ai_dataset\forestry_dataset_splitted\train\tropical_rainforest\tropical_400.webp
tropical_401.webp,tropical_rainforest,train,C:\Users\USER\Desktop\ai_dataset\forestry_dataset_splitted\train\tropical_rainforest\tropical_401.webp
tropical_402.webp,tropical_rainforest,train,C:\Users\USER\Desktop\ai_dataset\forestry_dataset_splitted\train\tropical_rainforest\tropical_402.webp
tropical_403.jpg,tropical_rainforest,train,C:\Users\USER\Desktop\ai_dataset\forestry_dataset_splitted\train\tropical_rainforest\tropical_403.jpg
tropical_404.jpg,tropical_rainforest,train,C:\Users\USER\Desktop\ai_dataset\forestry_dataset_splitted\train\tropical_rainforest\tropical_404.jpg
tropical_405.jpg,tropical_rainforest,train,C:\Users\USER\Desktop\ai_dataset\forestry_dataset_splitted\train\tropical_rainforest\tropical_405.jpg
tropical_406.jpg,tropical_rainforest,train,C:\Users\USER\Desktop\ai_dataset\forestry_dataset_splitted\train\tropical_rainforest\tropical_406.jpg
tropical_407.jpg,tropical_rainforest,train,C:\Users\USER\Desktop\ai_dataset\forestry_dataset_splitted\train\tropical_rainforest\tropical_407.jpg
tropical_408.jpg,tropical_rainforest,train,C:\Users\USER\Desktop\ai_dataset\forestry_dataset_splitted\train\tropical_rainforest\tropical_408.jpg
tropical_409.jpg,tropical_rainforest,train,C:\Users\USER\Desktop\ai_dataset\forestry_dataset_splitted\train\tropical_rainforest\tropical_409.jpg
tropical_41.jpg,tropical_rainforest,train,C:\Users\USER\Desktop\ai_dataset\forestry_dataset_splitted\train\tropical_rainforest\tropical_41.jpg
tropical_410.jpg,tropical_rainforest,train,C:\Users\USER\Desktop\ai_dataset\forestry_dataset_splitted\train\tropical_rainforest\tropical_410.jpg
tropical_411.jpg,tropical_rainforest,train,C:\Users\USER\Desktop\ai_dataset\forestry_dataset_splitted\train\tropical_rainforest\tropical_411.jpg
tropical_412.jpg,tropical_rainforest,train,C:\Users\USER\Desktop\ai_dataset\forestry_dataset_splitted\train\tropical_rainforest\tropical_412.jpg
tropical_413.jpg,tropical_rainforest,train,C:\Users\USER\Desktop\ai_dataset\forestry_dataset_splitted\train\tropical_rainforest\tropical_413.jpg
tropical_414.jpg,tropical_rainforest,train,C:\Users\USER\Desktop\ai_dataset\forestry_dataset_splitted\train\tropical_rainforest\tropical_414.jpg
tropical_415.jpg,tropical_rainforest,train,C:\Users\USER\Desktop\ai_dataset\forestry_dataset_splitted\train\tropical_rainforest\tropical_415.jpg
tropical_416.jpg,tropical_rainforest,train,C:\Users\USER\Desktop\ai_dataset\forestry_dataset_splitted\train\tropical_rainforest\tropical_416.jpg
tropical_417.jpg,tropical_rainforest,train,C:\Users\USER\Desktop\ai_dataset\forestry_dataset_splitted\train\tropical_rainforest\tropical_417.jpg
tropical_418.jpg,tropical_rainforest,train,C:\Users\USER\Desktop\ai_dataset\forestry_dataset_splitted\train\tropical_rainforest\tropical_418.jpg
tropical_419.jpg,tropical_rainforest,train,C:\Users\USER\Desktop\ai_dataset\forestry_dataset_splitted\train\tropical_rainforest\tropical_419.jpg
tropical_42.webp,tropical_rainforest,train,C:\Users\USER\Desktop\ai_dataset\forestry_dataset_splitted\train\tropical_rainforest\tropical_42.webp
tropical_420.jpg,tropical_rainforest,train,C:\Users\USER\Desktop\ai_dataset\forestry_dataset_splitted\train\tropical_rainforest\tropical_420.jpg
tropical_421.webp,tropical_rainforest,train,C:\Users\USER\Desktop\ai_dataset\forestry_dataset_splitted\train\tropical_rainforest\tropical_421.webp
tropical_422.jpg,tropical_rainforest,train,C:\Users\USER\Desktop\ai_dataset\forestry_dataset_splitted\train\tropical_rainforest\tropical_422.jpg
tropical_423.jpg,tropical_rainforest,train,C:\Users\USER\Desktop\ai_dataset\forestry_dataset_splitted\train\tropical_rainforest\tropical_423.jpg
tropical_424.jpg,tropical_rainforest,train,C:\Users\USER\Desktop\ai_dataset\forestry_dataset_splitted\train\tropical_rainforest\tropical_424.jpg
tropical_425.jpg,tropical_rainforest,train,C:\Users\USER\Desktop\ai_dataset\forestry_dataset_splitted\train\tropical_rainforest\tropical_425.jpg
tropical_426.jpg,tropical_rainforest,train,C:\Users\USER\Desktop\ai_dataset\forestry_dataset_splitted\train\tropical_rainforest\tropical_426.jpg
tropical_427.webp,tropical_rainforest,train,C:\Users\USER\Desktop\ai_dataset\forestry_dataset_splitted\train\tropical_rainforest\tropical_427.webp
tropical_428.jpg,tropical_rainforest,train,C:\Users\USER\Desktop\ai_dataset\forestry_dataset_splitted\train\tropical_rainforest\tropical_428.jpg
tropical_429.jpg,tropical_rainforest,train,C:\Users\USER\Desktop\ai_dataset\forestry_dataset_splitted\train\tropical_rainforest\tropical_429.jpg
tropical_43.jpg,tropical_rainforest,train,C:\Users\USER\Desktop\ai_dataset\forestry_dataset_splitted\train\tropical_rainforest\tropical_43.jpg
tropical_430.jpg,tropical_rainforest,train,C:\Users\USER\Desktop\ai_dataset\forestry_dataset_splitted\train\tropical_rainforest\tropical_430.jpg
tropical_431.jpg,tropical_rainforest,train,C:\Users\USER\Desktop\ai_dataset\forestry_dataset_splitted\train\tropical_rainforest\tropical_431.jpg
tropical_432.jpg,tropical_rainforest,train,C:\Users\USER\Desktop\ai_dataset\forestry_dataset_splitted\train\tropical_rainforest\tropical_432.jpg
tropical_433.jpg,tropical_rainforest,train,C:\Users\USER\Desktop\ai_dataset\forestry_dataset_splitted\train\tropical_rainforest\tropical_433.jpg
tropical_434.jpg,tropical_rainforest,train,C:\Users\USER\Desktop\ai_dataset\forestry_dataset_splitted\train\tropical_rainforest\tropical_434.jpg
tropical_435.jpg,tropical_rainforest,train,C:\Users\USER\Desktop\ai_dataset\forestry_dataset_splitted\train\tropical_rainforest\tropical_435.jpg
tropical_436.jpg,tropical_rainforest,train,C:\Users\USER\Desktop\ai_dataset\forestry_dataset_splitted\train\tropical_rainforest\tropical_436.jpg
tropical_437.jpg,tropical_rainforest,train,C:\Users\USER\Desktop\ai_dataset\forestry_dataset_splitted\train\tropical_rainforest\tropical_437.jpg
tropical_438.jpg,tropical_rainforest,train,C:\Users\USER\Desktop\ai_dataset\forestry_dataset_splitted\train\tropical_rainforest\tropical_438.jpg
tropical_439.jpg,tropical_rainforest,train,C:\Users\USER\Desktop\ai_dataset\forestry_dataset_splitted\train\tropical_rainforest\tropical_439.jpg
tropical_44.webp,tropical_rainforest,train,C:\Users\USER\Desktop\ai_dataset\forestry_dataset_splitted\train\tropical_rainforest\tropical_44.webp
tropical_440.jpg,tropical_rainforest,train,C:\Users\USER\Desktop\ai_dataset\forestry_dataset_splitted\train\tropical_rainforest\tropical_440.jpg
tropical_441.webp,tropical_rainforest,train,C:\Users\USER\Desktop\ai_dataset\forestry_dataset_splitted\train\tropical_rainforest\tropical_441.webp
tropical_442.webp,tropical_rainforest,train,C:\Users\USER\Desktop\ai_dataset\forestry_dataset_splitted\train\tropical_rainforest\tropical_442.webp
tropical_443.jpg,tropical_rainforest,train,C:\Users\USER\Desktop\ai_dataset\forestry_dataset_splitted\train\tropical_rainforest\tropical_443.jpg
tropical_444.jpg,tropical_rainforest,train,C:\Users\USER\Desktop\ai_dataset\forestry_dataset_splitted\train\tropical_rainforest\tropical_444.jpg
tropical_445.png,tropical_rainforest,train,C:\Users\USER\Desktop\ai_dataset\forestry_dataset_splitted\train\tropical_rainforest\tropical_445.png
tropical_446.jpg,tropical_rainforest,train,C:\Users\USER\Desktop\ai_dataset\forestry_dataset_splitted\train\tropical_rainforest\tropical_446.jpg
tropical_447.jpg,tropical_rainforest,train,C:\Users\USER\Desktop\ai_dataset\forestry_dataset_splitted\train\tropical_rainforest\tropical_447.jpg
tropical_448.jpg,tropical_rainforest,train,C:\Users\USER\Desktop\ai_dataset\forestry_dataset_splitted\train\tropical_rainforest\tropical_448.jpg
tropical_449.jpg,tropical_rainforest,train,C:\Users\USER\Desktop\ai_dataset\forestry_dataset_splitted\train\tropical_rainforest\tropical_449.jpg
tropical_45.jpg,tropical_rainforest,train,C:\Users\USER\Desktop\ai_dataset\forestry_dataset_splitted\train\tropical_rainforest\tropical_45.jpg
tropical_450.jpg,tropical_rainforest,train,C:\Users\USER\Desktop\ai_dataset\forestry_dataset_splitted\train\tropical_rainforest\tropical_450.jpg
tropical_451.jpg,tropical_rainforest,train,C:\Users\USER\Desktop\ai_dataset\forestry_dataset_splitted\train\tropical_rainforest\tropical_451.jpg
tropical_452.jpg,tropical_rainforest,train,C:\Users\USER\Desktop\ai_dataset\forestry_dataset_splitted\train\tropical_rainforest\tropical_452.jpg
tropical_453.webp,tropical_rainforest,train,C:\Users\USER\Desktop\ai_dataset\forestry_dataset_splitted\train\tropical_rainforest\tropical_453.webp
tropical_454.jpg,tropical_rainforest,train,C:\Users\USER\Desktop\ai_dataset\forestry_dataset_splitted\train\tropical_rainforest\tropical_454.jpg
tropical_455.jpg,tropical_rainforest,train,C:\Users\USER\Desktop\ai_dataset\forestry_dataset_splitted\train\tropical_rainforest\tropical_455.jpg
tropical_456.jpg,tropical_rainforest,train,C:\Users\USER\Desktop\ai_dataset\forestry_dataset_splitted\train\tropical_rainforest\tropical_456.jpg
tropical_457.png,tropical_rainforest,train,C:\Users\USER\Desktop\ai_dataset\forestry_dataset_splitted\train\tropical_rainforest\tropical_457.png
tropical_458.jpg,tropical_rainforest,train,C:\Users\USER\Desktop\ai_dataset\forestry_dataset_splitted\train\tropical_rainforest\tropical_458.jpg
tropical_459.jpg,tropical_rainforest,train,C:\Users\USER\Desktop\ai_dataset\forestry_dataset_splitted\train\tropical_rainforest\tropical_459.jpg
tropical_46.webp,tropical_rainforest,train,C:\Users\USER\Desktop\ai_dataset\forestry_dataset_splitted\train\tropical_rainforest\tropical_46.webp
tropical_460.jpg,tropical_rainforest,train,C:\Users\USER\Desktop\ai_dataset\forestry_dataset_splitted\train\tropical_rainforest\tropical_460.jpg
tropical_461.jpg,tropical_rainforest,train,C:\Users\USER\Desktop\ai_dataset\forestry_dataset_splitted\train\tropical_rainforest\tropical_461.jpg
tropical_462.jpg,tropical_rainforest,train,C:\Users\USER\Desktop\ai_dataset\forestry_dataset_splitted\train\tropical_rainforest\tropical_462.jpg
tropical_463.webp,tropical_rainforest,train,C:\Users\USER\Desktop\ai_dataset\forestry_dataset_splitted\train\tropical_rainforest\tropical_463.webp
tropical_464.webp,tropical_rainforest,train,C:\Users\USER\Desktop\ai_dataset\forestry_dataset_splitted\train\tropical_rainforest\tropical_464.webp
tropical_465.jpg,tropical_rainforest,train,C:\Users\USER\Desktop\ai_dataset\forestry_dataset_splitted\train\tropical_rainforest\tropical_465.jpg
tropical_466.jpg,tropical_rainforest,train,C:\Users\USER\Desktop\ai_dataset\forestry_dataset_splitted\train\tropical_rainforest\tropical_466.jpg
tropical_467.jpg,tropical_rainforest,train,C:\Users\USER\Desktop\ai_dataset\forestry_dataset_splitted\train\tropical_rainforest\tropical_467.jpg
tropical_468.webp,tropical_rainforest,train,C:\Users\USER\Desktop\ai_dataset\forestry_dataset_splitted\train\tropical_rainforest\tropical_468.webp
tropical_469.jpg,tropical_rainforest,train,C:\Users\USER\Desktop\ai_dataset\forestry_dataset_splitted\train\tropical_rainforest\tropical_469.jpg
tropical_47.webp,tropical_rainforest,train,C:\Users\USER\Desktop\ai_dataset\forestry_dataset_splitted\train\tropical_rainforest\tropical_47.webp
tropical_470.jpg,tropical_rainforest,train,C:\Users\USER\Desktop\ai_dataset\forestry_dataset_splitted\train\tropical_rainforest\tropical_470.jpg
tropical_471.jpg,tropical_rainforest,train,C:\Users\USER\Desktop\ai_dataset\forestry_dataset_splitted\train\tropical_rainforest\tropical_471.jpg
tropical_472.webp,tropical_rainforest,train,C:\Users\USER\Desktop\ai_dataset\forestry_dataset_splitted\train\tropical_rainforest\tropical_472.webp
tropical_473.jpg,tropical_rainforest,train,C:\Users\USER\Desktop\ai_dataset\forestry_dataset_splitted\train\tropical_rainforest\tropical_473.jpg
tropical_474.jpg,tropical_rainforest,train,C:\Users\USER\Desktop\ai_dataset\forestry_dataset_splitted\train\tropical_rainforest\tropical_474.jpg
tropical_475.jpg,tropical_rainforest,train,C:\Users\USER\Desktop\ai_dataset\forestry_dataset_splitted\train\tropical_rainforest\tropical_475.jpg
tropical_476.jpg,tropical_rainforest,train,C:\Users\USER\Desktop\ai_dataset\forestry_dataset_splitted\train\tropical_rainforest\tropical_476.jpg
tropical_477.jpg,tropical_rainforest,train,C:\Users\USER\Desktop\ai_dataset\forestry_dataset_splitted\train\tropical_rainforest\tropical_477.jpg
tropical_478.jpg,tropical_rainforest,train,C:\Users\USER\Desktop\ai_dataset\forestry_dataset_splitted\train\tropical_rainforest\tropical_478.jpg
tropical_479.png,tropical_rainforest,train,C:\Users\USER\Desktop\ai_dataset\forestry_dataset_splitted\train\tropical_rainforest\tropical_479.png
tropical_48.webp,tropical_rainforest,train,C:\Users\USER\Desktop\ai_dataset\forestry_dataset_splitted\train\tropical_rainforest\tropical_48.webp
tropical_480.jpg,tropical_rainforest,train,C:\Users\USER\Desktop\ai_dataset\forestry_dataset_splitted\train\tropical_rainforest\tropical_480.jpg
tropical_481.jpg,tropical_rainforest,train,C:\Users\USER\Desktop\ai_dataset\forestry_dataset_splitted\train\tropical_rainforest\tropical_481.jpg
tropical_482.jpg,tropical_rainforest,train,C:\Users\USER\Desktop\ai_dataset\forestry_dataset_splitted\train\tropical_rainforest\tropical_482.jpg
tropical_483.jpg,tropical_rainforest,train,C:\Users\USER\Desktop\ai_dataset\forestry_dataset_splitted\train\tropical_rainforest\tropical_483.jpg
tropical_484.jpg,tropical_rainforest,train,C:\Users\USER\Desktop\ai_dataset\forestry_dataset_splitted\train\tropical_rainforest\tropical_484.jpg
tropical_485.jpg,tropical_rainforest,train,C:\Users\USER\Desktop\ai_dataset\forestry_dataset_splitted\train\tropical_rainforest\tropical_485.jpg
tropical_486.jpg,tropical_rainforest,train,C:\Users\USER\Desktop\ai_dataset\forestry_dataset_splitted\train\tropical_rainforest\tropical_486.jpg
tropical_487.png,tropical_rainforest,train,C:\Users\USER\Desktop\ai_dataset\forestry_dataset_splitted\train\tropical_rainforest\tropical_487.png
tropical_488.jpg,tropical_rainforest,train,C:\Users\USER\Desktop\ai_dataset\forestry_dataset_splitted\train\tropical_rainforest\tropical_488.jpg
tropical_489.jpg,tropical_rainforest,train,C:\Users\USER\Desktop\ai_dataset\forestry_dataset_splitted\train\tropical_rainforest\tropical_489.jpg
tropical_49.jpg,tropical_rainforest,train,C:\Users\USER\Desktop\ai_dataset\forestry_dataset_splitted\train\tropical_rainforest\tropical_49.jpg
tropical_490.jpg,tropical_rainforest,train,C:\Users\USER\Desktop\ai_dataset\forestry_dataset_splitted\train\tropical_rainforest\tropical_490.jpg
tropical_491.jpg,tropical_rainforest,train,C:\Users\USER\Desktop\ai_dataset\forestry_dataset_splitted\train\tropical_rainforest\tropical_491.jpg
tropical_492.jpg,tropical_rainforest,train,C:\Users\USER\Desktop\ai_dataset\forestry_dataset_splitted\train\tropical_rainforest\tropical_492.jpg
tropical_493.webp,tropical_rainforest,train,C:\Users\USER\Desktop\ai_dataset\forestry_dataset_splitted\train\tropical_rainforest\tropical_493.webp
tropical_494.jpg,tropical_rainforest,train,C:\Users\USER\Desktop\ai_dataset\forestry_dataset_splitted\train\tropical_rainforest\tropical_494.jpg
tropical_495.webp,tropical_rainforest,train,C:\Users\USER\Desktop\ai_dataset\forestry_dataset_splitted\train\tropical_rainforest\tropical_495.webp
tropical_496.jpg,tropical_rainforest,train,C:\Users\USER\Desktop\ai_dataset\forestry_dataset_splitted\train\tropical_rainforest\tropical_496.jpg
tropical_497.webp,tropical_rainforest,train,C:\Users\USER\Desktop\ai_dataset\forestry_dataset_splitted\train\tropical_rainforest\tropical_497.webp
tropical_498.jpg,tropical_rainforest,train,C:\Users\USER\Desktop\ai_dataset\forestry_dataset_splitted\train\tropical_rainforest\tropical_498.jpg
tropical_499.jpg,tropical_rainforest,train,C:\Users\USER\Desktop\ai_dataset\forestry_dataset_splitted\train\tropical_rainforest\tropical_499.jpg
tropical_5.jpg,tropical_rainforest,train,C:\Users\USER\Desktop\ai_dataset\forestry_dataset_splitted\train\tropical_rainforest\tropical_5.jpg
tropical_50.jpg,tropical_rainforest,train,C:\Users\USER\Desktop\ai_dataset\forestry_dataset_splitted\train\tropical_rainforest\tropical_50.jpg
tropical_500.jpg,tropical_rainforest,train,C:\Users\USER\Desktop\ai_dataset\forestry_dataset_splitted\train\tropical_rainforest\tropical_500.jpg
tropical_501.webp,tropical_rainforest,train,C:\Users\USER\Desktop\ai_dataset\forestry_dataset_splitted\train\tropical_rainforest\tropical_501.webp
tropical_502.jpg,tropical_rainforest,train,C:\Users\USER\Desktop\ai_dataset\forestry_dataset_splitted\train\tropical_rainforest\tropical_502.jpg
tropical_503.jpg,tropical_rainforest,train,C:\Users\USER\Desktop\ai_dataset\forestry_dataset_splitted\train\tropical_rainforest\tropical_503.jpg
tropical_504.jpg,tropical_rainforest,train,C:\Users\USER\Desktop\ai_dataset\forestry_dataset_splitted\train\tropical_rainforest\tropical_504.jpg
tropical_505.webp,tropical_rainforest,train,C:\Users\USER\Desktop\ai_dataset\forestry_dataset_splitted\train\tropical_rainforest\tropical_505.webp
tropical_506.jpg,tropical_rainforest,train,C:\Users\USER\Desktop\ai_dataset\forestry_dataset_splitted\train\tropical_rainforest\tropical_506.jpg
tropical_507.webp,tropical_rainforest,train,C:\Users\USER\Desktop\ai_dataset\forestry_dataset_splitted\train\tropical_rainforest\tropical_507.webp
tropical_508.jpg,tropical_rainforest,train,C:\Users\USER\Desktop\ai_dataset\forestry_dataset_splitted\train\tropical_rainforest\tropical_508.jpg
tropical_509.jpg,tropical_rainforest,train,C:\Users\USER\Desktop\ai_dataset\forestry_dataset_splitted\train\tropical_rainforest\tropical_509.jpg
tropical_51.jpg,tropical_rainforest,train,C:\Users\USER\Desktop\ai_dataset\forestry_dataset_splitted\train\tropical_rainforest\tropical_51.jpg
tropical_510.jpg,tropical_rainforest,train,C:\Users\USER\Desktop\ai_dataset\forestry_dataset_splitted\train\tropical_rainforest\tropical_510.jpg
tropical_511.webp,tropical_rainforest,train,C:\Users\USER\Desktop\ai_dataset\forestry_dataset_splitted\train\tropical_rainforest\tropical_511.webp
tropical_512.jpg,tropical_rainforest,train,C:\Users\USER\Desktop\ai_dataset\forestry_dataset_splitted\train\tropical_rainforest\tropical_512.jpg
tropical_513.jpg,tropical_rainforest,train,C:\Users\USER\Desktop\ai_dataset\forestry_dataset_splitted\train\tropical_rainforest\tropical_513.jpg
tropical_514.jpg,tropical_rainforest,train,C:\Users\USER\Desktop\ai_dataset\forestry_dataset_splitted\train\tropical_rainforest\tropical_514.jpg
tropical_515.jpg,tropical_rainforest,train,C:\Users\USER\Desktop\ai_dataset\forestry_dataset_splitted\train\tropical_rainforest\tropical_515.jpg
tropical_516.webp,tropical_rainforest,train,C:\Users\USER\Desktop\ai_dataset\forestry_dataset_splitted\train\tropical_rainforest\tropical_516.webp
tropical_517.jpg,tropical_rainforest,train,C:\Users\USER\Desktop\ai_dataset\forestry_dataset_splitted\train\tropical_rainforest\tropical_517.jpg
tropical_518.webp,tropical_rainforest,train,C:\Users\USER\Desktop\ai_dataset\forestry_dataset_splitted\train\tropical_rainforest\tropical_518.webp
tropical_519.jpg,tropical_rainforest,train,C:\Users\USER\Desktop\ai_dataset\forestry_dataset_splitted\train\tropical_rainforest\tropical_519.jpg
tropical_52.jpg,tropical_rainforest,train,C:\Users\USER\Desktop\ai_dataset\forestry_dataset_splitted\train\tropical_rainforest\tropical_52.jpg
tropical_520.webp,tropical_rainforest,train,C:\Users\USER\Desktop\ai_dataset\forestry_dataset_splitted\train\tropical_rainforest\tropical_520.webp
tropical_521.jpg,tropical_rainforest,train,C:\Users\USER\Desktop\ai_dataset\forestry_dataset_splitted\train\tropical_rainforest\tropical_521.jpg
tropical_522.jpg,tropical_rainforest,train,C:\Users\USER\Desktop\ai_dataset\forestry_dataset_splitted\train\tropical_rainforest\tropical_522.jpg
tropical_523.jpg,tropical_rainforest,train,C:\Users\USER\Desktop\ai_dataset\forestry_dataset_splitted\train\tropical_rainforest\tropical_523.jpg
tropical_524.jpg,tropical_rainforest,train,C:\Users\USER\Desktop\ai_dataset\forestry_dataset_splitted\train\tropical_rainforest\tropical_524.jpg
tropical_525.jpg,tropical_rainforest,train,C:\Users\USER\Desktop\ai_dataset\forestry_dataset_splitted\train\tropical_rainforest\tropical_525.jpg
tropical_526.jpg,tropical_rainforest,train,C:\Users\USER\Desktop\ai_dataset\forestry_dataset_splitted\train\tropical_rainforest\tropical_526.jpg
tropical_527.jpg,tropical_rainforest,train,C:\Users\USER\Desktop\ai_dataset\forestry_dataset_splitted\train\tropical_rainforest\tropical_527.jpg
tropical_528.jpg,tropical_rainforest,train,C:\Users\USER\Desktop\ai_dataset\forestry_dataset_splitted\train\tropical_rainforest\tropical_528.jpg
tropical_529.webp,tropical_rainforest,train,C:\Users\USER\Desktop\ai_dataset\forestry_dataset_splitted\train\tropical_rainforest\tropical_529.webp
tropical_53.png,tropical_rainforest,train,C:\Users\USER\Desktop\ai_dataset\forestry_dataset_splitted\train\tropical_rainforest\tropical_53.png
tropical_530.webp,tropical_rainforest,train,C:\Users\USER\Desktop\ai_dataset\forestry_dataset_splitted\train\tropical_rainforest\tropical_530.webp
tropical_531.webp,tropical_rainforest,train,C:\Users\USER\Desktop\ai_dataset\forestry_dataset_splitted\train\tropical_rainforest\tropical_531.webp
tropical_532.webp,tropical_rainforest,train,C:\Users\USER\Desktop\ai_dataset\forestry_dataset_splitted\train\tropical_rainforest\tropical_532.webp
tropical_533.jpg,tropical_rainforest,train,C:\Users\USER\Desktop\ai_dataset\forestry_dataset_splitted\train\tropical_rainforest\tropical_533.jpg
tropical_534.webp,tropical_rainforest,train,C:\Users\USER\Desktop\ai_dataset\forestry_dataset_splitted\train\tropical_rainforest\tropical_534.webp
tropical_535.jpg,tropical_rainforest,train,C:\Users\USER\Desktop\ai_dataset\forestry_dataset_splitted\train\tropical_rainforest\tropical_535.jpg
tropical_536.webp,tropical_rainforest,train,C:\Users\USER\Desktop\ai_dataset\forestry_dataset_splitted\train\tropical_rainforest\tropical_536.webp
tropical_537.webp,tropical_rainforest,train,C:\Users\USER\Desktop\ai_dataset\forestry_dataset_splitted\train\tropical_rainforest\tropical_537.webp
tropical_538.jpg,tropical_rainforest,train,C:\Users\USER\Desktop\ai_dataset\forestry_dataset_splitted\train\tropical_rainforest\tropical_538.jpg
tropical_539.jpg,tropical_rainforest,train,C:\Users\USER\Desktop\ai_dataset\forestry_dataset_splitted\train\tropical_rainforest\tropical_539.jpg
tropical_54.jpg,tropical_rainforest,train,C:\Users\USER\Desktop\ai_dataset\forestry_dataset_splitted\train\tropical_rainforest\tropical_54.jpg
tropical_540.jpg,tropical_rainforest,train,C:\Users\USER\Desktop\ai_dataset\forestry_dataset_splitted\train\tropical_rainforest\tropical_540.jpg
tropical_541.webp,tropical_rainforest,train,C:\Users\USER\Desktop\ai_dataset\forestry_dataset_splitted\train\tropical_rainforest\tropical_541.webp
tropical_542.webp,tropical_rainforest,train,C:\Users\USER\Desktop\ai_dataset\forestry_dataset_splitted\train\tropical_rainforest\tropical_542.webp
tropical_543.jpg,tropical_rainforest,train,C:\Users\USER\Desktop\ai_dataset\forestry_dataset_splitted\train\tropical_rainforest\tropical_543.jpg
tropical_544.webp,tropical_rainforest,train,C:\Users\USER\Desktop\ai_dataset\forestry_dataset_splitted\train\tropical_rainforest\tropical_544.webp
tropical_545.jpg,tropical_rainforest,train,C:\Users\USER\Desktop\ai_dataset\forestry_dataset_splitted\train\tropical_rainforest\tropical_545.jpg
tropical_546.webp,tropical_rainforest,train,C:\Users\USER\Desktop\ai_dataset\forestry_dataset_splitted\train\tropical_rainforest\tropical_546.webp
tropical_547.jpg,tropical_rainforest,train,C:\Users\USER\Desktop\ai_dataset\forestry_dataset_splitted\train\tropical_rainforest\tropical_547.jpg
tropical_548.jpg,tropical_rainforest,train,C:\Users\USER\Desktop\ai_dataset\forestry_dataset_splitted\train\tropical_rainforest\tropical_548.jpg
tropical_549.webp,tropical_rainforest,train,C:\Users\USER\Desktop\ai_dataset\forestry_dataset_splitted\train\tropical_rainforest\tropical_549.webp
tropical_55.jpg,tropical_rainforest,train,C:\Users\USER\Desktop\ai_dataset\forestry_dataset_splitted\train\tropical_rainforest\tropical_55.jpg
tropical_550.webp,tropical_rainforest,train,C:\Users\USER\Desktop\ai_dataset\forestry_dataset_splitted\train\tropical_rainforest\tropical_550.webp
tropical_551.webp,tropical_rainforest,train,C:\Users\USER\Desktop\ai_dataset\forestry_dataset_splitted\train\tropical_rainforest\tropical_551.webp
tropical_552.webp,tropical_rainforest,train,C:\Users\USER\Desktop\ai_dataset\forestry_dataset_splitted\train\tropical_rainforest\tropical_552.webp
tropical_553.jpg,tropical_rainforest,train,C:\Users\USER\Desktop\ai_dataset\forestry_dataset_splitted\train\tropical_rainforest\tropical_553.jpg
tropical_554.webp,tropical_rainforest,train,C:\Users\USER\Desktop\ai_dataset\forestry_dataset_splitted\train\tropical_rainforest\tropical_554.webp
tropical_555.webp,tropical_rainforest,train,C:\Users\USER\Desktop\ai_dataset\forestry_dataset_splitted\train\tropical_rainforest\tropical_555.webp
tropical_556.webp,tropical_rainforest,train,C:\Users\USER\Desktop\ai_dataset\forestry_dataset_splitted\train\tropical_rainforest\tropical_556.webp
tropical_557.webp,tropical_rainforest,train,C:\Users\USER\Desktop\ai_dataset\forestry_dataset_splitted\train\tropical_rainforest\tropical_557.webp
tropical_558.webp,tropical_rainforest,train,C:\Users\USER\Desktop\ai_dataset\forestry_dataset_splitted\train\tropical_rainforest\tropical_558.webp
tropical_559.webp,tropical_rainforest,train,C:\Users\USER\Desktop\ai_dataset\forestry_dataset_splitted\train\tropical_rainforest\tropical_559.webp
tropical_56.png,tropical_rainforest,train,C:\Users\USER\Desktop\ai_dataset\forestry_dataset_splitted\train\tropical_rainforest\tropical_56.png
tropical_560.jpg,tropical_rainforest,train,C:\Users\USER\Desktop\ai_dataset\forestry_dataset_splitted\train\tropical_rainforest\tropical_560.jpg
tropical_561.webp,tropical_rainforest,train,C:\Users\USER\Desktop\ai_dataset\forestry_dataset_splitted\train\tropical_rainforest\tropical_561.webp
tropical_562.webp,tropical_rainforest,train,C:\Users\USER\Desktop\ai_dataset\forestry_dataset_splitted\train\tropical_rainforest\tropical_562.webp
tropical_563.webp,tropical_rainforest,train,C:\Users\USER\Desktop\ai_dataset\forestry_dataset_splitted\train\tropical_rainforest\tropical_563.webp
tropical_564.webp,tropical_rainforest,train,C:\Users\USER\Desktop\ai_dataset\forestry_dataset_splitted\train\tropical_rainforest\tropical_564.webp
tropical_565.webp,tropical_rainforest,train,C:\Users\USER\Desktop\ai_dataset\forestry_dataset_splitted\train\tropical_rainforest\tropical_565.webp
tropical_566.webp,tropical_rainforest,train,C:\Users\USER\Desktop\ai_dataset\forestry_dataset_splitted\train\tropical_rainforest\tropical_566.webp
tropical_567.jpg,tropical_rainforest,train,C:\Users\USER\Desktop\ai_dataset\forestry_dataset_splitted\train\tropical_rainforest\tropical_567.jpg
tropical_568.webp,tropical_rainforest,train,C:\Users\USER\Desktop\ai_dataset\forestry_dataset_splitted\train\tropical_rainforest\tropical_568.webp
tropical_569.webp,tropical_rainforest,train,C:\Users\USER\Desktop\ai_dataset\forestry_dataset_splitted\train\tropical_rainforest\tropical_569.webp
tropical_57.jpg,tropical_rainforest,train,C:\Users\USER\Desktop\ai_dataset\forestry_dataset_splitted\train\tropical_rainforest\tropical_57.jpg
tropical_570.webp,tropical_rainforest,train,C:\Users\USER\Desktop\ai_dataset\forestry_dataset_splitted\train\tropical_rainforest\tropical_570.webp
tropical_571.webp,tropical_rainforest,train,C:\Users\USER\Desktop\ai_dataset\forestry_dataset_splitted\train\tropical_rainforest\tropical_571.webp
tropical_572.webp,tropical_rainforest,train,C:\Users\USER\Desktop\ai_dataset\forestry_dataset_splitted\train\tropical_rainforest\tropical_572.webp
tropical_573.jpg,tropical_rainforest,train,C:\Users\USER\Desktop\ai_dataset\forestry_dataset_splitted\train\tropical_rainforest\tropical_573.jpg
tropical_574.webp,tropical_rainforest,train,C:\Users\USER\Desktop\ai_dataset\forestry_dataset_splitted\train\tropical_rainforest\tropical_574.webp
tropical_575.webp,tropical_rainforest,train,C:\Users\USER\Desktop\ai_dataset\forestry_dataset_splitted\train\tropical_rainforest\tropical_575.webp
tropical_576.webp,tropical_rainforest,train,C:\Users\USER\Desktop\ai_dataset\forestry_dataset_splitted\train\tropical_rainforest\tropical_576.webp
tropical_577.jpg,tropical_rainforest,train,C:\Users\USER\Desktop\ai_dataset\forestry_dataset_splitted\train\tropical_rainforest\tropical_577.jpg
tropical_578.jpg,tropical_rainforest,train,C:\Users\USER\Desktop\ai_dataset\forestry_dataset_splitted\train\tropical_rainforest\tropical_578.jpg
tropical_579.webp,tropical_rainforest,train,C:\Users\USER\Desktop\ai_dataset\forestry_dataset_splitted\train\tropical_rainforest\tropical_579.webp
tropical_58.webp,tropical_rainforest,train,C:\Users\USER\Desktop\ai_dataset\forestry_dataset_splitted\train\tropical_rainforest\tropical_58.webp
tropical_580.webp,tropical_rainforest,train,C:\Users\USER\Desktop\ai_dataset\forestry_dataset_splitted\train\tropical_rainforest\tropical_580.webp
tropical_581.webp,tropical_rainforest,train,C:\Users\USER\Desktop\ai_dataset\forestry_dataset_splitted\train\tropical_rainforest\tropical_581.webp
tropical_582.webp,tropical_rainforest,train,C:\Users\USER\Desktop\ai_dataset\forestry_dataset_splitted\train\tropical_rainforest\tropical_582.webp
tropical_583.webp,tropical_rainforest,train,C:\Users\USER\Desktop\ai_dataset\forestry_dataset_splitted\train\tropical_rainforest\tropical_583.webp
tropical_584.webp,tropical_rainforest,train,C:\Users\USER\Desktop\ai_dataset\forestry_dataset_splitted\train\tropical_rainforest\tropical_584.webp
tropical_585.webp,tropical_rainforest,train,C:\Users\USER\Desktop\ai_dataset\forestry_dataset_splitted\train\tropical_rainforest\tropical_585.webp
tropical_586.webp,tropical_rainforest,train,C:\Users\USER\Desktop\ai_dataset\forestry_dataset_splitted\train\tropical_rainforest\tropical_586.webp
tropical_587.jpg,tropical_rainforest,train,C:\Users\USER\Desktop\ai_dataset\forestry_dataset_splitted\train\tropical_rainforest\tropical_587.jpg
tropical_588.webp,tropical_rainforest,train,C:\Users\USER\Desktop\ai_dataset\forestry_dataset_splitted\train\tropical_rainforest\tropical_588.webp
tropical_589.webp,tropical_rainforest,train,C:\Users\USER\Desktop\ai_dataset\forestry_dataset_splitted\train\tropical_rainforest\tropical_589.webp
tropical_59.jpg,tropical_rainforest,train,C:\Users\USER\Desktop\ai_dataset\forestry_dataset_splitted\train\tropical_rainforest\tropical_59.jpg
tropical_590.jpg,tropical_rainforest,train,C:\Users\USER\Desktop\ai_dataset\forestry_dataset_splitted\train\tropical_rainforest\tropical_590.jpg
tropical_591.webp,tropical_rainforest,train,C:\Users\USER\Desktop\ai_dataset\forestry_dataset_splitted\train\tropical_rainforest\tropical_591.webp
tropical_592.webp,tropical_rainforest,train,C:\Users\USER\Desktop\ai_dataset\forestry_dataset_splitted\train\tropical_rainforest\tropical_592.webp
tropical_593.webp,tropical_rainforest,train,C:\Users\USER\Desktop\ai_dataset\forestry_dataset_splitted\train\tropical_rainforest\tropical_593.webp
tropical_594.jpg,tropical_rainforest,train,C:\Users\USER\Desktop\ai_dataset\forestry_dataset_splitted\train\tropical_rainforest\tropical_594.jpg
tropical_595.webp,tropical_rainforest,train,C:\Users\USER\Desktop\ai_dataset\forestry_dataset_splitted\train\tropical_rainforest\tropical_595.webp
tropical_596.jpg,tropical_rainforest,train,C:\Users\USER\Desktop\ai_dataset\forestry_dataset_splitted\train\tropical_rainforest\tropical_596.jpg
tropical_597.webp,tropical_rainforest,train,C:\Users\USER\Desktop\ai_dataset\forestry_dataset_splitted\train\tropical_rainforest\tropical_597.webp
tropical_598.jpg,tropical_rainforest,train,C:\Users\USER\Desktop\ai_dataset\forestry_dataset_splitted\train\tropical_rainforest\tropical_598.jpg
tropical_599.webp,tropical_rainforest,train,C:\Users\USER\Desktop\ai_dataset\forestry_dataset_splitted\train\tropical_rainforest\tropical_599.webp
tropical_6.webp,tropical_rainforest,train,C:\Users\USER\Desktop\ai_dataset\forestry_dataset_splitted\train\tropical_rainforest\tropical_6.webp
tropical_60.webp,tropical_rainforest,train,C:\Users\USER\Desktop\ai_dataset\forestry_dataset_splitted\train\tropical_rainforest\tropical_60.webp
tropical_600.jpg,tropical_rainforest,train,C:\Users\USER\Desktop\ai_dataset\forestry_dataset_splitted\train\tropical_rainforest\tropical_600.jpg
tropical_601.webp,tropical_rainforest,train,C:\Users\USER\Desktop\ai_dataset\forestry_dataset_splitted\train\tropical_rainforest\tropical_601.webp
tropical_602.jpg,tropical_rainforest,train,C:\Users\USER\Desktop\ai_dataset\forestry_dataset_splitted\train\tropical_rainforest\tropical_602.jpg
tropical_603.webp,tropical_rainforest,train,C:\Users\USER\Desktop\ai_dataset\forestry_dataset_splitted\train\tropical_rainforest\tropical_603.webp
tropical_604.webp,tropical_rainforest,train,C:\Users\USER\Desktop\ai_dataset\forestry_dataset_splitted\train\tropical_rainforest\tropical_604.webp
tropical_605.png,tropical_rainforest,train,C:\Users\USER\Desktop\ai_dataset\forestry_dataset_splitted\train\tropical_rainforest\tropical_605.png
tropical_606.webp,tropical_rainforest,train,C:\Users\USER\Desktop\ai_dataset\forestry_dataset_splitted\train\tropical_rainforest\tropical_606.webp
tropical_607.jpg,tropical_rainforest,train,C:\Users\USER\Desktop\ai_dataset\forestry_dataset_splitted\train\tropical_rainforest\tropical_607.jpg
tropical_608.webp,tropical_rainforest,train,C:\Users\USER\Desktop\ai_dataset\forestry_dataset_splitted\train\tropical_rainforest\tropical_608.webp
tropical_609.jpg,tropical_rainforest,train,C:\Users\USER\Desktop\ai_dataset\forestry_dataset_splitted\train\tropical_rainforest\tropical_609.jpg
tropical_61.jpg,tropical_rainforest,train,C:\Users\USER\Desktop\ai_dataset\forestry_dataset_splitted\train\tropical_rainforest\tropical_61.jpg
tropical_610.webp,tropical_rainforest,train,C:\Users\USER\Desktop\ai_dataset\forestry_dataset_splitted\train\tropical_rainforest\tropical_610.webp
tropical_611.jpg,tropical_rainforest,train,C:\Users\USER\Desktop\ai_dataset\forestry_dataset_splitted\train\tropical_rainforest\tropical_611.jpg
tropical_612.jpg,tropical_rainforest,train,C:\Users\USER\Desktop\ai_dataset\forestry_dataset_splitted\train\tropical_rainforest\tropical_612.jpg
tropical_613.webp,tropical_rainforest,train,C:\Users\USER\Desktop\ai_dataset\forestry_dataset_splitted\train\tropical_rainforest\tropical_613.webp
tropical_614.jpg,tropical_rainforest,train,C:\Users\USER\Desktop\ai_dataset\forestry_dataset_splitted\train\tropical_rainforest\tropical_614.jpg
tropical_615.jpg,tropical_rainforest,train,C:\Users\USER\Desktop\ai_dataset\forestry_dataset_splitted\train\tropical_rainforest\tropical_615.jpg
tropical_616.webp,tropical_rainforest,train,C:\Users\USER\Desktop\ai_dataset\forestry_dataset_splitted\train\tropical_rainforest\tropical_616.webp
tropical_617.jpg,tropical_rainforest,train,C:\Users\USER\Desktop\ai_dataset\forestry_dataset_splitted\train\tropical_rainforest\tropical_617.jpg
tropical_618.jpg,tropical_rainforest,train,C:\Users\USER\Desktop\ai_dataset\forestry_dataset_splitted\train\tropical_rainforest\tropical_618.jpg
tropical_619.webp,tropical_rainforest,train,C:\Users\USER\Desktop\ai_dataset\forestry_dataset_splitted\train\tropical_rainforest\tropical_619.webp
tropical_62.jpg,tropical_rainforest,train,C:\Users\USER\Desktop\ai_dataset\forestry_dataset_splitted\train\tropical_rainforest\tropical_62.jpg
tropical_620.webp,tropical_rainforest,train,C:\Users\USER\Desktop\ai_dataset\forestry_dataset_splitted\train\tropical_rainforest\tropical_620.webp
tropical_621.webp,tropical_rainforest,train,C:\Users\USER\Desktop\ai_dataset\forestry_dataset_splitted\train\tropical_rainforest\tropical_621.webp
tropical_622.webp,tropical_rainforest,train,C:\Users\USER\Desktop\ai_dataset\forestry_dataset_splitted\train\tropical_rainforest\tropical_622.webp
tropical_623.webp,tropical_rainforest,train,C:\Users\USER\Desktop\ai_dataset\forestry_dataset_splitted\train\tropical_rainforest\tropical_623.webp
tropical_624.webp,tropical_rainforest,train,C:\Users\USER\Desktop\ai_dataset\forestry_dataset_splitted\train\tropical_rainforest\tropical_624.webp
tropical_625.webp,tropical_rainforest,train,C:\Users\USER\Desktop\ai_dataset\forestry_dataset_splitted\train\tropical_rainforest\tropical_625.webp
tropical_626.webp,tropical_rainforest,train,C:\Users\USER\Desktop\ai_dataset\forestry_dataset_splitted\train\tropical_rainforest\tropical_626.webp
tropical_627.jpg,tropical_rainforest,train,C:\Users\USER\Desktop\ai_dataset\forestry_dataset_splitted\train\tropical_rainforest\tropical_627.jpg
tropical_628.jpg,tropical_rainforest,train,C:\Users\USER\Desktop\ai_dataset\forestry_dataset_splitted\train\tropical_rainforest\tropical_628.jpg
tropical_629.webp,tropical_rainforest,train,C:\Users\USER\Desktop\ai_dataset\forestry_dataset_splitted\train\tropical_rainforest\tropical_629.webp
tropical_63.jpg,tropical_rainforest,train,C:\Users\USER\Desktop\ai_dataset\forestry_dataset_splitted\train\tropical_rainforest\tropical_63.jpg
tropical_630.jpg,tropical_rainforest,train,C:\Users\USER\Desktop\ai_dataset\forestry_dataset_splitted\train\tropical_rainforest\tropical_630.jpg
tropical_631.webp,tropical_rainforest,train,C:\Users\USER\Desktop\ai_dataset\forestry_dataset_splitted\train\tropical_rainforest\tropical_631.webp
tropical_632.jpg,tropical_rainforest,train,C:\Users\USER\Desktop\ai_dataset\forestry_dataset_splitted\train\tropical_rainforest\tropical_632.jpg
tropical_633.jpg,tropical_rainforest,train,C:\Users\USER\Desktop\ai_dataset\forestry_dataset_splitted\train\tropical_rainforest\tropical_633.jpg
tropical_634.webp,tropical_rainforest,train,C:\Users\USER\Desktop\ai_dataset\forestry_dataset_splitted\train\tropical_rainforest\tropical_634.webp
tropical_635.jpg,tropical_rainforest,train,C:\Users\USER\Desktop\ai_dataset\forestry_dataset_splitted\train\tropical_rainforest\tropical_635.jpg
tropical_636.webp,tropical_rainforest,train,C:\Users\USER\Desktop\ai_dataset\forestry_dataset_splitted\train\tropical_rainforest\tropical_636.webp
tropical_637.jpg,tropical_rainforest,train,C:\Users\USER\Desktop\ai_dataset\forestry_dataset_splitted\train\tropical_rainforest\tropical_637.jpg
tropical_638.webp,tropical_rainforest,train,C:\Users\USER\Desktop\ai_dataset\forestry_dataset_splitted\train\tropical_rainforest\tropical_638.webp
tropical_639.webp,tropical_rainforest,train,C:\Users\USER\Desktop\ai_dataset\forestry_dataset_splitted\train\tropical_rainforest\tropical_639.webp
tropical_64.jpg,tropical_rainforest,train,C:\Users\USER\Desktop\ai_dataset\forestry_dataset_splitted\train\tropical_rainforest\tropical_64.jpg
tropical_640.jpg,tropical_rainforest,train,C:\Users\USER\Desktop\ai_dataset\forestry_dataset_splitted\train\tropical_rainforest\tropical_640.jpg
tropical_641.jpg,tropical_rainforest,train,C:\Users\USER\Desktop\ai_dataset\forestry_dataset_splitted\train\tropical_rainforest\tropical_641.jpg
tropical_642.jpg,tropical_rainforest,train,C:\Users\USER\Desktop\ai_dataset\forestry_dataset_splitted\train\tropical_rainforest\tropical_642.jpg
tropical_643.webp,tropical_rainforest,train,C:\Users\USER\Desktop\ai_dataset\forestry_dataset_splitted\train\tropical_rainforest\tropical_643.webp
tropical_644.jpg,tropical_rainforest,train,C:\Users\USER\Desktop\ai_dataset\forestry_dataset_splitted\train\tropical_rainforest\tropical_644.jpg
tropical_645.webp,tropical_rainforest,train,C:\Users\USER\Desktop\ai_dataset\forestry_dataset_splitted\train\tropical_rainforest\tropical_645.webp
tropical_646.png,tropical_rainforest,train,C:\Users\USER\Desktop\ai_dataset\forestry_dataset_splitted\train\tropical_rainforest\tropical_646.png
tropical_647.jpg,tropical_rainforest,train,C:\Users\USER\Desktop\ai_dataset\forestry_dataset_splitted\train\tropical_rainforest\tropical_647.jpg
tropical_648.webp,tropical_rainforest,train,C:\Users\USER\Desktop\ai_dataset\forestry_dataset_splitted\train\tropical_rainforest\tropical_648.webp
tropical_649.jpg,tropical_rainforest,train,C:\Users\USER\Desktop\ai_dataset\forestry_dataset_splitted\train\tropical_rainforest\tropical_649.jpg
tropical_65.jpg,tropical_rainforest,train,C:\Users\USER\Desktop\ai_dataset\forestry_dataset_splitted\train\tropical_rainforest\tropical_65.jpg
tropical_650.jpg,tropical_rainforest,train,C:\Users\USER\Desktop\ai_dataset\forestry_dataset_splitted\train\tropical_rainforest\tropical_650.jpg
tropical_651.jpg,tropical_rainforest,train,C:\Users\USER\Desktop\ai_dataset\forestry_dataset_splitted\train\tropical_rainforest\tropical_651.jpg
tropical_652.webp,tropical_rainforest,train,C:\Users\USER\Desktop\ai_dataset\forestry_dataset_splitted\train\tropical_rainforest\tropical_652.webp
tropical_653.webp,tropical_rainforest,train,C:\Users\USER\Desktop\ai_dataset\forestry_dataset_splitted\train\tropical_rainforest\tropical_653.webp
tropical_654.webp,tropical_rainforest,train,C:\Users\USER\Desktop\ai_dataset\forestry_dataset_splitted\train\tropical_rainforest\tropical_654.webp
tropical_655.webp,tropical_rainforest,train,C:\Users\USER\Desktop\ai_dataset\forestry_dataset_splitted\train\tropical_rainforest\tropical_655.webp
tropical_656.webp,tropical_rainforest,train,C:\Users\USER\Desktop\ai_dataset\forestry_dataset_splitted\train\tropical_rainforest\tropical_656.webp
tropical_657.webp,tropical_rainforest,train,C:\Users\USER\Desktop\ai_dataset\forestry_dataset_splitted\train\tropical_rainforest\tropical_657.webp
tropical_658.webp,tropical_rainforest,train,C:\Users\USER\Desktop\ai_dataset\forestry_dataset_splitted\train\tropical_rainforest\tropical_658.webp
tropical_659.webp,tropical_rainforest,train,C:\Users\USER\Desktop\ai_dataset\forestry_dataset_splitted\train\tropical_rainforest\tropical_659.webp
tropical_66.jpg,tropical_rainforest,train,C:\Users\USER\Desktop\ai_dataset\forestry_dataset_splitted\train\tropical_rainforest\tropical_66.jpg
tropical_660.webp,tropical_rainforest,train,C:\Users\USER\Desktop\ai_dataset\forestry_dataset_splitted\train\tropical_rainforest\tropical_660.webp
tropical_661.jpg,tropical_rainforest,train,C:\Users\USER\Desktop\ai_dataset\forestry_dataset_splitted\train\tropical_rainforest\tropical_661.jpg
tropical_662.jpg,tropical_rainforest,train,C:\Users\USER\Desktop\ai_dataset\forestry_dataset_splitted\train\tropical_rainforest\tropical_662.jpg
tropical_663.jpg,tropical_rainforest,train,C:\Users\USER\Desktop\ai_dataset\forestry_dataset_splitted\train\tropical_rainforest\tropical_663.jpg
tropical_664.webp,tropical_rainforest,train,C:\Users\USER\Desktop\ai_dataset\forestry_dataset_splitted\train\tropical_rainforest\tropical_664.webp
tropical_665.webp,tropical_rainforest,train,C:\Users\USER\Desktop\ai_dataset\forestry_dataset_splitted\train\tropical_rainforest\tropical_665.webp
tropical_666.webp,tropical_rainforest,train,C:\Users\USER\Desktop\ai_dataset\forestry_dataset_splitted\train\tropical_rainforest\tropical_666.webp
tropical_667.webp,tropical_rainforest,train,C:\Users\USER\Desktop\ai_dataset\forestry_dataset_splitted\train\tropical_rainforest\tropical_667.webp
tropical_668.webp,tropical_rainforest,train,C:\Users\USER\Desktop\ai_dataset\forestry_dataset_splitted\train\tropical_rainforest\tropical_668.webp
tropical_669.webp,tropical_rainforest,train,C:\Users\USER\Desktop\ai_dataset\forestry_dataset_splitted\train\tropical_rainforest\tropical_669.webp
tropical_67.webp,tropical_rainforest,train,C:\Users\USER\Desktop\ai_dataset\forestry_dataset_splitted\train\tropical_rainforest\tropical_67.webp
tropical_670.webp,tropical_rainforest,train,C:\Users\USER\Desktop\ai_dataset\forestry_dataset_splitted\train\tropical_rainforest\tropical_670.webp
tropical_671.jpg,tropical_rainforest,train,C:\Users\USER\Desktop\ai_dataset\forestry_dataset_splitted\train\tropical_rainforest\tropical_671.jpg
tropical_672.webp,tropical_rainforest,train,C:\Users\USER\Desktop\ai_dataset\forestry_dataset_splitted\train\tropical_rainforest\tropical_672.webp
tropical_673.webp,tropical_rainforest,train,C:\Users\USER\Desktop\ai_dataset\forestry_dataset_splitted\train\tropical_rainforest\tropical_673.webp
tropical_674.webp,tropical_rainforest,train,C:\Users\USER\Desktop\ai_dataset\forestry_dataset_splitted\train\tropical_rainforest\tropical_674.webp
tropical_675.webp,tropical_rainforest,train,C:\Users\USER\Desktop\ai_dataset\forestry_dataset_splitted\train\tropical_rainforest\tropical_675.webp
tropical_676.jpg,tropical_rainforest,train,C:\Users\USER\Desktop\ai_dataset\forestry_dataset_splitted\train\tropical_rainforest\tropical_676.jpg
tropical_677.webp,tropical_rainforest,train,C:\Users\USER\Desktop\ai_dataset\forestry_dataset_splitted\train\tropical_rainforest\tropical_677.webp
tropical_678.webp,tropical_rainforest,train,C:\Users\USER\Desktop\ai_dataset\forestry_dataset_splitted\train\tropical_rainforest\tropical_678.webp
tropical_679.webp,tropical_rainforest,train,C:\Users\USER\Desktop\ai_dataset\forestry_dataset_splitted\train\tropical_rainforest\tropical_679.webp
tropical_68.jpg,tropical_rainforest,train,C:\Users\USER\Desktop\ai_dataset\forestry_dataset_splitted\train\tropical_rainforest\tropical_68.jpg
tropical_680.webp,tropical_rainforest,train,C:\Users\USER\Desktop\ai_dataset\forestry_dataset_splitted\train\tropical_rainforest\tropical_680.webp
tropical_681.webp,tropical_rainforest,train,C:\Users\USER\Desktop\ai_dataset\forestry_dataset_splitted\train\tropical_rainforest\tropical_681.webp
tropical_682.webp,tropical_rainforest,train,C:\Users\USER\Desktop\ai_dataset\forestry_dataset_splitted\train\tropical_rainforest\tropical_682.webp
tropical_683.webp,tropical_rainforest,train,C:\Users\USER\Desktop\ai_dataset\forestry_dataset_splitted\train\tropical_rainforest\tropical_683.webp
tropical_684.webp,tropical_rainforest,train,C:\Users\USER\Desktop\ai_dataset\forestry_dataset_splitted\train\tropical_rainforest\tropical_684.webp
tropical_685.webp,tropical_rainforest,train,C:\Users\USER\Desktop\ai_dataset\forestry_dataset_splitted\train\tropical_rainforest\tropical_685.webp
tropical_686.webp,tropical_rainforest,train,C:\Users\USER\Desktop\ai_dataset\forestry_dataset_splitted\train\tropical_rainforest\tropical_686.webp
tropical_687.webp,tropical_rainforest,train,C:\Users\USER\Desktop\ai_dataset\forestry_dataset_splitted\train\tropical_rainforest\tropical_687.webp
tropical_688.png,tropical_rainforest,train,C:\Users\USER\Desktop\ai_dataset\forestry_dataset_splitted\train\tropical_rainforest\tropical_688.png
tropical_689.webp,tropical_rainforest,train,C:\Users\USER\Desktop\ai_dataset\forestry_dataset_splitted\train\tropical_rainforest\tropical_689.webp
tropical_69.webp,tropical_rainforest,train,C:\Users\USER\Desktop\ai_dataset\forestry_dataset_splitted\train\tropical_rainforest\tropical_69.webp
tropical_690.webp,tropical_rainforest,train,C:\Users\USER\Desktop\ai_dataset\forestry_dataset_splitted\train\tropical_rainforest\tropical_690.webp
tropical_691.webp,tropical_rainforest,train,C:\Users\USER\Desktop\ai_dataset\forestry_dataset_splitted\train\tropical_rainforest\tropical_691.webp
tropical_692.jpg,tropical_rainforest,train,C:\Users\USER\Desktop\ai_dataset\forestry_dataset_splitted\train\tropical_rainforest\tropical_692.jpg
tropical_693.jpg,tropical_rainforest,train,C:\Users\USER\Desktop\ai_dataset\forestry_dataset_splitted\train\tropical_rainforest\tropical_693.jpg
tropical_694.webp,tropical_rainforest,train,C:\Users\USER\Desktop\ai_dataset\forestry_dataset_splitted\train\tropical_rainforest\tropical_694.webp
tropical_695.jpg,tropical_rainforest,train,C:\Users\USER\Desktop\ai_dataset\forestry_dataset_splitted\train\tropical_rainforest\tropical_695.jpg
tropical_696.webp,tropical_rainforest,train,C:\Users\USER\Desktop\ai_dataset\forestry_dataset_splitted\train\tropical_rainforest\tropical_696.webp
tropical_697.webp,tropical_rainforest,train,C:\Users\USER\Desktop\ai_dataset\forestry_dataset_splitted\train\tropical_rainforest\tropical_697.webp
tropical_698.webp,tropical_rainforest,train,C:\Users\USER\Desktop\ai_dataset\forestry_dataset_splitted\train\tropical_rainforest\tropical_698.webp
tropical_699.webp,tropical_rainforest,train,C:\Users\USER\Desktop\ai_dataset\forestry_dataset_splitted\train\tropical_rainforest\tropical_699.webp
tropical_7.jpg,tropical_rainforest,train,C:\Users\USER\Desktop\ai_dataset\forestry_dataset_splitted\train\tropical_rainforest\tropical_7.jpg
tropical_70.jpg,tropical_rainforest,train,C:\Users\USER\Desktop\ai_dataset\forestry_dataset_splitted\train\tropical_rainforest\tropical_70.jpg
tropical_700.webp,tropical_rainforest,train,C:\Users\USER\Desktop\ai_dataset\forestry_dataset_splitted\train\tropical_rainforest\tropical_700.webp
tropical_701.webp,tropical_rainforest,train,C:\Users\USER\Desktop\ai_dataset\forestry_dataset_splitted\train\tropical_rainforest\tropical_701.webp
tropical_702.jpg,tropical_rainforest,train,C:\Users\USER\Desktop\ai_dataset\forestry_dataset_splitted\train\tropical_rainforest\tropical_702.jpg
tropical_703.webp,tropical_rainforest,train,C:\Users\USER\Desktop\ai_dataset\forestry_dataset_splitted\train\tropical_rainforest\tropical_703.webp
tropical_704.webp,tropical_rainforest,train,C:\Users\USER\Desktop\ai_dataset\forestry_dataset_splitted\train\tropical_rainforest\tropical_704.webp
tropical_705.webp,tropical_rainforest,train,C:\Users\USER\Desktop\ai_dataset\forestry_dataset_splitted\train\tropical_rainforest\tropical_705.webp
tropical_706.webp,tropical_rainforest,train,C:\Users\USER\Desktop\ai_dataset\forestry_dataset_splitted\train\tropical_rainforest\tropical_706.webp
tropical_707.jpg,tropical_rainforest,train,C:\Users\USER\Desktop\ai_dataset\forestry_dataset_splitted\train\tropical_rainforest\tropical_707.jpg
tropical_708.webp,tropical_rainforest,train,C:\Users\USER\Desktop\ai_dataset\forestry_dataset_splitted\train\tropical_rainforest\tropical_708.webp
tropical_709.webp,tropical_rainforest,train,C:\Users\USER\Desktop\ai_dataset\forestry_dataset_splitted\train\tropical_rainforest\tropical_709.webp
tropical_71.jpg,tropical_rainforest,train,C:\Users\USER\Desktop\ai_dataset\forestry_dataset_splitted\train\tropical_rainforest\tropical_71.jpg
tropical_710.webp,tropical_rainforest,train,C:\Users\USER\Desktop\ai_dataset\forestry_dataset_splitted\train\tropical_rainforest\tropical_710.webp
tropical_711.webp,tropical_rainforest,train,C:\Users\USER\Desktop\ai_dataset\forestry_dataset_splitted\train\tropical_rainforest\tropical_711.webp
tropical_712.webp,tropical_rainforest,train,C:\Users\USER\Desktop\ai_dataset\forestry_dataset_splitted\train\tropical_rainforest\tropical_712.webp
tropical_713.webp,tropical_rainforest,train,C:\Users\USER\Desktop\ai_dataset\forestry_dataset_splitted\train\tropical_rainforest\tropical_713.webp
tropical_714.webp,tropical_rainforest,train,C:\Users\USER\Desktop\ai_dataset\forestry_dataset_splitted\train\tropical_rainforest\tropical_714.webp
tropical_715.webp,tropical_rainforest,train,C:\Users\USER\Desktop\ai_dataset\forestry_dataset_splitted\train\tropical_rainforest\tropical_715.webp
tropical_716.jpg,tropical_rainforest,train,C:\Users\USER\Desktop\ai_dataset\forestry_dataset_splitted\train\tropical_rainforest\tropical_716.jpg
tropical_717.webp,tropical_rainforest,train,C:\Users\USER\Desktop\ai_dataset\forestry_dataset_splitted\train\tropical_rainforest\tropical_717.webp
tropical_718.webp,tropical_rainforest,train,C:\Users\USER\Desktop\ai_dataset\forestry_dataset_splitted\train\tropical_rainforest\tropical_718.webp
tropical_719.webp,tropical_rainforest,train,C:\Users\USER\Desktop\ai_dataset\forestry_dataset_splitted\train\tropical_rainforest\tropical_719.webp
tropical_72.jpg,tropical_rainforest,train,C:\Users\USER\Desktop\ai_dataset\forestry_dataset_splitted\train\tropical_rainforest\tropical_72.jpg
tropical_720.jpg,tropical_rainforest,train,C:\Users\USER\Desktop\ai_dataset\forestry_dataset_splitted\train\tropical_rainforest\tropical_720.jpg
tropical_721.webp,tropical_rainforest,train,C:\Users\USER\Desktop\ai_dataset\forestry_dataset_splitted\train\tropical_rainforest\tropical_721.webp
tropical_722.webp,tropical_rainforest,train,C:\Users\USER\Desktop\ai_dataset\forestry_dataset_splitted\train\tropical_rainforest\tropical_722.webp
tropical_723.webp,tropical_rainforest,train,C:\Users\USER\Desktop\ai_dataset\forestry_dataset_splitted\train\tropical_rainforest\tropical_723.webp
tropical_724.webp,tropical_rainforest,train,C:\Users\USER\Desktop\ai_dataset\forestry_dataset_splitted\train\tropical_rainforest\tropical_724.webp
tropical_725.webp,tropical_rainforest,train,C:\Users\USER\Desktop\ai_dataset\forestry_dataset_splitted\train\tropical_rainforest\tropical_725.webp
tropical_726.jpg,tropical_rainforest,train,C:\Users\USER\Desktop\ai_dataset\forestry_dataset_splitted\train\tropical_rainforest\tropical_726.jpg
tropical_727.webp,tropical_rainforest,train,C:\Users\USER\Desktop\ai_dataset\forestry_dataset_splitted\train\tropical_rainforest\tropical_727.webp
tropical_728.webp,tropical_rainforest,train,C:\Users\USER\Desktop\ai_dataset\forestry_dataset_splitted\train\tropical_rainforest\tropical_728.webp
tropical_729.webp,tropical_rainforest,train,C:\Users\USER\Desktop\ai_dataset\forestry_dataset_splitted\train\tropical_rainforest\tropical_729.webp
tropical_73.jpg,tropical_rainforest,train,C:\Users\USER\Desktop\ai_dataset\forestry_dataset_splitted\train\tropical_rainforest\tropical_73.jpg
tropical_730.webp,tropical_rainforest,train,C:\Users\USER\Desktop\ai_dataset\forestry_dataset_splitted\train\tropical_rainforest\tropical_730.webp
tropical_731.png,tropical_rainforest,train,C:\Users\USER\Desktop\ai_dataset\forestry_dataset_splitted\train\tropical_rainforest\tropical_731.png
tropical_732.webp,tropical_rainforest,train,C:\Users\USER\Desktop\ai_dataset\forestry_dataset_splitted\train\tropical_rainforest\tropical_732.webp
tropical_733.webp,tropical_rainforest,train,C:\Users\USER\Desktop\ai_dataset\forestry_dataset_splitted\train\tropical_rainforest\tropical_733.webp
tropical_734.jpg,tropical_rainforest,train,C:\Users\USER\Desktop\ai_dataset\forestry_dataset_splitted\train\tropical_rainforest\tropical_734.jpg
tropical_735.webp,tropical_rainforest,train,C:\Users\USER\Desktop\ai_dataset\forestry_dataset_splitted\train\tropical_rainforest\tropical_735.webp
tropical_736.webp,tropical_rainforest,train,C:\Users\USER\Desktop\ai_dataset\forestry_dataset_splitted\train\tropical_rainforest\tropical_736.webp
tropical_737.webp,tropical_rainforest,train,C:\Users\USER\Desktop\ai_dataset\forestry_dataset_splitted\train\tropical_rainforest\tropical_737.webp
tropical_738.webp,tropical_rainforest,train,C:\Users\USER\Desktop\ai_dataset\forestry_dataset_splitted\train\tropical_rainforest\tropical_738.webp
tropical_739.webp,tropical_rainforest,train,C:\Users\USER\Desktop\ai_dataset\forestry_dataset_splitted\train\tropical_rainforest\tropical_739.webp
tropical_74.webp,tropical_rainforest,train,C:\Users\USER\Desktop\ai_dataset\forestry_dataset_splitted\train\tropical_rainforest\tropical_74.webp
tropical_740.webp,tropical_rainforest,train,C:\Users\USER\Desktop\ai_dataset\forestry_dataset_splitted\train\tropical_rainforest\tropical_740.webp
tropical_741.jpg,tropical_rainforest,train,C:\Users\USER\Desktop\ai_dataset\forestry_dataset_splitted\train\tropical_rainforest\tropical_741.jpg
tropical_742.webp,tropical_rainforest,train,C:\Users\USER\Desktop\ai_dataset\forestry_dataset_splitted\train\tropical_rainforest\tropical_742.webp
tropical_743.webp,tropical_rainforest,train,C:\Users\USER\Desktop\ai_dataset\forestry_dataset_splitted\train\tropical_rainforest\tropical_743.webp
tropical_744.webp,tropical_rainforest,train,C:\Users\USER\Desktop\ai_dataset\forestry_dataset_splitted\train\tropical_rainforest\tropical_744.webp
tropical_745.webp,tropical_rainforest,train,C:\Users\USER\Desktop\ai_dataset\forestry_dataset_splitted\train\tropical_rainforest\tropical_745.webp
tropical_746.webp,tropical_rainforest,train,C:\Users\USER\Desktop\ai_dataset\forestry_dataset_splitted\train\tropical_rainforest\tropical_746.webp
tropical_747.jpg,tropical_rainforest,train,C:\Users\USER\Desktop\ai_dataset\forestry_dataset_splitted\train\tropical_rainforest\tropical_747.jpg
tropical_748.webp,tropical_rainforest,train,C:\Users\USER\Desktop\ai_dataset\forestry_dataset_splitted\train\tropical_rainforest\tropical_748.webp
tropical_749.webp,tropical_rainforest,train,C:\Users\USER\Desktop\ai_dataset\forestry_dataset_splitted\train\tropical_rainforest\tropical_749.webp
tropical_75.webp,tropical_rainforest,train,C:\Users\USER\Desktop\ai_dataset\forestry_dataset_splitted\train\tropical_rainforest\tropical_75.webp
tropical_750.webp,tropical_rainforest,train,C:\Users\USER\Desktop\ai_dataset\forestry_dataset_splitted\train\tropical_rainforest\tropical_750.webp
tropical_751.webp,tropical_rainforest,train,C:\Users\USER\Desktop\ai_dataset\forestry_dataset_splitted\train\tropical_rainforest\tropical_751.webp
tropical_752.png,tropical_rainforest,train,C:\Users\USER\Desktop\ai_dataset\forestry_dataset_splitted\train\tropical_rainforest\tropical_752.png
tropical_753.jpg,tropical_rainforest,train,C:\Users\USER\Desktop\ai_dataset\forestry_dataset_splitted\train\tropical_rainforest\tropical_753.jpg
tropical_754.webp,tropical_rainforest,train,C:\Users\USER\Desktop\ai_dataset\forestry_dataset_splitted\train\tropical_rainforest\tropical_754.webp
tropical_755.webp,tropical_rainforest,train,C:\Users\USER\Desktop\ai_dataset\forestry_dataset_splitted\train\tropical_rainforest\tropical_755.webp
tropical_756.webp,tropical_rainforest,train,C:\Users\USER\Desktop\ai_dataset\forestry_dataset_splitted\train\tropical_rainforest\tropical_756.webp
tropical_757.webp,tropical_rainforest,train,C:\Users\USER\Desktop\ai_dataset\forestry_dataset_splitted\train\tropical_rainforest\tropical_757.webp
tropical_758.jpg,tropical_rainforest,train,C:\Users\USER\Desktop\ai_dataset\forestry_dataset_splitted\train\tropical_rainforest\tropical_758.jpg
tropical_759.webp,tropical_rainforest,train,C:\Users\USER\Desktop\ai_dataset\forestry_dataset_splitted\train\tropical_rainforest\tropical_759.webp
tropical_76.jpg,tropical_rainforest,train,C:\Users\USER\Desktop\ai_dataset\forestry_dataset_splitted\train\tropical_rainforest\tropical_76.jpg
tropical_760.jpg,tropical_rainforest,train,C:\Users\USER\Desktop\ai_dataset\forestry_dataset_splitted\train\tropical_rainforest\tropical_760.jpg
tropical_761.webp,tropical_rainforest,train,C:\Users\USER\Desktop\ai_dataset\forestry_dataset_splitted\train\tropical_rainforest\tropical_761.webp
tropical_762.webp,tropical_rainforest,train,C:\Users\USER\Desktop\ai_dataset\forestry_dataset_splitted\train\tropical_rainforest\tropical_762.webp
tropical_763.webp,tropical_rainforest,train,C:\Users\USER\Desktop\ai_dataset\forestry_dataset_splitted\train\tropical_rainforest\tropical_763.webp
tropical_764.webp,tropical_rainforest,train,C:\Users\USER\Desktop\ai_dataset\forestry_dataset_splitted\train\tropical_rainforest\tropical_764.webp
tropical_765.webp,tropical_rainforest,train,C:\Users\USER\Desktop\ai_dataset\forestry_dataset_splitted\train\tropical_rainforest\tropical_765.webp
tropical_766.jpg,tropical_rainforest,train,C:\Users\USER\Desktop\ai_dataset\forestry_dataset_splitted\train\tropical_rainforest\tropical_766.jpg
tropical_767.webp,tropical_rainforest,train,C:\Users\USER\Desktop\ai_dataset\forestry_dataset_splitted\train\tropical_rainforest\tropical_767.webp
tropical_768.webp,tropical_rainforest,train,C:\Users\USER\Desktop\ai_dataset\forestry_dataset_splitted\train\tropical_rainforest\tropical_768.webp
tropical_769.webp,tropical_rainforest,train,C:\Users\USER\Desktop\ai_dataset\forestry_dataset_splitted\train\tropical_rainforest\tropical_769.webp
tropical_77.webp,tropical_rainforest,train,C:\Users\USER\Desktop\ai_dataset\forestry_dataset_splitted\train\tropical_rainforest\tropical_77.webp
tropical_770.jpg,tropical_rainforest,train,C:\Users\USER\Desktop\ai_dataset\forestry_dataset_splitted\train\tropical_rainforest\tropical_770.jpg
tropical_771.webp,tropical_rainforest,train,C:\Users\USER\Desktop\ai_dataset\forestry_dataset_splitted\train\tropical_rainforest\tropical_771.webp
tropical_772.webp,tropical_rainforest,train,C:\Users\USER\Desktop\ai_dataset\forestry_dataset_splitted\train\tropical_rainforest\tropical_772.webp
tropical_773.webp,tropical_rainforest,train,C:\Users\USER\Desktop\ai_dataset\forestry_dataset_splitted\train\tropical_rainforest\tropical_773.webp
tropical_774.webp,tropical_rainforest,train,C:\Users\USER\Desktop\ai_dataset\forestry_dataset_splitted\train\tropical_rainforest\tropical_774.webp
tropical_775.webp,tropical_rainforest,train,C:\Users\USER\Desktop\ai_dataset\forestry_dataset_splitted\train\tropical_rainforest\tropical_775.webp
tropical_776.webp,tropical_rainforest,train,C:\Users\USER\Desktop\ai_dataset\forestry_dataset_splitted\train\tropical_rainforest\tropical_776.webp
tropical_777.jpg,tropical_rainforest,train,C:\Users\USER\Desktop\ai_dataset\forestry_dataset_splitted\train\tropical_rainforest\tropical_777.jpg
tropical_778.webp,tropical_rainforest,train,C:\Users\USER\Desktop\ai_dataset\forestry_dataset_splitted\train\tropical_rainforest\tropical_778.webp
tropical_779.png,tropical_rainforest,train,C:\Users\USER\Desktop\ai_dataset\forestry_dataset_splitted\train\tropical_rainforest\tropical_779.png
tropical_78.jpg,tropical_rainforest,train,C:\Users\USER\Desktop\ai_dataset\forestry_dataset_splitted\train\tropical_rainforest\tropical_78.jpg
tropical_780.webp,tropical_rainforest,train,C:\Users\USER\Desktop\ai_dataset\forestry_dataset_splitted\train\tropical_rainforest\tropical_780.webp
tropical_781.webp,tropical_rainforest,train,C:\Users\USER\Desktop\ai_dataset\forestry_dataset_splitted\train\tropical_rainforest\tropical_781.webp
tropical_782.webp,tropical_rainforest,train,C:\Users\USER\Desktop\ai_dataset\forestry_dataset_splitted\train\tropical_rainforest\tropical_782.webp
tropical_783.webp,tropical_rainforest,train,C:\Users\USER\Desktop\ai_dataset\forestry_dataset_splitted\train\tropical_rainforest\tropical_783.webp
tropical_784.jpg,tropical_rainforest,train,C:\Users\USER\Desktop\ai_dataset\forestry_dataset_splitted\train\tropical_rainforest\tropical_784.jpg
tropical_785.webp,tropical_rainforest,train,C:\Users\USER\Desktop\ai_dataset\forestry_dataset_splitted\train\tropical_rainforest\tropical_785.webp
tropical_786.webp,tropical_rainforest,train,C:\Users\USER\Desktop\ai_dataset\forestry_dataset_splitted\train\tropical_rainforest\tropical_786.webp
tropical_787.webp,tropical_rainforest,train,C:\Users\USER\Desktop\ai_dataset\forestry_dataset_splitted\train\tropical_rainforest\tropical_787.webp
tropical_788.jpg,tropical_rainforest,train,C:\Users\USER\Desktop\ai_dataset\forestry_dataset_splitted\train\tropical_rainforest\tropical_788.jpg
tropical_789.webp,tropical_rainforest,train,C:\Users\USER\Desktop\ai_dataset\forestry_dataset_splitted\train\tropical_rainforest\tropical_789.webp
tropical_79.jpg,tropical_rainforest,train,C:\Users\USER\Desktop\ai_dataset\forestry_dataset_splitted\train\tropical_rainforest\tropical_79.jpg
tropical_790.jpg,tropical_rainforest,train,C:\Users\USER\Desktop\ai_dataset\forestry_dataset_splitted\train\tropical_rainforest\tropical_790.jpg
tropical_791.webp,tropical_rainforest,train,C:\Users\USER\Desktop\ai_dataset\forestry_dataset_splitted\train\tropical_rainforest\tropical_791.webp
tropical_792.webp,tropical_rainforest,train,C:\Users\USER\Desktop\ai_dataset\forestry_dataset_splitted\train\tropical_rainforest\tropical_792.webp
tropical_793.webp,tropical_rainforest,train,C:\Users\USER\Desktop\ai_dataset\forestry_dataset_splitted\train\tropical_rainforest\tropical_793.webp
tropical_794.webp,tropical_rainforest,train,C:\Users\USER\Desktop\ai_dataset\forestry_dataset_splitted\train\tropical_rainforest\tropical_794.webp
tropical_795.jpg,tropical_rainforest,train,C:\Users\USER\Desktop\ai_dataset\forestry_dataset_splitted\train\tropical_rainforest\tropical_795.jpg
tropical_796.webp,tropical_rainforest,train,C:\Users\USER\Desktop\ai_dataset\forestry_dataset_splitted\train\tropical_rainforest\tropical_796.webp
tropical_797.webp,tropical_rainforest,train,C:\Users\USER\Desktop\ai_dataset\forestry_dataset_splitted\train\tropical_rainforest\tropical_797.webp
tropical_798.webp,tropical_rainforest,train,C:\Users\USER\Desktop\ai_dataset\forestry_dataset_splitted\train\tropical_rainforest\tropical_798.webp
tropical_799.webp,tropical_rainforest,train,C:\Users\USER\Desktop\ai_dataset\forestry_dataset_splitted\train\tropical_rainforest\tropical_799.webp
tropical_8.jpg,tropical_rainforest,train,C:\Users\USER\Desktop\ai_dataset\forestry_dataset_splitted\train\tropical_rainforest\tropical_8.jpg
tropical_80.jpg,tropical_rainforest,train,C:\Users\USER\Desktop\ai_dataset\forestry_dataset_splitted\train\tropical_rainforest\tropical_80.jpg
tropical_800.webp,tropical_rainforest,train,C:\Users\USER\Desktop\ai_dataset\forestry_dataset_splitted\train\tropical_rainforest\tropical_800.webp
tropical_801.webp,tropical_rainforest,train,C:\Users\USER\Desktop\ai_dataset\forestry_dataset_splitted\train\tropical_rainforest\tropical_801.webp
tropical_802.webp,tropical_rainforest,train,C:\Users\USER\Desktop\ai_dataset\forestry_dataset_splitted\train\tropical_rainforest\tropical_802.webp
tropical_803.webp,tropical_rainforest,train,C:\Users\USER\Desktop\ai_dataset\forestry_dataset_splitted\train\tropical_rainforest\tropical_803.webp
tropical_804.webp,tropical_rainforest,train,C:\Users\USER\Desktop\ai_dataset\forestry_dataset_splitted\train\tropical_rainforest\tropical_804.webp
tropical_805.webp,tropical_rainforest,train,C:\Users\USER\Desktop\ai_dataset\forestry_dataset_splitted\train\tropical_rainforest\tropical_805.webp
tropical_806.webp,tropical_rainforest,train,C:\Users\USER\Desktop\ai_dataset\forestry_dataset_splitted\train\tropical_rainforest\tropical_806.webp
tropical_807.jpg,tropical_rainforest,train,C:\Users\USER\Desktop\ai_dataset\forestry_dataset_splitted\train\tropical_rainforest\tropical_807.jpg
tropical_808.webp,tropical_rainforest,train,C:\Users\USER\Desktop\ai_dataset\forestry_dataset_splitted\train\tropical_rainforest\tropical_808.webp
tropical_809.webp,tropical_rainforest,train,C:\Users\USER\Desktop\ai_dataset\forestry_dataset_splitted\train\tropical_rainforest\tropical_809.webp
tropical_81.webp,tropical_rainforest,train,C:\Users\USER\Desktop\ai_dataset\forestry_dataset_splitted\train\tropical_rainforest\tropical_81.webp
tropical_810.webp,tropical_rainforest,train,C:\Users\USER\Desktop\ai_dataset\forestry_dataset_splitted\train\tropical_rainforest\tropical_810.webp
tropical_811.webp,tropical_rainforest,train,C:\Users\USER\Desktop\ai_dataset\forestry_dataset_splitted\train\tropical_rainforest\tropical_811.webp
tropical_812.webp,tropical_rainforest,train,C:\Users\USER\Desktop\ai_dataset\forestry_dataset_splitted\train\tropical_rainforest\tropical_812.webp
tropical_813.webp,tropical_rainforest,train,C:\Users\USER\Desktop\ai_dataset\forestry_dataset_splitted\train\tropical_rainforest\tropical_813.webp
tropical_814.webp,tropical_rainforest,train,C:\Users\USER\Desktop\ai_dataset\forestry_dataset_splitted\train\tropical_rainforest\tropical_814.webp
tropical_815.png,tropical_rainforest,train,C:\Users\USER\Desktop\ai_dataset\forestry_dataset_splitted\train\tropical_rainforest\tropical_815.png
tropical_816.jpg,tropical_rainforest,train,C:\Users\USER\Desktop\ai_dataset\forestry_dataset_splitted\train\tropical_rainforest\tropical_816.jpg
tropical_817.webp,tropical_rainforest,train,C:\Users\USER\Desktop\ai_dataset\forestry_dataset_splitted\train\tropical_rainforest\tropical_817.webp
tropical_818.webp,tropical_rainforest,train,C:\Users\USER\Desktop\ai_dataset\forestry_dataset_splitted\train\tropical_rainforest\tropical_818.webp
tropical_819.webp,tropical_rainforest,train,C:\Users\USER\Desktop\ai_dataset\forestry_dataset_splitted\train\tropical_rainforest\tropical_819.webp
tropical_82.webp,tropical_rainforest,train,C:\Users\USER\Desktop\ai_dataset\forestry_dataset_splitted\train\tropical_rainforest\tropical_82.webp
tropical_820.webp,tropical_rainforest,train,C:\Users\USER\Desktop\ai_dataset\forestry_dataset_splitted\train\tropical_rainforest\tropical_820.webp
tropical_821.webp,tropical_rainforest,train,C:\Users\USER\Desktop\ai_dataset\forestry_dataset_splitted\train\tropical_rainforest\tropical_821.webp
tropical_822.jpg,tropical_rainforest,train,C:\Users\USER\Desktop\ai_dataset\forestry_dataset_splitted\train\tropical_rainforest\tropical_822.jpg
tropical_823.webp,tropical_rainforest,train,C:\Users\USER\Desktop\ai_dataset\forestry_dataset_splitted\train\tropical_rainforest\tropical_823.webp
tropical_824.webp,tropical_rainforest,train,C:\Users\USER\Desktop\ai_dataset\forestry_dataset_splitted\train\tropical_rainforest\tropical_824.webp
tropical_825.jpg,tropical_rainforest,train,C:\Users\USER\Desktop\ai_dataset\forestry_dataset_splitted\train\tropical_rainforest\tropical_825.jpg
tropical_826.jpg,tropical_rainforest,train,C:\Users\USER\Desktop\ai_dataset\forestry_dataset_splitted\train\tropical_rainforest\tropical_826.jpg
tropical_827.webp,tropical_rainforest,train,C:\Users\USER\Desktop\ai_dataset\forestry_dataset_splitted\train\tropical_rainforest\tropical_827.webp
tropical_828.webp,tropical_rainforest,train,C:\Users\USER\Desktop\ai_dataset\forestry_dataset_splitted\train\tropical_rainforest\tropical_828.webp
tropical_829.webp,tropical_rainforest,train,C:\Users\USER\Desktop\ai_dataset\forestry_dataset_splitted\train\tropical_rainforest\tropical_829.webp
tropical_83.webp,tropical_rainforest,train,C:\Users\USER\Desktop\ai_dataset\forestry_dataset_splitted\train\tropical_rainforest\tropical_83.webp
tropical_830.jpg,tropical_rainforest,train,C:\Users\USER\Desktop\ai_dataset\forestry_dataset_splitted\train\tropical_rainforest\tropical_830.jpg
tropical_831.webp,tropical_rainforest,train,C:\Users\USER\Desktop\ai_dataset\forestry_dataset_splitted\train\tropical_rainforest\tropical_831.webp
tropical_832.webp,tropical_rainforest,train,C:\Users\USER\Desktop\ai_dataset\forestry_dataset_splitted\train\tropical_rainforest\tropical_832.webp
tropical_833.webp,tropical_rainforest,train,C:\Users\USER\Desktop\ai_dataset\forestry_dataset_splitted\train\tropical_rainforest\tropical_833.webp
tropical_834.jpg,tropical_rainforest,train,C:\Users\USER\Desktop\ai_dataset\forestry_dataset_splitted\train\tropical_rainforest\tropical_834.jpg
tropical_835.webp,tropical_rainforest,train,C:\Users\USER\Desktop\ai_dataset\forestry_dataset_splitted\train\tropical_rainforest\tropical_835.webp
tropical_836.webp,tropical_rainforest,train,C:\Users\USER\Desktop\ai_dataset\forestry_dataset_splitted\train\tropical_rainforest\tropical_836.webp
tropical_837.png,tropical_rainforest,train,C:\Users\USER\Desktop\ai_dataset\forestry_dataset_splitted\train\tropical_rainforest\tropical_837.png
tropical_838.webp,tropical_rainforest,train,C:\Users\USER\Desktop\ai_dataset\forestry_dataset_splitted\train\tropical_rainforest\tropical_838.webp
tropical_839.webp,tropical_rainforest,train,C:\Users\USER\Desktop\ai_dataset\forestry_dataset_splitted\train\tropical_rainforest\tropical_839.webp
tropical_84.jpg,tropical_rainforest,train,C:\Users\USER\Desktop\ai_dataset\forestry_dataset_splitted\train\tropical_rainforest\tropical_84.jpg
tropical_840.webp,tropical_rainforest,train,C:\Users\USER\Desktop\ai_dataset\forestry_dataset_splitted\train\tropical_rainforest\tropical_840.webp
tropical_841.webp,tropical_rainforest,train,C:\Users\USER\Desktop\ai_dataset\forestry_dataset_splitted\train\tropical_rainforest\tropical_841.webp
tropical_842.jpg,tropical_rainforest,train,C:\Users\USER\Desktop\ai_dataset\forestry_dataset_splitted\train\tropical_rainforest\tropical_842.jpg
tropical_843.jpg,tropical_rainforest,train,C:\Users\USER\Desktop\ai_dataset\forestry_dataset_splitted\train\tropical_rainforest\tropical_843.jpg
tropical_844.webp,tropical_rainforest,train,C:\Users\USER\Desktop\ai_dataset\forestry_dataset_splitted\train\tropical_rainforest\tropical_844.webp
tropical_845.webp,tropical_rainforest,train,C:\Users\USER\Desktop\ai_dataset\forestry_dataset_splitted\train\tropical_rainforest\tropical_845.webp
tropical_846.webp,tropical_rainforest,train,C:\Users\USER\Desktop\ai_dataset\forestry_dataset_splitted\train\tropical_rainforest\tropical_846.webp
tropical_847.webp,tropical_rainforest,train,C:\Users\USER\Desktop\ai_dataset\forestry_dataset_splitted\train\tropical_rainforest\tropical_847.webp
tropical_848.webp,tropical_rainforest,train,C:\Users\USER\Desktop\ai_dataset\forestry_dataset_splitted\train\tropical_rainforest\tropical_848.webp
tropical_849.webp,tropical_rainforest,train,C:\Users\USER\Desktop\ai_dataset\forestry_dataset_splitted\train\tropical_rainforest\tropical_849.webp
tropical_85.jpg,tropical_rainforest,train,C:\Users\USER\Desktop\ai_dataset\forestry_dataset_splitted\train\tropical_rainforest\tropical_85.jpg
tropical_850.jpg,tropical_rainforest,train,C:\Users\USER\Desktop\ai_dataset\forestry_dataset_splitted\train\tropical_rainforest\tropical_850.jpg
tropical_851.webp,tropical_rainforest,train,C:\Users\USER\Desktop\ai_dataset\forestry_dataset_splitted\train\tropical_rainforest\tropical_851.webp
tropical_852.webp,tropical_rainforest,train,C:\Users\USER\Desktop\ai_dataset\forestry_dataset_splitted\train\tropical_rainforest\tropical_852.webp
tropical_853.webp,tropical_rainforest,train,C:\Users\USER\Desktop\ai_dataset\forestry_dataset_splitted\train\tropical_rainforest\tropical_853.webp
tropical_854.webp,tropical_rainforest,train,C:\Users\USER\Desktop\ai_dataset\forestry_dataset_splitted\train\tropical_rainforest\tropical_854.webp
tropical_855.webp,tropical_rainforest,train,C:\Users\USER\Desktop\ai_dataset\forestry_dataset_splitted\train\tropical_rainforest\tropical_855.webp
tropical_856.jpg,tropical_rainforest,train,C:\Users\USER\Desktop\ai_dataset\forestry_dataset_splitted\train\tropical_rainforest\tropical_856.jpg
tropical_857.webp,tropical_rainforest,train,C:\Users\USER\Desktop\ai_dataset\forestry_dataset_splitted\train\tropical_rainforest\tropical_857.webp
tropical_858.webp,tropical_rainforest,train,C:\Users\USER\Desktop\ai_dataset\forestry_dataset_splitted\train\tropical_rainforest\tropical_858.webp
tropical_859.webp,tropical_rainforest,train,C:\Users\USER\Desktop\ai_dataset\forestry_dataset_splitted\train\tropical_rainforest\tropical_859.webp
tropical_86.jpg,tropical_rainforest,train,C:\Users\USER\Desktop\ai_dataset\forestry_dataset_splitted\train\tropical_rainforest\tropical_86.jpg
tropical_860.webp,tropical_rainforest,train,C:\Users\USER\Desktop\ai_dataset\forestry_dataset_splitted\train\tropical_rainforest\tropical_860.webp
tropical_861.webp,tropical_rainforest,train,C:\Users\USER\Desktop\ai_dataset\forestry_dataset_splitted\train\tropical_rainforest\tropical_861.webp
tropical_862.webp,tropical_rainforest,train,C:\Users\USER\Desktop\ai_dataset\forestry_dataset_splitted\train\tropical_rainforest\tropical_862.webp
tropical_863.jpg,tropical_rainforest,train,C:\Users\USER\Desktop\ai_dataset\forestry_dataset_splitted\train\tropical_rainforest\tropical_863.jpg
tropical_864.webp,tropical_rainforest,train,C:\Users\USER\Desktop\ai_dataset\forestry_dataset_splitted\train\tropical_rainforest\tropical_864.webp
tropical_865.jpg,tropical_rainforest,train,C:\Users\USER\Desktop\ai_dataset\forestry_dataset_splitted\train\tropical_rainforest\tropical_865.jpg
tropical_866.jpg,tropical_rainforest,train,C:\Users\USER\Desktop\ai_dataset\forestry_dataset_splitted\train\tropical_rainforest\tropical_866.jpg
tropical_867.webp,tropical_rainforest,train,C:\Users\USER\Desktop\ai_dataset\forestry_dataset_splitted\train\tropical_rainforest\tropical_867.webp
tropical_868.png,tropical_rainforest,train,C:\Users\USER\Desktop\ai_dataset\forestry_dataset_splitted\train\tropical_rainforest\tropical_868.png
tropical_869.webp,tropical_rainforest,train,C:\Users\USER\Desktop\ai_dataset\forestry_dataset_splitted\train\tropical_rainforest\tropical_869.webp
tropical_87.webp,tropical_rainforest,train,C:\Users\USER\Desktop\ai_dataset\forestry_dataset_splitted\train\tropical_rainforest\tropical_87.webp
tropical_870.webp,tropical_rainforest,train,C:\Users\USER\Desktop\ai_dataset\forestry_dataset_splitted\train\tropical_rainforest\tropical_870.webp
tropical_871.webp,tropical_rainforest,train,C:\Users\USER\Desktop\ai_dataset\forestry_dataset_splitted\train\tropical_rainforest\tropical_871.webp
tropical_872.webp,tropical_rainforest,train,C:\Users\USER\Desktop\ai_dataset\forestry_dataset_splitted\train\tropical_rainforest\tropical_872.webp
tropical_873.webp,tropical_rainforest,train,C:\Users\USER\Desktop\ai_dataset\forestry_dataset_splitted\train\tropical_rainforest\tropical_873.webp
tropical_874.jpg,tropical_rainforest,train,C:\Users\USER\Desktop\ai_dataset\forestry_dataset_splitted\train\tropical_rainforest\tropical_874.jpg
tropical_875.webp,tropical_rainforest,train,C:\Users\USER\Desktop\ai_dataset\forestry_dataset_splitted\train\tropical_rainforest\tropical_875.webp
tropical_876.webp,tropical_rainforest,train,C:\Users\USER\Desktop\ai_dataset\forestry_dataset_splitted\train\tropical_rainforest\tropical_876.webp
tropical_877.webp,tropical_rainforest,train,C:\Users\USER\Desktop\ai_dataset\forestry_dataset_splitted\train\tropical_rainforest\tropical_877.webp
tropical_878.webp,tropical_rainforest,train,C:\Users\USER\Desktop\ai_dataset\forestry_dataset_splitted\train\tropical_rainforest\tropical_878.webp
tropical_879.webp,tropical_rainforest,train,C:\Users\USER\Desktop\ai_dataset\forestry_dataset_splitted\train\tropical_rainforest\tropical_879.webp
tropical_88.webp,tropical_rainforest,train,C:\Users\USER\Desktop\ai_dataset\forestry_dataset_splitted\train\tropical_rainforest\tropical_88.webp
tropical_880.webp,tropical_rainforest,train,C:\Users\USER\Desktop\ai_dataset\forestry_dataset_splitted\train\tropical_rainforest\tropical_880.webp
tropical_881.png,tropical_rainforest,train,C:\Users\USER\Desktop\ai_dataset\forestry_dataset_splitted\train\tropical_rainforest\tropical_881.png
tropical_882.webp,tropical_rainforest,train,C:\Users\USER\Desktop\ai_dataset\forestry_dataset_splitted\train\tropical_rainforest\tropical_882.webp
tropical_883.webp,tropical_rainforest,train,C:\Users\USER\Desktop\ai_dataset\forestry_dataset_splitted\train\tropical_rainforest\tropical_883.webp
tropical_884.webp,tropical_rainforest,train,C:\Users\USER\Desktop\ai_dataset\forestry_dataset_splitted\train\tropical_rainforest\tropical_884.webp
tropical_885.webp,tropical_rainforest,train,C:\Users\USER\Desktop\ai_dataset\forestry_dataset_splitted\train\tropical_rainforest\tropical_885.webp
tropical_886.webp,tropical_rainforest,train,C:\Users\USER\Desktop\ai_dataset\forestry_dataset_splitted\train\tropical_rainforest\tropical_886.webp
tropical_887.webp,tropical_rainforest,train,C:\Users\USER\Desktop\ai_dataset\forestry_dataset_splitted\train\tropical_rainforest\tropical_887.webp
tropical_888.webp,tropical_rainforest,train,C:\Users\USER\Desktop\ai_dataset\forestry_dataset_splitted\train\tropical_rainforest\tropical_888.webp
tropical_889.webp,tropical_rainforest,train,C:\Users\USER\Desktop\ai_dataset\forestry_dataset_splitted\train\tropical_rainforest\tropical_889.webp
tropical_89.webp,tropical_rainforest,train,C:\Users\USER\Desktop\ai_dataset\forestry_dataset_splitted\train\tropical_rainforest\tropical_89.webp
tropical_890.webp,tropical_rainforest,train,C:\Users\USER\Desktop\ai_dataset\forestry_dataset_splitted\train\tropical_rainforest\tropical_890.webp
tropical_891.webp,tropical_rainforest,train,C:\Users\USER\Desktop\ai_dataset\forestry_dataset_splitted\train\tropical_rainforest\tropical_891.webp
tropical_892.webp,tropical_rainforest,train,C:\Users\USER\Desktop\ai_dataset\forestry_dataset_splitted\train\tropical_rainforest\tropical_892.webp
tropical_893.webp,tropical_rainforest,train,C:\Users\USER\Desktop\ai_dataset\forestry_dataset_splitted\train\tropical_rainforest\tropical_893.webp
tropical_894.webp,tropical_rainforest,train,C:\Users\USER\Desktop\ai_dataset\forestry_dataset_splitted\train\tropical_rainforest\tropical_894.webp
tropical_895.jpg,tropical_rainforest,train,C:\Users\USER\Desktop\ai_dataset\forestry_dataset_splitted\train\tropical_rainforest\tropical_895.jpg
tropical_896.webp,tropical_rainforest,train,C:\Users\USER\Desktop\ai_dataset\forestry_dataset_splitted\train\tropical_rainforest\tropical_896.webp
tropical_897.webp,tropical_rainforest,train,C:\Users\USER\Desktop\ai_dataset\forestry_dataset_splitted\train\tropical_rainforest\tropical_897.webp
tropical_898.jpg,tropical_rainforest,train,C:\Users\USER\Desktop\ai_dataset\forestry_dataset_splitted\train\tropical_rainforest\tropical_898.jpg
tropical_899.webp,tropical_rainforest,train,C:\Users\USER\Desktop\ai_dataset\forestry_dataset_splitted\train\tropical_rainforest\tropical_899.webp
tropical_9.jpg,tropical_rainforest,train,C:\Users\USER\Desktop\ai_dataset\forestry_dataset_splitted\train\tropical_rainforest\tropical_9.jpg
tropical_90.jpg,tropical_rainforest,train,C:\Users\USER\Desktop\ai_dataset\forestry_dataset_splitted\train\tropical_rainforest\tropical_90.jpg
tropical_900.webp,tropical_rainforest,train,C:\Users\USER\Desktop\ai_dataset\forestry_dataset_splitted\train\tropical_rainforest\tropical_900.webp
tropical_901.jpg,tropical_rainforest,train,C:\Users\USER\Desktop\ai_dataset\forestry_dataset_splitted\train\tropical_rainforest\tropical_901.jpg
tropical_902.webp,tropical_rainforest,train,C:\Users\USER\Desktop\ai_dataset\forestry_dataset_splitted\train\tropical_rainforest\tropical_902.webp
tropical_903.jpg,tropical_rainforest,train,C:\Users\USER\Desktop\ai_dataset\forestry_dataset_splitted\train\tropical_rainforest\tropical_903.jpg
tropical_904.webp,tropical_rainforest,train,C:\Users\USER\Desktop\ai_dataset\forestry_dataset_splitted\train\tropical_rainforest\tropical_904.webp
tropical_905.jpg,tropical_rainforest,train,C:\Users\USER\Desktop\ai_dataset\forestry_dataset_splitted\train\tropical_rainforest\tropical_905.jpg
tropical_906.jpg,tropical_rainforest,train,C:\Users\USER\Desktop\ai_dataset\forestry_dataset_splitted\train\tropical_rainforest\tropical_906.jpg
tropical_907.webp,tropical_rainforest,train,C:\Users\USER\Desktop\ai_dataset\forestry_dataset_splitted\train\tropical_rainforest\tropical_907.webp
tropical_908.webp,tropical_rainforest,train,C:\Users\USER\Desktop\ai_dataset\forestry_dataset_splitted\train\tropical_rainforest\tropical_908.webp
tropical_909.webp,tropical_rainforest,train,C:\Users\USER\Desktop\ai_dataset\forestry_dataset_splitted\train\tropical_rainforest\tropical_909.webp
tropical_91.jpg,tropical_rainforest,train,C:\Users\USER\Desktop\ai_dataset\forestry_dataset_splitted\train\tropical_rainforest\tropical_91.jpg
tropical_910.webp,tropical_rainforest,train,C:\Users\USER\Desktop\ai_dataset\forestry_dataset_splitted\train\tropical_rainforest\tropical_910.webp
tropical_911.webp,tropical_rainforest,train,C:\Users\USER\Desktop\ai_dataset\forestry_dataset_splitted\train\tropical_rainforest\tropical_911.webp
tropical_912.webp,tropical_rainforest,train,C:\Users\USER\Desktop\ai_dataset\forestry_dataset_splitted\train\tropical_rainforest\tropical_912.webp
tropical_913.webp,tropical_rainforest,train,C:\Users\USER\Desktop\ai_dataset\forestry_dataset_splitted\train\tropical_rainforest\tropical_913.webp
tropical_914.webp,tropical_rainforest,train,C:\Users\USER\Desktop\ai_dataset\forestry_dataset_splitted\train\tropical_rainforest\tropical_914.webp
tropical_915.webp,tropical_rainforest,train,C:\Users\USER\Desktop\ai_dataset\forestry_dataset_splitted\train\tropical_rainforest\tropical_915.webp
tropical_916.webp,tropical_rainforest,train,C:\Users\USER\Desktop\ai_dataset\forestry_dataset_splitted\train\tropical_rainforest\tropical_916.webp
tropical_917.webp,tropical_rainforest,train,C:\Users\USER\Desktop\ai_dataset\forestry_dataset_splitted\train\tropical_rainforest\tropical_917.webp
tropical_918.webp,tropical_rainforest,train,C:\Users\USER\Desktop\ai_dataset\forestry_dataset_splitted\train\tropical_rainforest\tropical_918.webp
tropical_919.webp,tropical_rainforest,train,C:\Users\USER\Desktop\ai_dataset\forestry_dataset_splitted\train\tropical_rainforest\tropical_919.webp
tropical_92.jpg,tropical_rainforest,train,C:\Users\USER\Desktop\ai_dataset\forestry_dataset_splitted\train\tropical_rainforest\tropical_92.jpg
tropical_920.jpg,tropical_rainforest,train,C:\Users\USER\Desktop\ai_dataset\forestry_dataset_splitted\train\tropical_rainforest\tropical_920.jpg
tropical_921.webp,tropical_rainforest,train,C:\Users\USER\Desktop\ai_dataset\forestry_dataset_splitted\train\tropical_rainforest\tropical_921.webp
tropical_922.webp,tropical_rainforest,train,C:\Users\USER\Desktop\ai_dataset\forestry_dataset_splitted\train\tropical_rainforest\tropical_922.webp
tropical_923.webp,tropical_rainforest,train,C:\Users\USER\Desktop\ai_dataset\forestry_dataset_splitted\train\tropical_rainforest\tropical_923.webp
tropical_924.jpg,tropical_rainforest,train,C:\Users\USER\Desktop\ai_dataset\forestry_dataset_splitted\train\tropical_rainforest\tropical_924.jpg
tropical_925.webp,tropical_rainforest,train,C:\Users\USER\Desktop\ai_dataset\forestry_dataset_splitted\train\tropical_rainforest\tropical_925.webp
tropical_926.jpg,tropical_rainforest,train,C:\Users\USER\Desktop\ai_dataset\forestry_dataset_splitted\train\tropical_rainforest\tropical_926.jpg
tropical_927.jpg,tropical_rainforest,train,C:\Users\USER\Desktop\ai_dataset\forestry_dataset_splitted\train\tropical_rainforest\tropical_927.jpg
tropical_928.webp,tropical_rainforest,train,C:\Users\USER\Desktop\ai_dataset\forestry_dataset_splitted\train\tropical_rainforest\tropical_928.webp
tropical_929.webp,tropical_rainforest,train,C:\Users\USER\Desktop\ai_dataset\forestry_dataset_splitted\train\tropical_rainforest\tropical_929.webp
tropical_93.webp,tropical_rainforest,train,C:\Users\USER\Desktop\ai_dataset\forestry_dataset_splitted\train\tropical_rainforest\tropical_93.webp
tropical_930.webp,tropical_rainforest,train,C:\Users\USER\Desktop\ai_dataset\forestry_dataset_splitted\train\tropical_rainforest\tropical_930.webp
tropical_931.jpg,tropical_rainforest,train,C:\Users\USER\Desktop\ai_dataset\forestry_dataset_splitted\train\tropical_rainforest\tropical_931.jpg
tropical_932.webp,tropical_rainforest,train,C:\Users\USER\Desktop\ai_dataset\forestry_dataset_splitted\train\tropical_rainforest\tropical_932.webp
tropical_933.jpg,tropical_rainforest,train,C:\Users\USER\Desktop\ai_dataset\forestry_dataset_splitted\train\tropical_rainforest\tropical_933.jpg
tropical_934.webp,tropical_rainforest,train,C:\Users\USER\Desktop\ai_dataset\forestry_dataset_splitted\train\tropical_rainforest\tropical_934.webp
tropical_935.webp,tropical_rainforest,train,C:\Users\USER\Desktop\ai_dataset\forestry_dataset_splitted\train\tropical_rainforest\tropical_935.webp
tropical_936.jpg,tropical_rainforest,train,C:\Users\USER\Desktop\ai_dataset\forestry_dataset_splitted\train\tropical_rainforest\tropical_936.jpg
tropical_937.jpg,tropical_rainforest,train,C:\Users\USER\Desktop\ai_dataset\forestry_dataset_splitted\train\tropical_rainforest\tropical_937.jpg
tropical_938.jpg,tropical_rainforest,train,C:\Users\USER\Desktop\ai_dataset\forestry_dataset_splitted\train\tropical_rainforest\tropical_938.jpg
tropical_939.webp,tropical_rainforest,train,C:\Users\USER\Desktop\ai_dataset\forestry_dataset_splitted\train\tropical_rainforest\tropical_939.webp
tropical_94.jpg,tropical_rainforest,train,C:\Users\USER\Desktop\ai_dataset\forestry_dataset_splitted\train\tropical_rainforest\tropical_94.jpg
tropical_940.jpg,tropical_rainforest,train,C:\Users\USER\Desktop\ai_dataset\forestry_dataset_splitted\train\tropical_rainforest\tropical_940.jpg
tropical_941.webp,tropical_rainforest,train,C:\Users\USER\Desktop\ai_dataset\forestry_dataset_splitted\train\tropical_rainforest\tropical_941.webp
tropical_942.webp,tropical_rainforest,train,C:\Users\USER\Desktop\ai_dataset\forestry_dataset_splitted\train\tropical_rainforest\tropical_942.webp
tropical_943.webp,tropical_rainforest,train,C:\Users\USER\Desktop\ai_dataset\forestry_dataset_splitted\train\tropical_rainforest\tropical_943.webp
tropical_944.jpg,tropical_rainforest,train,C:\Users\USER\Desktop\ai_dataset\forestry_dataset_splitted\train\tropical_rainforest\tropical_944.jpg
tropical_945.webp,tropical_rainforest,train,C:\Users\USER\Desktop\ai_dataset\forestry_dataset_splitted\train\tropical_rainforest\tropical_945.webp
tropical_946.webp,tropical_rainforest,train,C:\Users\USER\Desktop\ai_dataset\forestry_dataset_splitted\train\tropical_rainforest\tropical_946.webp
tropical_947.webp,tropical_rainforest,train,C:\Users\USER\Desktop\ai_dataset\forestry_dataset_splitted\train\tropical_rainforest\tropical_947.webp
tropical_948.jpg,tropical_rainforest,train,C:\Users\USER\Desktop\ai_dataset\forestry_dataset_splitted\train\tropical_rainforest\tropical_948.jpg
tropical_949.webp,tropical_rainforest,train,C:\Users\USER\Desktop\ai_dataset\forestry_dataset_splitted\train\tropical_rainforest\tropical_949.webp
tropical_95.webp,tropical_rainforest,train,C:\Users\USER\Desktop\ai_dataset\forestry_dataset_splitted\train\tropical_rainforest\tropical_95.webp
tropical_950.webp,tropical_rainforest,train,C:\Users\USER\Desktop\ai_dataset\forestry_dataset_splitted\train\tropical_rainforest\tropical_950.webp
tropical_951.jpg,tropical_rainforest,train,C:\Users\USER\Desktop\ai_dataset\forestry_dataset_splitted\train\tropical_rainforest\tropical_951.jpg
tropical_952.jpg,tropical_rainforest,train,C:\Users\USER\Desktop\ai_dataset\forestry_dataset_splitted\train\tropical_rainforest\tropical_952.jpg
tropical_953.jpg,tropical_rainforest,train,C:\Users\USER\Desktop\ai_dataset\forestry_dataset_splitted\train\tropical_rainforest\tropical_953.jpg
tropical_954.jpg,tropical_rainforest,train,C:\Users\USER\Desktop\ai_dataset\forestry_dataset_splitted\train\tropical_rainforest\tropical_954.jpg
tropical_955.webp,tropical_rainforest,train,C:\Users\USER\Desktop\ai_dataset\forestry_dataset_splitted\train\tropical_rainforest\tropical_955.webp
tropical_956.jpg,tropical_rainforest,train,C:\Users\USER\Desktop\ai_dataset\forestry_dataset_splitted\train\tropical_rainforest\tropical_956.jpg
tropical_957.webp,tropical_rainforest,train,C:\Users\USER\Desktop\ai_dataset\forestry_dataset_splitted\train\tropical_rainforest\tropical_957.webp
tropical_958.jpg,tropical_rainforest,train,C:\Users\USER\Desktop\ai_dataset\forestry_dataset_splitted\train\tropical_rainforest\tropical_958.jpg
tropical_959.jpg,tropical_rainforest,train,C:\Users\USER\Desktop\ai_dataset\forestry_dataset_splitted\train\tropical_rainforest\tropical_959.jpg
tropical_96.jpg,tropical_rainforest,train,C:\Users\USER\Desktop\ai_dataset\forestry_dataset_splitted\train\tropical_rainforest\tropical_96.jpg
tropical_960.webp,tropical_rainforest,train,C:\Users\USER\Desktop\ai_dataset\forestry_dataset_splitted\train\tropical_rainforest\tropical_960.webp
tropical_961.jpg,tropical_rainforest,train,C:\Users\USER\Desktop\ai_dataset\forestry_dataset_splitted\train\tropical_rainforest\tropical_961.jpg
tropical_962.jpg,tropical_rainforest,train,C:\Users\USER\Desktop\ai_dataset\forestry_dataset_splitted\train\tropical_rainforest\tropical_962.jpg
tropical_963.jpg,tropical_rainforest,train,C:\Users\USER\Desktop\ai_dataset\forestry_dataset_splitted\train\tropical_rainforest\tropical_963.jpg
tropical_964.png,tropical_rainforest,train,C:\Users\USER\Desktop\ai_dataset\forestry_dataset_splitted\train\tropical_rainforest\tropical_964.png
tropical_965.webp,tropical_rainforest,train,C:\Users\USER\Desktop\ai_dataset\forestry_dataset_splitted\train\tropical_rainforest\tropical_965.webp
tropical_966.webp,tropical_rainforest,train,C:\Users\USER\Desktop\ai_dataset\forestry_dataset_splitted\train\tropical_rainforest\tropical_966.webp
tropical_967.jpg,tropical_rainforest,train,C:\Users\USER\Desktop\ai_dataset\forestry_dataset_splitted\train\tropical_rainforest\tropical_967.jpg
tropical_968.jpg,tropical_rainforest,train,C:\Users\USER\Desktop\ai_dataset\forestry_dataset_splitted\train\tropical_rainforest\tropical_968.jpg
tropical_969.webp,tropical_rainforest,train,C:\Users\USER\Desktop\ai_dataset\forestry_dataset_splitted\train\tropical_rainforest\tropical_969.webp
tropical_97.jpg,tropical_rainforest,train,C:\Users\USER\Desktop\ai_dataset\forestry_dataset_splitted\train\tropical_rainforest\tropical_97.jpg
tropical_970.webp,tropical_rainforest,train,C:\Users\USER\Desktop\ai_dataset\forestry_dataset_splitted\train\tropical_rainforest\tropical_970.webp
tropical_971.webp,tropical_rainforest,train,C:\Users\USER\Desktop\ai_dataset\forestry_dataset_splitted\train\tropical_rainforest\tropical_971.webp
tropical_972.jpg,tropical_rainforest,train,C:\Users\USER\Desktop\ai_dataset\forestry_dataset_splitted\train\tropical_rainforest\tropical_972.jpg
tropical_973.jpg,tropical_rainforest,train,C:\Users\USER\Desktop\ai_dataset\forestry_dataset_splitted\train\tropical_rainforest\tropical_973.jpg
tropical_974.jpg,tropical_rainforest,train,C:\Users\USER\Desktop\ai_dataset\forestry_dataset_splitted\train\tropical_rainforest\tropical_974.jpg
tropical_975.jpg,tropical_rainforest,train,C:\Users\USER\Desktop\ai_dataset\forestry_dataset_splitted\train\tropical_rainforest\tropical_975.jpg
tropical_976.jpg,tropical_rainforest,train,C:\Users\USER\Desktop\ai_dataset\forestry_dataset_splitted\train\tropical_rainforest\tropical_976.jpg
tropical_977.jpg,tropical_rainforest,train,C:\Users\USER\Desktop\ai_dataset\forestry_dataset_splitted\train\tropical_rainforest\tropical_977.jpg
tropical_978.jpg,tropical_rainforest,train,C:\Users\USER\Desktop\ai_dataset\forestry_dataset_splitted\train\tropical_rainforest\tropical_978.jpg
tropical_979.webp,tropical_rainforest,train,C:\Users\USER\Desktop\ai_dataset\forestry_dataset_splitted\train\tropical_rainforest\tropical_979.webp
tropical_98.jpg,tropical_rainforest,train,C:\Users\USER\Desktop\ai_dataset\forestry_dataset_splitted\train\tropical_rainforest\tropical_98.jpg
tropical_980.webp,tropical_rainforest,train,C:\Users\USER\Desktop\ai_dataset\forestry_dataset_splitted\train\tropical_rainforest\tropical_980.webp
tropical_981.webp,tropical_rainforest,train,C:\Users\USER\Desktop\ai_dataset\forestry_dataset_splitted\train\tropical_rainforest\tropical_981.webp
tropical_982.jpg,tropical_rainforest,train,C:\Users\USER\Desktop\ai_dataset\forestry_dataset_splitted\train\tropical_rainforest\tropical_982.jpg
tropical_983.jpg,tropical_rainforest,train,C:\Users\USER\Desktop\ai_dataset\forestry_dataset_splitted\train\tropical_rainforest\tropical_983.jpg
tropical_984.jpg,tropical_rainforest,train,C:\Users\USER\Desktop\ai_dataset\forestry_dataset_splitted\train\tropical_rainforest\tropical_984.jpg
tropical_985.jpg,tropical_rainforest,train,C:\Users\USER\Desktop\ai_dataset\forestry_dataset_splitted\train\tropical_rainforest\tropical_985.jpg
tropical_986.jpg,tropical_rainforest,train,C:\Users\USER\Desktop\ai_dataset\forestry_dataset_splitted\train\tropical_rainforest\tropical_986.jpg
tropical_987.webp,tropical_rainforest,train,C:\Users\USER\Desktop\ai_dataset\forestry_dataset_splitted\train\tropical_rainforest\tropical_987.webp
tropical_988.jpg,tropical_rainforest,train,C:\Users\USER\Desktop\ai_dataset\forestry_dataset_splitted\train\tropical_rainforest\tropical_988.jpg
tropical_989.webp,tropical_rainforest,train,C:\Users\USER\Desktop\ai_dataset\forestry_dataset_splitted\train\tropical_rainforest\tropical_989.webp
tropical_99.jpg,tropical_rainforest,train,C:\Users\USER\Desktop\ai_dataset\forestry_dataset_splitted\train\tropical_rainforest\tropical_99.jpg
tropical_990.webp,tropical_rainforest,train,C:\Users\USER\Desktop\ai_dataset\forestry_dataset_splitted\train\tropical_rainforest\tropical_990.webp
tropical_991.jpg,tropical_rainforest,train,C:\Users\USER\Desktop\ai_dataset\forestry_dataset_splitted\train\tropical_rainforest\tropical_991.jpg
tropical_992.webp,tropical_rainforest,train,C:\Users\USER\Desktop\ai_dataset\forestry_dataset_splitted\train\tropical_rainforest\tropical_992.webp
tropical_993.jpg,tropical_rainforest,train,C:\Users\USER\Desktop\ai_dataset\forestry_dataset_splitted\train\tropical_rainforest\tropical_993.jpg
tropical_994.jpg,tropical_rainforest,train,C:\Users\USER\Desktop\ai_dataset\forestry_dataset_splitted\train\tropical_rainforest\tropical_994.jpg
tropical_995.webp,tropical_rainforest,train,C:\Users\USER\Desktop\ai_dataset\forestry_dataset_splitted\train\tropical_rainforest\tropical_995.webp
tropical_996.jpg,tropical_rainforest,train,C:\Users\USER\Desktop\ai_dataset\forestry_dataset_splitted\train\tropical_rainforest\tropical_996.jpg
tropical_997.jpg,tropical_rainforest,train,C:\Users\USER\Desktop\ai_dataset\forestry_dataset_splitted\train\tropical_rainforest\tropical_997.jpg
tropical_998.webp,tropical_rainforest,train,C:\Users\USER\Desktop\ai_dataset\forestry_dataset_splitted\train\tropical_rainforest\tropical_998.webp
tropical_999.jpg,tropical_rainforest,train,C:\Users\USER\Desktop\ai_dataset\forestry_dataset_splitted\train\tropical_rainforest\tropical_999.jpg
bamboo_1.webp,bamboo_forest,val,C:\Users\USER\Desktop\ai_dataset\forestry_dataset_splitted\val\bamboo_forest\bamboo_1.webp
bamboo_10.webp,bamboo_forest,val,C:\Users\USER\Desktop\ai_dataset\forestry_dataset_splitted\val\bamboo_forest\bamboo_10.webp
bamboo_100.jpg,bamboo_forest,val,C:\Users\USER\Desktop\ai_dataset\forestry_dataset_splitted\val\bamboo_forest\bamboo_100.jpg
bamboo_101.jpg,bamboo_forest,val,C:\Users\USER\Desktop\ai_dataset\forestry_dataset_splitted\val\bamboo_forest\bamboo_101.jpg
bamboo_102.jpg,bamboo_forest,val,C:\Users\USER\Desktop\ai_dataset\forestry_dataset_splitted\val\bamboo_forest\bamboo_102.jpg
bamboo_103.jpg,bamboo_forest,val,C:\Users\USER\Desktop\ai_dataset\forestry_dataset_splitted\val\bamboo_forest\bamboo_103.jpg
bamboo_104.jpg,bamboo_forest,val,C:\Users\USER\Desktop\ai_dataset\forestry_dataset_splitted\val\bamboo_forest\bamboo_104.jpg
bamboo_105.webp,bamboo_forest,val,C:\Users\USER\Desktop\ai_dataset\forestry_dataset_splitted\val\bamboo_forest\bamboo_105.webp
bamboo_106.jpg,bamboo_forest,val,C:\Users\USER\Desktop\ai_dataset\forestry_dataset_splitted\val\bamboo_forest\bamboo_106.jpg
bamboo_107.webp,bamboo_forest,val,C:\Users\USER\Desktop\ai_dataset\forestry_dataset_splitted\val\bamboo_forest\bamboo_107.webp
bamboo_108.webp,bamboo_forest,val,C:\Users\USER\Desktop\ai_dataset\forestry_dataset_splitted\val\bamboo_forest\bamboo_108.webp
bamboo_109.jpg,bamboo_forest,val,C:\Users\USER\Desktop\ai_dataset\forestry_dataset_splitted\val\bamboo_forest\bamboo_109.jpg
bamboo_11.webp,bamboo_forest,val,C:\Users\USER\Desktop\ai_dataset\forestry_dataset_splitted\val\bamboo_forest\bamboo_11.webp
bamboo_110.jpg,bamboo_forest,val,C:\Users\USER\Desktop\ai_dataset\forestry_dataset_splitted\val\bamboo_forest\bamboo_110.jpg
bamboo_111.jpg,bamboo_forest,val,C:\Users\USER\Desktop\ai_dataset\forestry_dataset_splitted\val\bamboo_forest\bamboo_111.jpg
bamboo_112.jpg,bamboo_forest,val,C:\Users\USER\Desktop\ai_dataset\forestry_dataset_splitted\val\bamboo_forest\bamboo_112.jpg
bamboo_113.jpg,bamboo_forest,val,C:\Users\USER\Desktop\ai_dataset\forestry_dataset_splitted\val\bamboo_forest\bamboo_113.jpg
bamboo_114.webp,bamboo_forest,val,C:\Users\USER\Desktop\ai_dataset\forestry_dataset_splitted\val\bamboo_forest\bamboo_114.webp
bamboo_115.jpg,bamboo_forest,val,C:\Users\USER\Desktop\ai_dataset\forestry_dataset_splitted\val\bamboo_forest\bamboo_115.jpg
bamboo_116.webp,bamboo_forest,val,C:\Users\USER\Desktop\ai_dataset\forestry_dataset_splitted\val\bamboo_forest\bamboo_116.webp
bamboo_117.jpg,bamboo_forest,val,C:\Users\USER\Desktop\ai_dataset\forestry_dataset_splitted\val\bamboo_forest\bamboo_117.jpg
bamboo_118.jpg,bamboo_forest,val,C:\Users\USER\Desktop\ai_dataset\forestry_dataset_splitted\val\bamboo_forest\bamboo_118.jpg
bamboo_119.jpg,bamboo_forest,val,C:\Users\USER\Desktop\ai_dataset\forestry_dataset_splitted\val\bamboo_forest\bamboo_119.jpg
bamboo_12.jpg,bamboo_forest,val,C:\Users\USER\Desktop\ai_dataset\forestry_dataset_splitted\val\bamboo_forest\bamboo_12.jpg
bamboo_120.jpg,bamboo_forest,val,C:\Users\USER\Desktop\ai_dataset\forestry_dataset_splitted\val\bamboo_forest\bamboo_120.jpg
bamboo_121.jpg,bamboo_forest,val,C:\Users\USER\Desktop\ai_dataset\forestry_dataset_splitted\val\bamboo_forest\bamboo_121.jpg
bamboo_122.jpg,bamboo_forest,val,C:\Users\USER\Desktop\ai_dataset\forestry_dataset_splitted\val\bamboo_forest\bamboo_122.jpg
bamboo_123.jpg,bamboo_forest,val,C:\Users\USER\Desktop\ai_dataset\forestry_dataset_splitted\val\bamboo_forest\bamboo_123.jpg
bamboo_124.jpg,bamboo_forest,val,C:\Users\USER\Desktop\ai_dataset\forestry_dataset_splitted\val\bamboo_forest\bamboo_124.jpg
bamboo_125.webp,bamboo_forest,val,C:\Users\USER\Desktop\ai_dataset\forestry_dataset_splitted\val\bamboo_forest\bamboo_125.webp
bamboo_126.jpg,bamboo_forest,val,C:\Users\USER\Desktop\ai_dataset\forestry_dataset_splitted\val\bamboo_forest\bamboo_126.jpg
bamboo_127.jpg,bamboo_forest,val,C:\Users\USER\Desktop\ai_dataset\forestry_dataset_splitted\val\bamboo_forest\bamboo_127.jpg
bamboo_128.webp,bamboo_forest,val,C:\Users\USER\Desktop\ai_dataset\forestry_dataset_splitted\val\bamboo_forest\bamboo_128.webp
bamboo_129.jpg,bamboo_forest,val,C:\Users\USER\Desktop\ai_dataset\forestry_dataset_splitted\val\bamboo_forest\bamboo_129.jpg
bamboo_13.webp,bamboo_forest,val,C:\Users\USER\Desktop\ai_dataset\forestry_dataset_splitted\val\bamboo_forest\bamboo_13.webp
bamboo_130.jpg,bamboo_forest,val,C:\Users\USER\Desktop\ai_dataset\forestry_dataset_splitted\val\bamboo_forest\bamboo_130.jpg
bamboo_131.jpg,bamboo_forest,val,C:\Users\USER\Desktop\ai_dataset\forestry_dataset_splitted\val\bamboo_forest\bamboo_131.jpg
bamboo_132.jpg,bamboo_forest,val,C:\Users\USER\Desktop\ai_dataset\forestry_dataset_splitted\val\bamboo_forest\bamboo_132.jpg
bamboo_133.webp,bamboo_forest,val,C:\Users\USER\Desktop\ai_dataset\forestry_dataset_splitted\val\bamboo_forest\bamboo_133.webp
bamboo_134.webp,bamboo_forest,val,C:\Users\USER\Desktop\ai_dataset\forestry_dataset_splitted\val\bamboo_forest\bamboo_134.webp
bamboo_135.jpg,bamboo_forest,val,C:\Users\USER\Desktop\ai_dataset\forestry_dataset_splitted\val\bamboo_forest\bamboo_135.jpg
bamboo_136.webp,bamboo_forest,val,C:\Users\USER\Desktop\ai_dataset\forestry_dataset_splitted\val\bamboo_forest\bamboo_136.webp
bamboo_137.webp,bamboo_forest,val,C:\Users\USER\Desktop\ai_dataset\forestry_dataset_splitted\val\bamboo_forest\bamboo_137.webp
bamboo_138.jpg,bamboo_forest,val,C:\Users\USER\Desktop\ai_dataset\forestry_dataset_splitted\val\bamboo_forest\bamboo_138.jpg
bamboo_139.jpg,bamboo_forest,val,C:\Users\USER\Desktop\ai_dataset\forestry_dataset_splitted\val\bamboo_forest\bamboo_139.jpg
bamboo_14.jpg,bamboo_forest,val,C:\Users\USER\Desktop\ai_dataset\forestry_dataset_splitted\val\bamboo_forest\bamboo_14.jpg
bamboo_140.webp,bamboo_forest,val,C:\Users\USER\Desktop\ai_dataset\forestry_dataset_splitted\val\bamboo_forest\bamboo_140.webp
bamboo_141.webp,bamboo_forest,val,C:\Users\USER\Desktop\ai_dataset\forestry_dataset_splitted\val\bamboo_forest\bamboo_141.webp
bamboo_142.jpg,bamboo_forest,val,C:\Users\USER\Desktop\ai_dataset\forestry_dataset_splitted\val\bamboo_forest\bamboo_142.jpg
bamboo_143.webp,bamboo_forest,val,C:\Users\USER\Desktop\ai_dataset\forestry_dataset_splitted\val\bamboo_forest\bamboo_143.webp
bamboo_144.jpg,bamboo_forest,val,C:\Users\USER\Desktop\ai_dataset\forestry_dataset_splitted\val\bamboo_forest\bamboo_144.jpg
bamboo_145.webp,bamboo_forest,val,C:\Users\USER\Desktop\ai_dataset\forestry_dataset_splitted\val\bamboo_forest\bamboo_145.webp
bamboo_146.webp,bamboo_forest,val,C:\Users\USER\Desktop\ai_dataset\forestry_dataset_splitted\val\bamboo_forest\bamboo_146.webp
bamboo_147.webp,bamboo_forest,val,C:\Users\USER\Desktop\ai_dataset\forestry_dataset_splitted\val\bamboo_forest\bamboo_147.webp
bamboo_148.jpg,bamboo_forest,val,C:\Users\USER\Desktop\ai_dataset\forestry_dataset_splitted\val\bamboo_forest\bamboo_148.jpg
bamboo_149.webp,bamboo_forest,val,C:\Users\USER\Desktop\ai_dataset\forestry_dataset_splitted\val\bamboo_forest\bamboo_149.webp
bamboo_15.jpg,bamboo_forest,val,C:\Users\USER\Desktop\ai_dataset\forestry_dataset_splitted\val\bamboo_forest\bamboo_15.jpg
bamboo_150.jpg,bamboo_forest,val,C:\Users\USER\Desktop\ai_dataset\forestry_dataset_splitted\val\bamboo_forest\bamboo_150.jpg
bamboo_151.webp,bamboo_forest,val,C:\Users\USER\Desktop\ai_dataset\forestry_dataset_splitted\val\bamboo_forest\bamboo_151.webp
bamboo_152.webp,bamboo_forest,val,C:\Users\USER\Desktop\ai_dataset\forestry_dataset_splitted\val\bamboo_forest\bamboo_152.webp
bamboo_153.webp,bamboo_forest,val,C:\Users\USER\Desktop\ai_dataset\forestry_dataset_splitted\val\bamboo_forest\bamboo_153.webp
bamboo_154.jpg,bamboo_forest,val,C:\Users\USER\Desktop\ai_dataset\forestry_dataset_splitted\val\bamboo_forest\bamboo_154.jpg
bamboo_155.webp,bamboo_forest,val,C:\Users\USER\Desktop\ai_dataset\forestry_dataset_splitted\val\bamboo_forest\bamboo_155.webp
bamboo_156.webp,bamboo_forest,val,C:\Users\USER\Desktop\ai_dataset\forestry_dataset_splitted\val\bamboo_forest\bamboo_156.webp
bamboo_157.jpg,bamboo_forest,val,C:\Users\USER\Desktop\ai_dataset\forestry_dataset_splitted\val\bamboo_forest\bamboo_157.jpg
bamboo_158.jpg,bamboo_forest,val,C:\Users\USER\Desktop\ai_dataset\forestry_dataset_splitted\val\bamboo_forest\bamboo_158.jpg
bamboo_159.webp,bamboo_forest,val,C:\Users\USER\Desktop\ai_dataset\forestry_dataset_splitted\val\bamboo_forest\bamboo_159.webp
bamboo_16.jpg,bamboo_forest,val,C:\Users\USER\Desktop\ai_dataset\forestry_dataset_splitted\val\bamboo_forest\bamboo_16.jpg
bamboo_160.jpg,bamboo_forest,val,C:\Users\USER\Desktop\ai_dataset\forestry_dataset_splitted\val\bamboo_forest\bamboo_160.jpg
bamboo_161.webp,bamboo_forest,val,C:\Users\USER\Desktop\ai_dataset\forestry_dataset_splitted\val\bamboo_forest\bamboo_161.webp
bamboo_162.jpg,bamboo_forest,val,C:\Users\USER\Desktop\ai_dataset\forestry_dataset_splitted\val\bamboo_forest\bamboo_162.jpg
bamboo_163.webp,bamboo_forest,val,C:\Users\USER\Desktop\ai_dataset\forestry_dataset_splitted\val\bamboo_forest\bamboo_163.webp
bamboo_164.jpg,bamboo_forest,val,C:\Users\USER\Desktop\ai_dataset\forestry_dataset_splitted\val\bamboo_forest\bamboo_164.jpg
bamboo_165.webp,bamboo_forest,val,C:\Users\USER\Desktop\ai_dataset\forestry_dataset_splitted\val\bamboo_forest\bamboo_165.webp
bamboo_166.webp,bamboo_forest,val,C:\Users\USER\Desktop\ai_dataset\forestry_dataset_splitted\val\bamboo_forest\bamboo_166.webp
bamboo_167.jpg,bamboo_forest,val,C:\Users\USER\Desktop\ai_dataset\forestry_dataset_splitted\val\bamboo_forest\bamboo_167.jpg
bamboo_168.jpg,bamboo_forest,val,C:\Users\USER\Desktop\ai_dataset\forestry_dataset_splitted\val\bamboo_forest\bamboo_168.jpg
bamboo_169.webp,bamboo_forest,val,C:\Users\USER\Desktop\ai_dataset\forestry_dataset_splitted\val\bamboo_forest\bamboo_169.webp
bamboo_17.webp,bamboo_forest,val,C:\Users\USER\Desktop\ai_dataset\forestry_dataset_splitted\val\bamboo_forest\bamboo_17.webp
bamboo_170.webp,bamboo_forest,val,C:\Users\USER\Desktop\ai_dataset\forestry_dataset_splitted\val\bamboo_forest\bamboo_170.webp
bamboo_171.webp,bamboo_forest,val,C:\Users\USER\Desktop\ai_dataset\forestry_dataset_splitted\val\bamboo_forest\bamboo_171.webp
bamboo_172.webp,bamboo_forest,val,C:\Users\USER\Desktop\ai_dataset\forestry_dataset_splitted\val\bamboo_forest\bamboo_172.webp
bamboo_173.jpg,bamboo_forest,val,C:\Users\USER\Desktop\ai_dataset\forestry_dataset_splitted\val\bamboo_forest\bamboo_173.jpg
bamboo_174.jpg,bamboo_forest,val,C:\Users\USER\Desktop\ai_dataset\forestry_dataset_splitted\val\bamboo_forest\bamboo_174.jpg
bamboo_175.webp,bamboo_forest,val,C:\Users\USER\Desktop\ai_dataset\forestry_dataset_splitted\val\bamboo_forest\bamboo_175.webp
bamboo_176.webp,bamboo_forest,val,C:\Users\USER\Desktop\ai_dataset\forestry_dataset_splitted\val\bamboo_forest\bamboo_176.webp
bamboo_177.webp,bamboo_forest,val,C:\Users\USER\Desktop\ai_dataset\forestry_dataset_splitted\val\bamboo_forest\bamboo_177.webp
bamboo_178.webp,bamboo_forest,val,C:\Users\USER\Desktop\ai_dataset\forestry_dataset_splitted\val\bamboo_forest\bamboo_178.webp
bamboo_179.webp,bamboo_forest,val,C:\Users\USER\Desktop\ai_dataset\forestry_dataset_splitted\val\bamboo_forest\bamboo_179.webp
bamboo_18.jpg,bamboo_forest,val,C:\Users\USER\Desktop\ai_dataset\forestry_dataset_splitted\val\bamboo_forest\bamboo_18.jpg
bamboo_180.webp,bamboo_forest,val,C:\Users\USER\Desktop\ai_dataset\forestry_dataset_splitted\val\bamboo_forest\bamboo_180.webp
bamboo_181.webp,bamboo_forest,val,C:\Users\USER\Desktop\ai_dataset\forestry_dataset_splitted\val\bamboo_forest\bamboo_181.webp
bamboo_182.webp,bamboo_forest,val,C:\Users\USER\Desktop\ai_dataset\forestry_dataset_splitted\val\bamboo_forest\bamboo_182.webp
bamboo_183.jpg,bamboo_forest,val,C:\Users\USER\Desktop\ai_dataset\forestry_dataset_splitted\val\bamboo_forest\bamboo_183.jpg
bamboo_184.webp,bamboo_forest,val,C:\Users\USER\Desktop\ai_dataset\forestry_dataset_splitted\val\bamboo_forest\bamboo_184.webp
bamboo_185.webp,bamboo_forest,val,C:\Users\USER\Desktop\ai_dataset\forestry_dataset_splitted\val\bamboo_forest\bamboo_185.webp
bamboo_186.webp,bamboo_forest,val,C:\Users\USER\Desktop\ai_dataset\forestry_dataset_splitted\val\bamboo_forest\bamboo_186.webp
bamboo_187.webp,bamboo_forest,val,C:\Users\USER\Desktop\ai_dataset\forestry_dataset_splitted\val\bamboo_forest\bamboo_187.webp
bamboo_188.jpg,bamboo_forest,val,C:\Users\USER\Desktop\ai_dataset\forestry_dataset_splitted\val\bamboo_forest\bamboo_188.jpg
bamboo_189.webp,bamboo_forest,val,C:\Users\USER\Desktop\ai_dataset\forestry_dataset_splitted\val\bamboo_forest\bamboo_189.webp
bamboo_19.webp,bamboo_forest,val,C:\Users\USER\Desktop\ai_dataset\forestry_dataset_splitted\val\bamboo_forest\bamboo_19.webp
bamboo_190.webp,bamboo_forest,val,C:\Users\USER\Desktop\ai_dataset\forestry_dataset_splitted\val\bamboo_forest\bamboo_190.webp
bamboo_191.webp,bamboo_forest,val,C:\Users\USER\Desktop\ai_dataset\forestry_dataset_splitted\val\bamboo_forest\bamboo_191.webp
bamboo_192.webp,bamboo_forest,val,C:\Users\USER\Desktop\ai_dataset\forestry_dataset_splitted\val\bamboo_forest\bamboo_192.webp
bamboo_193.webp,bamboo_forest,val,C:\Users\USER\Desktop\ai_dataset\forestry_dataset_splitted\val\bamboo_forest\bamboo_193.webp
bamboo_194.webp,bamboo_forest,val,C:\Users\USER\Desktop\ai_dataset\forestry_dataset_splitted\val\bamboo_forest\bamboo_194.webp
bamboo_195.jpg,bamboo_forest,val,C:\Users\USER\Desktop\ai_dataset\forestry_dataset_splitted\val\bamboo_forest\bamboo_195.jpg
bamboo_196.webp,bamboo_forest,val,C:\Users\USER\Desktop\ai_dataset\forestry_dataset_splitted\val\bamboo_forest\bamboo_196.webp
bamboo_197.webp,bamboo_forest,val,C:\Users\USER\Desktop\ai_dataset\forestry_dataset_splitted\val\bamboo_forest\bamboo_197.webp
bamboo_198.webp,bamboo_forest,val,C:\Users\USER\Desktop\ai_dataset\forestry_dataset_splitted\val\bamboo_forest\bamboo_198.webp
bamboo_199.jpg,bamboo_forest,val,C:\Users\USER\Desktop\ai_dataset\forestry_dataset_splitted\val\bamboo_forest\bamboo_199.jpg
bamboo_2.jpg,bamboo_forest,val,C:\Users\USER\Desktop\ai_dataset\forestry_dataset_splitted\val\bamboo_forest\bamboo_2.jpg
bamboo_20.jpg,bamboo_forest,val,C:\Users\USER\Desktop\ai_dataset\forestry_dataset_splitted\val\bamboo_forest\bamboo_20.jpg
bamboo_200.webp,bamboo_forest,val,C:\Users\USER\Desktop\ai_dataset\forestry_dataset_splitted\val\bamboo_forest\bamboo_200.webp
bamboo_201.webp,bamboo_forest,val,C:\Users\USER\Desktop\ai_dataset\forestry_dataset_splitted\val\bamboo_forest\bamboo_201.webp
bamboo_202.webp,bamboo_forest,val,C:\Users\USER\Desktop\ai_dataset\forestry_dataset_splitted\val\bamboo_forest\bamboo_202.webp
bamboo_203.webp,bamboo_forest,val,C:\Users\USER\Desktop\ai_dataset\forestry_dataset_splitted\val\bamboo_forest\bamboo_203.webp
bamboo_204.webp,bamboo_forest,val,C:\Users\USER\Desktop\ai_dataset\forestry_dataset_splitted\val\bamboo_forest\bamboo_204.webp
bamboo_205.jpg,bamboo_forest,val,C:\Users\USER\Desktop\ai_dataset\forestry_dataset_splitted\val\bamboo_forest\bamboo_205.jpg
bamboo_206.webp,bamboo_forest,val,C:\Users\USER\Desktop\ai_dataset\forestry_dataset_splitted\val\bamboo_forest\bamboo_206.webp
bamboo_207.jpg,bamboo_forest,val,C:\Users\USER\Desktop\ai_dataset\forestry_dataset_splitted\val\bamboo_forest\bamboo_207.jpg
bamboo_208.webp,bamboo_forest,val,C:\Users\USER\Desktop\ai_dataset\forestry_dataset_splitted\val\bamboo_forest\bamboo_208.webp
bamboo_209.webp,bamboo_forest,val,C:\Users\USER\Desktop\ai_dataset\forestry_dataset_splitted\val\bamboo_forest\bamboo_209.webp
bamboo_21.jpg,bamboo_forest,val,C:\Users\USER\Desktop\ai_dataset\forestry_dataset_splitted\val\bamboo_forest\bamboo_21.jpg
bamboo_210.webp,bamboo_forest,val,C:\Users\USER\Desktop\ai_dataset\forestry_dataset_splitted\val\bamboo_forest\bamboo_210.webp
bamboo_211.webp,bamboo_forest,val,C:\Users\USER\Desktop\ai_dataset\forestry_dataset_splitted\val\bamboo_forest\bamboo_211.webp
bamboo_212.webp,bamboo_forest,val,C:\Users\USER\Desktop\ai_dataset\forestry_dataset_splitted\val\bamboo_forest\bamboo_212.webp
bamboo_213.webp,bamboo_forest,val,C:\Users\USER\Desktop\ai_dataset\forestry_dataset_splitted\val\bamboo_forest\bamboo_213.webp
bamboo_214.webp,bamboo_forest,val,C:\Users\USER\Desktop\ai_dataset\forestry_dataset_splitted\val\bamboo_forest\bamboo_214.webp
bamboo_215.webp,bamboo_forest,val,C:\Users\USER\Desktop\ai_dataset\forestry_dataset_splitted\val\bamboo_forest\bamboo_215.webp
bamboo_216.webp,bamboo_forest,val,C:\Users\USER\Desktop\ai_dataset\forestry_dataset_splitted\val\bamboo_forest\bamboo_216.webp
bamboo_217.webp,bamboo_forest,val,C:\Users\USER\Desktop\ai_dataset\forestry_dataset_splitted\val\bamboo_forest\bamboo_217.webp
bamboo_218.webp,bamboo_forest,val,C:\Users\USER\Desktop\ai_dataset\forestry_dataset_splitted\val\bamboo_forest\bamboo_218.webp
bamboo_219.jpg,bamboo_forest,val,C:\Users\USER\Desktop\ai_dataset\forestry_dataset_splitted\val\bamboo_forest\bamboo_219.jpg
bamboo_22.jpg,bamboo_forest,val,C:\Users\USER\Desktop\ai_dataset\forestry_dataset_splitted\val\bamboo_forest\bamboo_22.jpg
bamboo_220.webp,bamboo_forest,val,C:\Users\USER\Desktop\ai_dataset\forestry_dataset_splitted\val\bamboo_forest\bamboo_220.webp
bamboo_221.webp,bamboo_forest,val,C:\Users\USER\Desktop\ai_dataset\forestry_dataset_splitted\val\bamboo_forest\bamboo_221.webp
bamboo_222.webp,bamboo_forest,val,C:\Users\USER\Desktop\ai_dataset\forestry_dataset_splitted\val\bamboo_forest\bamboo_222.webp
bamboo_223.webp,bamboo_forest,val,C:\Users\USER\Desktop\ai_dataset\forestry_dataset_splitted\val\bamboo_forest\bamboo_223.webp
bamboo_224.webp,bamboo_forest,val,C:\Users\USER\Desktop\ai_dataset\forestry_dataset_splitted\val\bamboo_forest\bamboo_224.webp
bamboo_225.webp,bamboo_forest,val,C:\Users\USER\Desktop\ai_dataset\forestry_dataset_splitted\val\bamboo_forest\bamboo_225.webp
bamboo_226.webp,bamboo_forest,val,C:\Users\USER\Desktop\ai_dataset\forestry_dataset_splitted\val\bamboo_forest\bamboo_226.webp
bamboo_227.webp,bamboo_forest,val,C:\Users\USER\Desktop\ai_dataset\forestry_dataset_splitted\val\bamboo_forest\bamboo_227.webp
bamboo_228.jpg,bamboo_forest,val,C:\Users\USER\Desktop\ai_dataset\forestry_dataset_splitted\val\bamboo_forest\bamboo_228.jpg
bamboo_229.webp,bamboo_forest,val,C:\Users\USER\Desktop\ai_dataset\forestry_dataset_splitted\val\bamboo_forest\bamboo_229.webp
bamboo_23.jpg,bamboo_forest,val,C:\Users\USER\Desktop\ai_dataset\forestry_dataset_splitted\val\bamboo_forest\bamboo_23.jpg
bamboo_230.webp,bamboo_forest,val,C:\Users\USER\Desktop\ai_dataset\forestry_dataset_splitted\val\bamboo_forest\bamboo_230.webp
bamboo_231.jpg,bamboo_forest,val,C:\Users\USER\Desktop\ai_dataset\forestry_dataset_splitted\val\bamboo_forest\bamboo_231.jpg
bamboo_232.jpg,bamboo_forest,val,C:\Users\USER\Desktop\ai_dataset\forestry_dataset_splitted\val\bamboo_forest\bamboo_232.jpg
bamboo_233.webp,bamboo_forest,val,C:\Users\USER\Desktop\ai_dataset\forestry_dataset_splitted\val\bamboo_forest\bamboo_233.webp
bamboo_234.jpg,bamboo_forest,val,C:\Users\USER\Desktop\ai_dataset\forestry_dataset_splitted\val\bamboo_forest\bamboo_234.jpg
bamboo_235.jpg,bamboo_forest,val,C:\Users\USER\Desktop\ai_dataset\forestry_dataset_splitted\val\bamboo_forest\bamboo_235.jpg
bamboo_236.webp,bamboo_forest,val,C:\Users\USER\Desktop\ai_dataset\forestry_dataset_splitted\val\bamboo_forest\bamboo_236.webp
bamboo_237.webp,bamboo_forest,val,C:\Users\USER\Desktop\ai_dataset\forestry_dataset_splitted\val\bamboo_forest\bamboo_237.webp
bamboo_238.jpg,bamboo_forest,val,C:\Users\USER\Desktop\ai_dataset\forestry_dataset_splitted\val\bamboo_forest\bamboo_238.jpg
bamboo_239.jpg,bamboo_forest,val,C:\Users\USER\Desktop\ai_dataset\forestry_dataset_splitted\val\bamboo_forest\bamboo_239.jpg
bamboo_24.jpg,bamboo_forest,val,C:\Users\USER\Desktop\ai_dataset\forestry_dataset_splitted\val\bamboo_forest\bamboo_24.jpg
bamboo_240.webp,bamboo_forest,val,C:\Users\USER\Desktop\ai_dataset\forestry_dataset_splitted\val\bamboo_forest\bamboo_240.webp
bamboo_241.jpg,bamboo_forest,val,C:\Users\USER\Desktop\ai_dataset\forestry_dataset_splitted\val\bamboo_forest\bamboo_241.jpg
bamboo_242.webp,bamboo_forest,val,C:\Users\USER\Desktop\ai_dataset\forestry_dataset_splitted\val\bamboo_forest\bamboo_242.webp
bamboo_243.webp,bamboo_forest,val,C:\Users\USER\Desktop\ai_dataset\forestry_dataset_splitted\val\bamboo_forest\bamboo_243.webp
bamboo_244.jpg,bamboo_forest,val,C:\Users\USER\Desktop\ai_dataset\forestry_dataset_splitted\val\bamboo_forest\bamboo_244.jpg
bamboo_245.webp,bamboo_forest,val,C:\Users\USER\Desktop\ai_dataset\forestry_dataset_splitted\val\bamboo_forest\bamboo_245.webp
bamboo_246.webp,bamboo_forest,val,C:\Users\USER\Desktop\ai_dataset\forestry_dataset_splitted\val\bamboo_forest\bamboo_246.webp
bamboo_247.webp,bamboo_forest,val,C:\Users\USER\Desktop\ai_dataset\forestry_dataset_splitted\val\bamboo_forest\bamboo_247.webp
bamboo_248.jpg,bamboo_forest,val,C:\Users\USER\Desktop\ai_dataset\forestry_dataset_splitted\val\bamboo_forest\bamboo_248.jpg
bamboo_249.jpg,bamboo_forest,val,C:\Users\USER\Desktop\ai_dataset\forestry_dataset_splitted\val\bamboo_forest\bamboo_249.jpg
bamboo_25.jpg,bamboo_forest,val,C:\Users\USER\Desktop\ai_dataset\forestry_dataset_splitted\val\bamboo_forest\bamboo_25.jpg
bamboo_250.jpg,bamboo_forest,val,C:\Users\USER\Desktop\ai_dataset\forestry_dataset_splitted\val\bamboo_forest\bamboo_250.jpg
bamboo_251.webp,bamboo_forest,val,C:\Users\USER\Desktop\ai_dataset\forestry_dataset_splitted\val\bamboo_forest\bamboo_251.webp
bamboo_252.webp,bamboo_forest,val,C:\Users\USER\Desktop\ai_dataset\forestry_dataset_splitted\val\bamboo_forest\bamboo_252.webp
bamboo_253.webp,bamboo_forest,val,C:\Users\USER\Desktop\ai_dataset\forestry_dataset_splitted\val\bamboo_forest\bamboo_253.webp
bamboo_254.jpg,bamboo_forest,val,C:\Users\USER\Desktop\ai_dataset\forestry_dataset_splitted\val\bamboo_forest\bamboo_254.jpg
bamboo_255.webp,bamboo_forest,val,C:\Users\USER\Desktop\ai_dataset\forestry_dataset_splitted\val\bamboo_forest\bamboo_255.webp
bamboo_256.webp,bamboo_forest,val,C:\Users\USER\Desktop\ai_dataset\forestry_dataset_splitted\val\bamboo_forest\bamboo_256.webp
bamboo_257.webp,bamboo_forest,val,C:\Users\USER\Desktop\ai_dataset\forestry_dataset_splitted\val\bamboo_forest\bamboo_257.webp
bamboo_258.jpg,bamboo_forest,val,C:\Users\USER\Desktop\ai_dataset\forestry_dataset_splitted\val\bamboo_forest\bamboo_258.jpg
bamboo_259.jpg,bamboo_forest,val,C:\Users\USER\Desktop\ai_dataset\forestry_dataset_splitted\val\bamboo_forest\bamboo_259.jpg
bamboo_26.webp,bamboo_forest,val,C:\Users\USER\Desktop\ai_dataset\forestry_dataset_splitted\val\bamboo_forest\bamboo_26.webp
bamboo_260.webp,bamboo_forest,val,C:\Users\USER\Desktop\ai_dataset\forestry_dataset_splitted\val\bamboo_forest\bamboo_260.webp
bamboo_261.webp,bamboo_forest,val,C:\Users\USER\Desktop\ai_dataset\forestry_dataset_splitted\val\bamboo_forest\bamboo_261.webp
bamboo_262.jpg,bamboo_forest,val,C:\Users\USER\Desktop\ai_dataset\forestry_dataset_splitted\val\bamboo_forest\bamboo_262.jpg
bamboo_263.jpg,bamboo_forest,val,C:\Users\USER\Desktop\ai_dataset\forestry_dataset_splitted\val\bamboo_forest\bamboo_263.jpg
bamboo_264.webp,bamboo_forest,val,C:\Users\USER\Desktop\ai_dataset\forestry_dataset_splitted\val\bamboo_forest\bamboo_264.webp
bamboo_265.webp,bamboo_forest,val,C:\Users\USER\Desktop\ai_dataset\forestry_dataset_splitted\val\bamboo_forest\bamboo_265.webp
bamboo_266.jpg,bamboo_forest,val,C:\Users\USER\Desktop\ai_dataset\forestry_dataset_splitted\val\bamboo_forest\bamboo_266.jpg
bamboo_267.webp,bamboo_forest,val,C:\Users\USER\Desktop\ai_dataset\forestry_dataset_splitted\val\bamboo_forest\bamboo_267.webp
bamboo_268.jpg,bamboo_forest,val,C:\Users\USER\Desktop\ai_dataset\forestry_dataset_splitted\val\bamboo_forest\bamboo_268.jpg
bamboo_269.webp,bamboo_forest,val,C:\Users\USER\Desktop\ai_dataset\forestry_dataset_splitted\val\bamboo_forest\bamboo_269.webp
bamboo_27.jpg,bamboo_forest,val,C:\Users\USER\Desktop\ai_dataset\forestry_dataset_splitted\val\bamboo_forest\bamboo_27.jpg
bamboo_270.jpg,bamboo_forest,val,C:\Users\USER\Desktop\ai_dataset\forestry_dataset_splitted\val\bamboo_forest\bamboo_270.jpg
bamboo_271.jpg,bamboo_forest,val,C:\Users\USER\Desktop\ai_dataset\forestry_dataset_splitted\val\bamboo_forest\bamboo_271.jpg
bamboo_272.jpg,bamboo_forest,val,C:\Users\USER\Desktop\ai_dataset\forestry_dataset_splitted\val\bamboo_forest\bamboo_272.jpg
bamboo_273.webp,bamboo_forest,val,C:\Users\USER\Desktop\ai_dataset\forestry_dataset_splitted\val\bamboo_forest\bamboo_273.webp
bamboo_274.jpg,bamboo_forest,val,C:\Users\USER\Desktop\ai_dataset\forestry_dataset_splitted\val\bamboo_forest\bamboo_274.jpg
bamboo_275.jpg,bamboo_forest,val,C:\Users\USER\Desktop\ai_dataset\forestry_dataset_splitted\val\bamboo_forest\bamboo_275.jpg
bamboo_276.webp,bamboo_forest,val,C:\Users\USER\Desktop\ai_dataset\forestry_dataset_splitted\val\bamboo_forest\bamboo_276.webp
bamboo_28.jpg,bamboo_forest,val,C:\Users\USER\Desktop\ai_dataset\forestry_dataset_splitted\val\bamboo_forest\bamboo_28.jpg
bamboo_29.jpg,bamboo_forest,val,C:\Users\USER\Desktop\ai_dataset\forestry_dataset_splitted\val\bamboo_forest\bamboo_29.jpg
bamboo_3.webp,bamboo_forest,val,C:\Users\USER\Desktop\ai_dataset\forestry_dataset_splitted\val\bamboo_forest\bamboo_3.webp
bamboo_30.jpg,bamboo_forest,val,C:\Users\USER\Desktop\ai_dataset\forestry_dataset_splitted\val\bamboo_forest\bamboo_30.jpg
bamboo_31.jpg,bamboo_forest,val,C:\Users\USER\Desktop\ai_dataset\forestry_dataset_splitted\val\bamboo_forest\bamboo_31.jpg
bamboo_32.png,bamboo_forest,val,C:\Users\USER\Desktop\ai_dataset\forestry_dataset_splitted\val\bamboo_forest\bamboo_32.png
bamboo_33.jpg,bamboo_forest,val,C:\Users\USER\Desktop\ai_dataset\forestry_dataset_splitted\val\bamboo_forest\bamboo_33.jpg
bamboo_34.jpg,bamboo_forest,val,C:\Users\USER\Desktop\ai_dataset\forestry_dataset_splitted\val\bamboo_forest\bamboo_34.jpg
bamboo_35.jpg,bamboo_forest,val,C:\Users\USER\Desktop\ai_dataset\forestry_dataset_splitted\val\bamboo_forest\bamboo_35.jpg
bamboo_36.webp,bamboo_forest,val,C:\Users\USER\Desktop\ai_dataset\forestry_dataset_splitted\val\bamboo_forest\bamboo_36.webp
bamboo_37.jpg,bamboo_forest,val,C:\Users\USER\Desktop\ai_dataset\forestry_dataset_splitted\val\bamboo_forest\bamboo_37.jpg
bamboo_38.jpg,bamboo_forest,val,C:\Users\USER\Desktop\ai_dataset\forestry_dataset_splitted\val\bamboo_forest\bamboo_38.jpg
bamboo_39.jpg,bamboo_forest,val,C:\Users\USER\Desktop\ai_dataset\forestry_dataset_splitted\val\bamboo_forest\bamboo_39.jpg
bamboo_4.jpg,bamboo_forest,val,C:\Users\USER\Desktop\ai_dataset\forestry_dataset_splitted\val\bamboo_forest\bamboo_4.jpg
bamboo_40.jpg,bamboo_forest,val,C:\Users\USER\Desktop\ai_dataset\forestry_dataset_splitted\val\bamboo_forest\bamboo_40.jpg
bamboo_41.jpg,bamboo_forest,val,C:\Users\USER\Desktop\ai_dataset\forestry_dataset_splitted\val\bamboo_forest\bamboo_41.jpg
bamboo_42.jpg,bamboo_forest,val,C:\Users\USER\Desktop\ai_dataset\forestry_dataset_splitted\val\bamboo_forest\bamboo_42.jpg
bamboo_43.webp,bamboo_forest,val,C:\Users\USER\Desktop\ai_dataset\forestry_dataset_splitted\val\bamboo_forest\bamboo_43.webp
bamboo_44.webp,bamboo_forest,val,C:\Users\USER\Desktop\ai_dataset\forestry_dataset_splitted\val\bamboo_forest\bamboo_44.webp
bamboo_45.jpg,bamboo_forest,val,C:\Users\USER\Desktop\ai_dataset\forestry_dataset_splitted\val\bamboo_forest\bamboo_45.jpg
bamboo_46.jpg,bamboo_forest,val,C:\Users\USER\Desktop\ai_dataset\forestry_dataset_splitted\val\bamboo_forest\bamboo_46.jpg
bamboo_47.jpg,bamboo_forest,val,C:\Users\USER\Desktop\ai_dataset\forestry_dataset_splitted\val\bamboo_forest\bamboo_47.jpg
bamboo_48.webp,bamboo_forest,val,C:\Users\USER\Desktop\ai_dataset\forestry_dataset_splitted\val\bamboo_forest\bamboo_48.webp
bamboo_49.jpg,bamboo_forest,val,C:\Users\USER\Desktop\ai_dataset\forestry_dataset_splitted\val\bamboo_forest\bamboo_49.jpg
bamboo_5.webp,bamboo_forest,val,C:\Users\USER\Desktop\ai_dataset\forestry_dataset_splitted\val\bamboo_forest\bamboo_5.webp
bamboo_50.jpg,bamboo_forest,val,C:\Users\USER\Desktop\ai_dataset\forestry_dataset_splitted\val\bamboo_forest\bamboo_50.jpg
bamboo_51.jpg,bamboo_forest,val,C:\Users\USER\Desktop\ai_dataset\forestry_dataset_splitted\val\bamboo_forest\bamboo_51.jpg
bamboo_52.jpg,bamboo_forest,val,C:\Users\USER\Desktop\ai_dataset\forestry_dataset_splitted\val\bamboo_forest\bamboo_52.jpg
bamboo_53.webp,bamboo_forest,val,C:\Users\USER\Desktop\ai_dataset\forestry_dataset_splitted\val\bamboo_forest\bamboo_53.webp
bamboo_54.jpg,bamboo_forest,val,C:\Users\USER\Desktop\ai_dataset\forestry_dataset_splitted\val\bamboo_forest\bamboo_54.jpg
bamboo_55.jpg,bamboo_forest,val,C:\Users\USER\Desktop\ai_dataset\forestry_dataset_splitted\val\bamboo_forest\bamboo_55.jpg
bamboo_56.jpg,bamboo_forest,val,C:\Users\USER\Desktop\ai_dataset\forestry_dataset_splitted\val\bamboo_forest\bamboo_56.jpg
bamboo_57.webp,bamboo_forest,val,C:\Users\USER\Desktop\ai_dataset\forestry_dataset_splitted\val\bamboo_forest\bamboo_57.webp
bamboo_58.jpg,bamboo_forest,val,C:\Users\USER\Desktop\ai_dataset\forestry_dataset_splitted\val\bamboo_forest\bamboo_58.jpg
bamboo_59.jpg,bamboo_forest,val,C:\Users\USER\Desktop\ai_dataset\forestry_dataset_splitted\val\bamboo_forest\bamboo_59.jpg
bamboo_6.jpg,bamboo_forest,val,C:\Users\USER\Desktop\ai_dataset\forestry_dataset_splitted\val\bamboo_forest\bamboo_6.jpg
bamboo_60.jpg,bamboo_forest,val,C:\Users\USER\Desktop\ai_dataset\forestry_dataset_splitted\val\bamboo_forest\bamboo_60.jpg
bamboo_61.jpg,bamboo_forest,val,C:\Users\USER\Desktop\ai_dataset\forestry_dataset_splitted\val\bamboo_forest\bamboo_61.jpg
bamboo_62.jpg,bamboo_forest,val,C:\Users\USER\Desktop\ai_dataset\forestry_dataset_splitted\val\bamboo_forest\bamboo_62.jpg
bamboo_63.jpg,bamboo_forest,val,C:\Users\USER\Desktop\ai_dataset\forestry_dataset_splitted\val\bamboo_forest\bamboo_63.jpg
bamboo_64.webp,bamboo_forest,val,C:\Users\USER\Desktop\ai_dataset\forestry_dataset_splitted\val\bamboo_forest\bamboo_64.webp
bamboo_65.webp,bamboo_forest,val,C:\Users\USER\Desktop\ai_dataset\forestry_dataset_splitted\val\bamboo_forest\bamboo_65.webp
bamboo_66.webp,bamboo_forest,val,C:\Users\USER\Desktop\ai_dataset\forestry_dataset_splitted\val\bamboo_forest\bamboo_66.webp
bamboo_67.jpg,bamboo_forest,val,C:\Users\USER\Desktop\ai_dataset\forestry_dataset_splitted\val\bamboo_forest\bamboo_67.jpg
bamboo_68.jpg,bamboo_forest,val,C:\Users\USER\Desktop\ai_dataset\forestry_dataset_splitted\val\bamboo_forest\bamboo_68.jpg
bamboo_69.jpg,bamboo_forest,val,C:\Users\USER\Desktop\ai_dataset\forestry_dataset_splitted\val\bamboo_forest\bamboo_69.jpg
bamboo_7.jpg,bamboo_forest,val,C:\Users\USER\Desktop\ai_dataset\forestry_dataset_splitted\val\bamboo_forest\bamboo_7.jpg
bamboo_70.webp,bamboo_forest,val,C:\Users\USER\Desktop\ai_dataset\forestry_dataset_splitted\val\bamboo_forest\bamboo_70.webp
bamboo_71.jpg,bamboo_forest,val,C:\Users\USER\Desktop\ai_dataset\forestry_dataset_splitted\val\bamboo_forest\bamboo_71.jpg
bamboo_72.jpg,bamboo_forest,val,C:\Users\USER\Desktop\ai_dataset\forestry_dataset_splitted\val\bamboo_forest\bamboo_72.jpg
bamboo_73.webp,bamboo_forest,val,C:\Users\USER\Desktop\ai_dataset\forestry_dataset_splitted\val\bamboo_forest\bamboo_73.webp
bamboo_74.jpg,bamboo_forest,val,C:\Users\USER\Desktop\ai_dataset\forestry_dataset_splitted\val\bamboo_forest\bamboo_74.jpg
bamboo_75.jpg,bamboo_forest,val,C:\Users\USER\Desktop\ai_dataset\forestry_dataset_splitted\val\bamboo_forest\bamboo_75.jpg
bamboo_76.webp,bamboo_forest,val,C:\Users\USER\Desktop\ai_dataset\forestry_dataset_splitted\val\bamboo_forest\bamboo_76.webp
bamboo_77.jpg,bamboo_forest,val,C:\Users\USER\Desktop\ai_dataset\forestry_dataset_splitted\val\bamboo_forest\bamboo_77.jpg
bamboo_78.jpg,bamboo_forest,val,C:\Users\USER\Desktop\ai_dataset\forestry_dataset_splitted\val\bamboo_forest\bamboo_78.jpg
bamboo_79.webp,bamboo_forest,val,C:\Users\USER\Desktop\ai_dataset\forestry_dataset_splitted\val\bamboo_forest\bamboo_79.webp
bamboo_8.jpg,bamboo_forest,val,C:\Users\USER\Desktop\ai_dataset\forestry_dataset_splitted\val\bamboo_forest\bamboo_8.jpg
bamboo_80.jpg,bamboo_forest,val,C:\Users\USER\Desktop\ai_dataset\forestry_dataset_splitted\val\bamboo_forest\bamboo_80.jpg
bamboo_81.webp,bamboo_forest,val,C:\Users\USER\Desktop\ai_dataset\forestry_dataset_splitted\val\bamboo_forest\bamboo_81.webp
bamboo_82.jpg,bamboo_forest,val,C:\Users\USER\Desktop\ai_dataset\forestry_dataset_splitted\val\bamboo_forest\bamboo_82.jpg
bamboo_83.jpg,bamboo_forest,val,C:\Users\USER\Desktop\ai_dataset\forestry_dataset_splitted\val\bamboo_forest\bamboo_83.jpg
bamboo_84.jpg,bamboo_forest,val,C:\Users\USER\Desktop\ai_dataset\forestry_dataset_splitted\val\bamboo_forest\bamboo_84.jpg
bamboo_85.jpg,bamboo_forest,val,C:\Users\USER\Desktop\ai_dataset\forestry_dataset_splitted\val\bamboo_forest\bamboo_85.jpg
bamboo_86.jpg,bamboo_forest,val,C:\Users\USER\Desktop\ai_dataset\forestry_dataset_splitted\val\bamboo_forest\bamboo_86.jpg
bamboo_87.webp,bamboo_forest,val,C:\Users\USER\Desktop\ai_dataset\forestry_dataset_splitted\val\bamboo_forest\bamboo_87.webp
bamboo_88.webp,bamboo_forest,val,C:\Users\USER\Desktop\ai_dataset\forestry_dataset_splitted\val\bamboo_forest\bamboo_88.webp
bamboo_89.webp,bamboo_forest,val,C:\Users\USER\Desktop\ai_dataset\forestry_dataset_splitted\val\bamboo_forest\bamboo_89.webp
bamboo_9.jpg,bamboo_forest,val,C:\Users\USER\Desktop\ai_dataset\forestry_dataset_splitted\val\bamboo_forest\bamboo_9.jpg
bamboo_90.webp,bamboo_forest,val,C:\Users\USER\Desktop\ai_dataset\forestry_dataset_splitted\val\bamboo_forest\bamboo_90.webp
bamboo_91.jpg,bamboo_forest,val,C:\Users\USER\Desktop\ai_dataset\forestry_dataset_splitted\val\bamboo_forest\bamboo_91.jpg
bamboo_92.jpg,bamboo_forest,val,C:\Users\USER\Desktop\ai_dataset\forestry_dataset_splitted\val\bamboo_forest\bamboo_92.jpg
bamboo_93.webp,bamboo_forest,val,C:\Users\USER\Desktop\ai_dataset\forestry_dataset_splitted\val\bamboo_forest\bamboo_93.webp
bamboo_94.jpg,bamboo_forest,val,C:\Users\USER\Desktop\ai_dataset\forestry_dataset_splitted\val\bamboo_forest\bamboo_94.jpg
bamboo_95.jpg,bamboo_forest,val,C:\Users\USER\Desktop\ai_dataset\forestry_dataset_splitted\val\bamboo_forest\bamboo_95.jpg
bamboo_96.jpg,bamboo_forest,val,C:\Users\USER\Desktop\ai_dataset\forestry_dataset_splitted\val\bamboo_forest\bamboo_96.jpg
bamboo_97.jpg,bamboo_forest,val,C:\Users\USER\Desktop\ai_dataset\forestry_dataset_splitted\val\bamboo_forest\bamboo_97.jpg
bamboo_98.jpg,bamboo_forest,val,C:\Users\USER\Desktop\ai_dataset\forestry_dataset_splitted\val\bamboo_forest\bamboo_98.jpg
bamboo_99.webp,bamboo_forest,val,C:\Users\USER\Desktop\ai_dataset\forestry_dataset_splitted\val\bamboo_forest\bamboo_99.webp
coniferous_1.webp,coniferous_pine_forest,val,C:\Users\USER\Desktop\ai_dataset\forestry_dataset_splitted\val\coniferous_pine_forest\coniferous_1.webp
coniferous_10.jpg,coniferous_pine_forest,val,C:\Users\USER\Desktop\ai_dataset\forestry_dataset_splitted\val\coniferous_pine_forest\coniferous_10.jpg
coniferous_100.webp,coniferous_pine_forest,val,C:\Users\USER\Desktop\ai_dataset\forestry_dataset_splitted\val\coniferous_pine_forest\coniferous_100.webp
coniferous_101.webp,coniferous_pine_forest,val,C:\Users\USER\Desktop\ai_dataset\forestry_dataset_splitted\val\coniferous_pine_forest\coniferous_101.webp
coniferous_102.jpg,coniferous_pine_forest,val,C:\Users\USER\Desktop\ai_dataset\forestry_dataset_splitted\val\coniferous_pine_forest\coniferous_102.jpg
coniferous_103.webp,coniferous_pine_forest,val,C:\Users\USER\Desktop\ai_dataset\forestry_dataset_splitted\val\coniferous_pine_forest\coniferous_103.webp
coniferous_104.webp,coniferous_pine_forest,val,C:\Users\USER\Desktop\ai_dataset\forestry_dataset_splitted\val\coniferous_pine_forest\coniferous_104.webp
coniferous_105.webp,coniferous_pine_forest,val,C:\Users\USER\Desktop\ai_dataset\forestry_dataset_splitted\val\coniferous_pine_forest\coniferous_105.webp
coniferous_106.jpg,coniferous_pine_forest,val,C:\Users\USER\Desktop\ai_dataset\forestry_dataset_splitted\val\coniferous_pine_forest\coniferous_106.jpg
coniferous_107.webp,coniferous_pine_forest,val,C:\Users\USER\Desktop\ai_dataset\forestry_dataset_splitted\val\coniferous_pine_forest\coniferous_107.webp
coniferous_108.png,coniferous_pine_forest,val,C:\Users\USER\Desktop\ai_dataset\forestry_dataset_splitted\val\coniferous_pine_forest\coniferous_108.png
coniferous_109.jpg,coniferous_pine_forest,val,C:\Users\USER\Desktop\ai_dataset\forestry_dataset_splitted\val\coniferous_pine_forest\coniferous_109.jpg
coniferous_11.jpg,coniferous_pine_forest,val,C:\Users\USER\Desktop\ai_dataset\forestry_dataset_splitted\val\coniferous_pine_forest\coniferous_11.jpg
coniferous_110.jpg,coniferous_pine_forest,val,C:\Users\USER\Desktop\ai_dataset\forestry_dataset_splitted\val\coniferous_pine_forest\coniferous_110.jpg
coniferous_111.webp,coniferous_pine_forest,val,C:\Users\USER\Desktop\ai_dataset\forestry_dataset_splitted\val\coniferous_pine_forest\coniferous_111.webp
coniferous_112.webp,coniferous_pine_forest,val,C:\Users\USER\Desktop\ai_dataset\forestry_dataset_splitted\val\coniferous_pine_forest\coniferous_112.webp
coniferous_113.webp,coniferous_pine_forest,val,C:\Users\USER\Desktop\ai_dataset\forestry_dataset_splitted\val\coniferous_pine_forest\coniferous_113.webp
coniferous_114.webp,coniferous_pine_forest,val,C:\Users\USER\Desktop\ai_dataset\forestry_dataset_splitted\val\coniferous_pine_forest\coniferous_114.webp
coniferous_115.jpg,coniferous_pine_forest,val,C:\Users\USER\Desktop\ai_dataset\forestry_dataset_splitted\val\coniferous_pine_forest\coniferous_115.jpg
coniferous_116.jpg,coniferous_pine_forest,val,C:\Users\USER\Desktop\ai_dataset\forestry_dataset_splitted\val\coniferous_pine_forest\coniferous_116.jpg
coniferous_117.webp,coniferous_pine_forest,val,C:\Users\USER\Desktop\ai_dataset\forestry_dataset_splitted\val\coniferous_pine_forest\coniferous_117.webp
coniferous_118.jpg,coniferous_pine_forest,val,C:\Users\USER\Desktop\ai_dataset\forestry_dataset_splitted\val\coniferous_pine_forest\coniferous_118.jpg
coniferous_119.webp,coniferous_pine_forest,val,C:\Users\USER\Desktop\ai_dataset\forestry_dataset_splitted\val\coniferous_pine_forest\coniferous_119.webp
coniferous_12.jpg,coniferous_pine_forest,val,C:\Users\USER\Desktop\ai_dataset\forestry_dataset_splitted\val\coniferous_pine_forest\coniferous_12.jpg
coniferous_120.webp,coniferous_pine_forest,val,C:\Users\USER\Desktop\ai_dataset\forestry_dataset_splitted\val\coniferous_pine_forest\coniferous_120.webp
coniferous_121.webp,coniferous_pine_forest,val,C:\Users\USER\Desktop\ai_dataset\forestry_dataset_splitted\val\coniferous_pine_forest\coniferous_121.webp
coniferous_122.webp,coniferous_pine_forest,val,C:\Users\USER\Desktop\ai_dataset\forestry_dataset_splitted\val\coniferous_pine_forest\coniferous_122.webp
coniferous_123.webp,coniferous_pine_forest,val,C:\Users\USER\Desktop\ai_dataset\forestry_dataset_splitted\val\coniferous_pine_forest\coniferous_123.webp
coniferous_124.webp,coniferous_pine_forest,val,C:\Users\USER\Desktop\ai_dataset\forestry_dataset_splitted\val\coniferous_pine_forest\coniferous_124.webp
coniferous_125.webp,coniferous_pine_forest,val,C:\Users\USER\Desktop\ai_dataset\forestry_dataset_splitted\val\coniferous_pine_forest\coniferous_125.webp
coniferous_126.webp,coniferous_pine_forest,val,C:\Users\USER\Desktop\ai_dataset\forestry_dataset_splitted\val\coniferous_pine_forest\coniferous_126.webp
coniferous_127.jpg,coniferous_pine_forest,val,C:\Users\USER\Desktop\ai_dataset\forestry_dataset_splitted\val\coniferous_pine_forest\coniferous_127.jpg
coniferous_128.webp,coniferous_pine_forest,val,C:\Users\USER\Desktop\ai_dataset\forestry_dataset_splitted\val\coniferous_pine_forest\coniferous_128.webp
coniferous_129.jpg,coniferous_pine_forest,val,C:\Users\USER\Desktop\ai_dataset\forestry_dataset_splitted\val\coniferous_pine_forest\coniferous_129.jpg
coniferous_13.webp,coniferous_pine_forest,val,C:\Users\USER\Desktop\ai_dataset\forestry_dataset_splitted\val\coniferous_pine_forest\coniferous_13.webp
coniferous_130.webp,coniferous_pine_forest,val,C:\Users\USER\Desktop\ai_dataset\forestry_dataset_splitted\val\coniferous_pine_forest\coniferous_130.webp
coniferous_131.webp,coniferous_pine_forest,val,C:\Users\USER\Desktop\ai_dataset\forestry_dataset_splitted\val\coniferous_pine_forest\coniferous_131.webp
coniferous_132.webp,coniferous_pine_forest,val,C:\Users\USER\Desktop\ai_dataset\forestry_dataset_splitted\val\coniferous_pine_forest\coniferous_132.webp
coniferous_133.webp,coniferous_pine_forest,val,C:\Users\USER\Desktop\ai_dataset\forestry_dataset_splitted\val\coniferous_pine_forest\coniferous_133.webp
coniferous_134.webp,coniferous_pine_forest,val,C:\Users\USER\Desktop\ai_dataset\forestry_dataset_splitted\val\coniferous_pine_forest\coniferous_134.webp
coniferous_135.webp,coniferous_pine_forest,val,C:\Users\USER\Desktop\ai_dataset\forestry_dataset_splitted\val\coniferous_pine_forest\coniferous_135.webp
coniferous_136.webp,coniferous_pine_forest,val,C:\Users\USER\Desktop\ai_dataset\forestry_dataset_splitted\val\coniferous_pine_forest\coniferous_136.webp
coniferous_137.webp,coniferous_pine_forest,val,C:\Users\USER\Desktop\ai_dataset\forestry_dataset_splitted\val\coniferous_pine_forest\coniferous_137.webp
coniferous_138.webp,coniferous_pine_forest,val,C:\Users\USER\Desktop\ai_dataset\forestry_dataset_splitted\val\coniferous_pine_forest\coniferous_138.webp
coniferous_139.webp,coniferous_pine_forest,val,C:\Users\USER\Desktop\ai_dataset\forestry_dataset_splitted\val\coniferous_pine_forest\coniferous_139.webp
coniferous_14.jpg,coniferous_pine_forest,val,C:\Users\USER\Desktop\ai_dataset\forestry_dataset_splitted\val\coniferous_pine_forest\coniferous_14.jpg
coniferous_140.webp,coniferous_pine_forest,val,C:\Users\USER\Desktop\ai_dataset\forestry_dataset_splitted\val\coniferous_pine_forest\coniferous_140.webp
coniferous_141.webp,coniferous_pine_forest,val,C:\Users\USER\Desktop\ai_dataset\forestry_dataset_splitted\val\coniferous_pine_forest\coniferous_141.webp
coniferous_142.webp,coniferous_pine_forest,val,C:\Users\USER\Desktop\ai_dataset\forestry_dataset_splitted\val\coniferous_pine_forest\coniferous_142.webp
coniferous_143.webp,coniferous_pine_forest,val,C:\Users\USER\Desktop\ai_dataset\forestry_dataset_splitted\val\coniferous_pine_forest\coniferous_143.webp
coniferous_144.webp,coniferous_pine_forest,val,C:\Users\USER\Desktop\ai_dataset\forestry_dataset_splitted\val\coniferous_pine_forest\coniferous_144.webp
coniferous_145.webp,coniferous_pine_forest,val,C:\Users\USER\Desktop\ai_dataset\forestry_dataset_splitted\val\coniferous_pine_forest\coniferous_145.webp
coniferous_146.jpg,coniferous_pine_forest,val,C:\Users\USER\Desktop\ai_dataset\forestry_dataset_splitted\val\coniferous_pine_forest\coniferous_146.jpg
coniferous_147.jpg,coniferous_pine_forest,val,C:\Users\USER\Desktop\ai_dataset\forestry_dataset_splitted\val\coniferous_pine_forest\coniferous_147.jpg
coniferous_148.webp,coniferous_pine_forest,val,C:\Users\USER\Desktop\ai_dataset\forestry_dataset_splitted\val\coniferous_pine_forest\coniferous_148.webp
coniferous_149.jpg,coniferous_pine_forest,val,C:\Users\USER\Desktop\ai_dataset\forestry_dataset_splitted\val\coniferous_pine_forest\coniferous_149.jpg
coniferous_15.jpg,coniferous_pine_forest,val,C:\Users\USER\Desktop\ai_dataset\forestry_dataset_splitted\val\coniferous_pine_forest\coniferous_15.jpg
coniferous_150.webp,coniferous_pine_forest,val,C:\Users\USER\Desktop\ai_dataset\forestry_dataset_splitted\val\coniferous_pine_forest\coniferous_150.webp
coniferous_151.webp,coniferous_pine_forest,val,C:\Users\USER\Desktop\ai_dataset\forestry_dataset_splitted\val\coniferous_pine_forest\coniferous_151.webp
coniferous_152.webp,coniferous_pine_forest,val,C:\Users\USER\Desktop\ai_dataset\forestry_dataset_splitted\val\coniferous_pine_forest\coniferous_152.webp
coniferous_153.jpg,coniferous_pine_forest,val,C:\Users\USER\Desktop\ai_dataset\forestry_dataset_splitted\val\coniferous_pine_forest\coniferous_153.jpg
coniferous_154.webp,coniferous_pine_forest,val,C:\Users\USER\Desktop\ai_dataset\forestry_dataset_splitted\val\coniferous_pine_forest\coniferous_154.webp
coniferous_155.webp,coniferous_pine_forest,val,C:\Users\USER\Desktop\ai_dataset\forestry_dataset_splitted\val\coniferous_pine_forest\coniferous_155.webp
coniferous_156.webp,coniferous_pine_forest,val,C:\Users\USER\Desktop\ai_dataset\forestry_dataset_splitted\val\coniferous_pine_forest\coniferous_156.webp
coniferous_157.jpg,coniferous_pine_forest,val,C:\Users\USER\Desktop\ai_dataset\forestry_dataset_splitted\val\coniferous_pine_forest\coniferous_157.jpg
coniferous_158.webp,coniferous_pine_forest,val,C:\Users\USER\Desktop\ai_dataset\forestry_dataset_splitted\val\coniferous_pine_forest\coniferous_158.webp
coniferous_159.webp,coniferous_pine_forest,val,C:\Users\USER\Desktop\ai_dataset\forestry_dataset_splitted\val\coniferous_pine_forest\coniferous_159.webp
coniferous_16.jpg,coniferous_pine_forest,val,C:\Users\USER\Desktop\ai_dataset\forestry_dataset_splitted\val\coniferous_pine_forest\coniferous_16.jpg
coniferous_160.webp,coniferous_pine_forest,val,C:\Users\USER\Desktop\ai_dataset\forestry_dataset_splitted\val\coniferous_pine_forest\coniferous_160.webp
coniferous_161.webp,coniferous_pine_forest,val,C:\Users\USER\Desktop\ai_dataset\forestry_dataset_splitted\val\coniferous_pine_forest\coniferous_161.webp
coniferous_162.webp,coniferous_pine_forest,val,C:\Users\USER\Desktop\ai_dataset\forestry_dataset_splitted\val\coniferous_pine_forest\coniferous_162.webp
coniferous_163.webp,coniferous_pine_forest,val,C:\Users\USER\Desktop\ai_dataset\forestry_dataset_splitted\val\coniferous_pine_forest\coniferous_163.webp
coniferous_164.webp,coniferous_pine_forest,val,C:\Users\USER\Desktop\ai_dataset\forestry_dataset_splitted\val\coniferous_pine_forest\coniferous_164.webp
coniferous_165.webp,coniferous_pine_forest,val,C:\Users\USER\Desktop\ai_dataset\forestry_dataset_splitted\val\coniferous_pine_forest\coniferous_165.webp
coniferous_166.webp,coniferous_pine_forest,val,C:\Users\USER\Desktop\ai_dataset\forestry_dataset_splitted\val\coniferous_pine_forest\coniferous_166.webp
coniferous_167.webp,coniferous_pine_forest,val,C:\Users\USER\Desktop\ai_dataset\forestry_dataset_splitted\val\coniferous_pine_forest\coniferous_167.webp
coniferous_168.webp,coniferous_pine_forest,val,C:\Users\USER\Desktop\ai_dataset\forestry_dataset_splitted\val\coniferous_pine_forest\coniferous_168.webp
coniferous_169.webp,coniferous_pine_forest,val,C:\Users\USER\Desktop\ai_dataset\forestry_dataset_splitted\val\coniferous_pine_forest\coniferous_169.webp
coniferous_17.jpg,coniferous_pine_forest,val,C:\Users\USER\Desktop\ai_dataset\forestry_dataset_splitted\val\coniferous_pine_forest\coniferous_17.jpg
coniferous_170.webp,coniferous_pine_forest,val,C:\Users\USER\Desktop\ai_dataset\forestry_dataset_splitted\val\coniferous_pine_forest\coniferous_170.webp
coniferous_171.webp,coniferous_pine_forest,val,C:\Users\USER\Desktop\ai_dataset\forestry_dataset_splitted\val\coniferous_pine_forest\coniferous_171.webp
coniferous_172.jpg,coniferous_pine_forest,val,C:\Users\USER\Desktop\ai_dataset\forestry_dataset_splitted\val\coniferous_pine_forest\coniferous_172.jpg
coniferous_173.webp,coniferous_pine_forest,val,C:\Users\USER\Desktop\ai_dataset\forestry_dataset_splitted\val\coniferous_pine_forest\coniferous_173.webp
coniferous_174.webp,coniferous_pine_forest,val,C:\Users\USER\Desktop\ai_dataset\forestry_dataset_splitted\val\coniferous_pine_forest\coniferous_174.webp
coniferous_175.jpg,coniferous_pine_forest,val,C:\Users\USER\Desktop\ai_dataset\forestry_dataset_splitted\val\coniferous_pine_forest\coniferous_175.jpg
coniferous_176.jpg,coniferous_pine_forest,val,C:\Users\USER\Desktop\ai_dataset\forestry_dataset_splitted\val\coniferous_pine_forest\coniferous_176.jpg
coniferous_177.jpg,coniferous_pine_forest,val,C:\Users\USER\Desktop\ai_dataset\forestry_dataset_splitted\val\coniferous_pine_forest\coniferous_177.jpg
coniferous_178.jpg,coniferous_pine_forest,val,C:\Users\USER\Desktop\ai_dataset\forestry_dataset_splitted\val\coniferous_pine_forest\coniferous_178.jpg
coniferous_179.webp,coniferous_pine_forest,val,C:\Users\USER\Desktop\ai_dataset\forestry_dataset_splitted\val\coniferous_pine_forest\coniferous_179.webp
coniferous_18.jpg,coniferous_pine_forest,val,C:\Users\USER\Desktop\ai_dataset\forestry_dataset_splitted\val\coniferous_pine_forest\coniferous_18.jpg
coniferous_180.webp,coniferous_pine_forest,val,C:\Users\USER\Desktop\ai_dataset\forestry_dataset_splitted\val\coniferous_pine_forest\coniferous_180.webp
coniferous_181.webp,coniferous_pine_forest,val,C:\Users\USER\Desktop\ai_dataset\forestry_dataset_splitted\val\coniferous_pine_forest\coniferous_181.webp
coniferous_182.jpg,coniferous_pine_forest,val,C:\Users\USER\Desktop\ai_dataset\forestry_dataset_splitted\val\coniferous_pine_forest\coniferous_182.jpg
coniferous_183.jpg,coniferous_pine_forest,val,C:\Users\USER\Desktop\ai_dataset\forestry_dataset_splitted\val\coniferous_pine_forest\coniferous_183.jpg
coniferous_184.webp,coniferous_pine_forest,val,C:\Users\USER\Desktop\ai_dataset\forestry_dataset_splitted\val\coniferous_pine_forest\coniferous_184.webp
coniferous_185.jpg,coniferous_pine_forest,val,C:\Users\USER\Desktop\ai_dataset\forestry_dataset_splitted\val\coniferous_pine_forest\coniferous_185.jpg
coniferous_186.webp,coniferous_pine_forest,val,C:\Users\USER\Desktop\ai_dataset\forestry_dataset_splitted\val\coniferous_pine_forest\coniferous_186.webp
coniferous_187.webp,coniferous_pine_forest,val,C:\Users\USER\Desktop\ai_dataset\forestry_dataset_splitted\val\coniferous_pine_forest\coniferous_187.webp
coniferous_188.jpg,coniferous_pine_forest,val,C:\Users\USER\Desktop\ai_dataset\forestry_dataset_splitted\val\coniferous_pine_forest\coniferous_188.jpg
coniferous_189.jpg,coniferous_pine_forest,val,C:\Users\USER\Desktop\ai_dataset\forestry_dataset_splitted\val\coniferous_pine_forest\coniferous_189.jpg
coniferous_19.webp,coniferous_pine_forest,val,C:\Users\USER\Desktop\ai_dataset\forestry_dataset_splitted\val\coniferous_pine_forest\coniferous_19.webp
coniferous_190.jpg,coniferous_pine_forest,val,C:\Users\USER\Desktop\ai_dataset\forestry_dataset_splitted\val\coniferous_pine_forest\coniferous_190.jpg
coniferous_191.jpg,coniferous_pine_forest,val,C:\Users\USER\Desktop\ai_dataset\forestry_dataset_splitted\val\coniferous_pine_forest\coniferous_191.jpg
coniferous_192.jpg,coniferous_pine_forest,val,C:\Users\USER\Desktop\ai_dataset\forestry_dataset_splitted\val\coniferous_pine_forest\coniferous_192.jpg
coniferous_193.webp,coniferous_pine_forest,val,C:\Users\USER\Desktop\ai_dataset\forestry_dataset_splitted\val\coniferous_pine_forest\coniferous_193.webp
coniferous_194.webp,coniferous_pine_forest,val,C:\Users\USER\Desktop\ai_dataset\forestry_dataset_splitted\val\coniferous_pine_forest\coniferous_194.webp
coniferous_195.jpg,coniferous_pine_forest,val,C:\Users\USER\Desktop\ai_dataset\forestry_dataset_splitted\val\coniferous_pine_forest\coniferous_195.jpg
coniferous_196.webp,coniferous_pine_forest,val,C:\Users\USER\Desktop\ai_dataset\forestry_dataset_splitted\val\coniferous_pine_forest\coniferous_196.webp
coniferous_197.webp,coniferous_pine_forest,val,C:\Users\USER\Desktop\ai_dataset\forestry_dataset_splitted\val\coniferous_pine_forest\coniferous_197.webp
coniferous_198.webp,coniferous_pine_forest,val,C:\Users\USER\Desktop\ai_dataset\forestry_dataset_splitted\val\coniferous_pine_forest\coniferous_198.webp
coniferous_199.jpg,coniferous_pine_forest,val,C:\Users\USER\Desktop\ai_dataset\forestry_dataset_splitted\val\coniferous_pine_forest\coniferous_199.jpg
coniferous_2.jpg,coniferous_pine_forest,val,C:\Users\USER\Desktop\ai_dataset\forestry_dataset_splitted\val\coniferous_pine_forest\coniferous_2.jpg
coniferous_20.jpg,coniferous_pine_forest,val,C:\Users\USER\Desktop\ai_dataset\forestry_dataset_splitted\val\coniferous_pine_forest\coniferous_20.jpg
coniferous_200.webp,coniferous_pine_forest,val,C:\Users\USER\Desktop\ai_dataset\forestry_dataset_splitted\val\coniferous_pine_forest\coniferous_200.webp
coniferous_201.jpg,coniferous_pine_forest,val,C:\Users\USER\Desktop\ai_dataset\forestry_dataset_splitted\val\coniferous_pine_forest\coniferous_201.jpg
coniferous_202.webp,coniferous_pine_forest,val,C:\Users\USER\Desktop\ai_dataset\forestry_dataset_splitted\val\coniferous_pine_forest\coniferous_202.webp
coniferous_203.jpg,coniferous_pine_forest,val,C:\Users\USER\Desktop\ai_dataset\forestry_dataset_splitted\val\coniferous_pine_forest\coniferous_203.jpg
coniferous_204.webp,coniferous_pine_forest,val,C:\Users\USER\Desktop\ai_dataset\forestry_dataset_splitted\val\coniferous_pine_forest\coniferous_204.webp
coniferous_205.jpg,coniferous_pine_forest,val,C:\Users\USER\Desktop\ai_dataset\forestry_dataset_splitted\val\coniferous_pine_forest\coniferous_205.jpg
coniferous_206.webp,coniferous_pine_forest,val,C:\Users\USER\Desktop\ai_dataset\forestry_dataset_splitted\val\coniferous_pine_forest\coniferous_206.webp
coniferous_207.jpg,coniferous_pine_forest,val,C:\Users\USER\Desktop\ai_dataset\forestry_dataset_splitted\val\coniferous_pine_forest\coniferous_207.jpg
coniferous_208.webp,coniferous_pine_forest,val,C:\Users\USER\Desktop\ai_dataset\forestry_dataset_splitted\val\coniferous_pine_forest\coniferous_208.webp
coniferous_209.webp,coniferous_pine_forest,val,C:\Users\USER\Desktop\ai_dataset\forestry_dataset_splitted\val\coniferous_pine_forest\coniferous_209.webp
coniferous_21.webp,coniferous_pine_forest,val,C:\Users\USER\Desktop\ai_dataset\forestry_dataset_splitted\val\coniferous_pine_forest\coniferous_21.webp
coniferous_210.jpg,coniferous_pine_forest,val,C:\Users\USER\Desktop\ai_dataset\forestry_dataset_splitted\val\coniferous_pine_forest\coniferous_210.jpg
coniferous_211.webp,coniferous_pine_forest,val,C:\Users\USER\Desktop\ai_dataset\forestry_dataset_splitted\val\coniferous_pine_forest\coniferous_211.webp
coniferous_212.jpg,coniferous_pine_forest,val,C:\Users\USER\Desktop\ai_dataset\forestry_dataset_splitted\val\coniferous_pine_forest\coniferous_212.jpg
coniferous_213.jpg,coniferous_pine_forest,val,C:\Users\USER\Desktop\ai_dataset\forestry_dataset_splitted\val\coniferous_pine_forest\coniferous_213.jpg
coniferous_214.webp,coniferous_pine_forest,val,C:\Users\USER\Desktop\ai_dataset\forestry_dataset_splitted\val\coniferous_pine_forest\coniferous_214.webp
coniferous_215.jpg,coniferous_pine_forest,val,C:\Users\USER\Desktop\ai_dataset\forestry_dataset_splitted\val\coniferous_pine_forest\coniferous_215.jpg
coniferous_216.webp,coniferous_pine_forest,val,C:\Users\USER\Desktop\ai_dataset\forestry_dataset_splitted\val\coniferous_pine_forest\coniferous_216.webp
coniferous_217.jpg,coniferous_pine_forest,val,C:\Users\USER\Desktop\ai_dataset\forestry_dataset_splitted\val\coniferous_pine_forest\coniferous_217.jpg
coniferous_218.webp,coniferous_pine_forest,val,C:\Users\USER\Desktop\ai_dataset\forestry_dataset_splitted\val\coniferous_pine_forest\coniferous_218.webp
coniferous_219.webp,coniferous_pine_forest,val,C:\Users\USER\Desktop\ai_dataset\forestry_dataset_splitted\val\coniferous_pine_forest\coniferous_219.webp
coniferous_22.jpg,coniferous_pine_forest,val,C:\Users\USER\Desktop\ai_dataset\forestry_dataset_splitted\val\coniferous_pine_forest\coniferous_22.jpg
coniferous_220.jpg,coniferous_pine_forest,val,C:\Users\USER\Desktop\ai_dataset\forestry_dataset_splitted\val\coniferous_pine_forest\coniferous_220.jpg
coniferous_221.jpg,coniferous_pine_forest,val,C:\Users\USER\Desktop\ai_dataset\forestry_dataset_splitted\val\coniferous_pine_forest\coniferous_221.jpg
coniferous_222.jpg,coniferous_pine_forest,val,C:\Users\USER\Desktop\ai_dataset\forestry_dataset_splitted\val\coniferous_pine_forest\coniferous_222.jpg
coniferous_223.jpg,coniferous_pine_forest,val,C:\Users\USER\Desktop\ai_dataset\forestry_dataset_splitted\val\coniferous_pine_forest\coniferous_223.jpg
coniferous_224.jpg,coniferous_pine_forest,val,C:\Users\USER\Desktop\ai_dataset\forestry_dataset_splitted\val\coniferous_pine_forest\coniferous_224.jpg
coniferous_225.jpg,coniferous_pine_forest,val,C:\Users\USER\Desktop\ai_dataset\forestry_dataset_splitted\val\coniferous_pine_forest\coniferous_225.jpg
coniferous_226.jpg,coniferous_pine_forest,val,C:\Users\USER\Desktop\ai_dataset\forestry_dataset_splitted\val\coniferous_pine_forest\coniferous_226.jpg
coniferous_227.jpg,coniferous_pine_forest,val,C:\Users\USER\Desktop\ai_dataset\forestry_dataset_splitted\val\coniferous_pine_forest\coniferous_227.jpg
coniferous_228.webp,coniferous_pine_forest,val,C:\Users\USER\Desktop\ai_dataset\forestry_dataset_splitted\val\coniferous_pine_forest\coniferous_228.webp
coniferous_229.jpg,coniferous_pine_forest,val,C:\Users\USER\Desktop\ai_dataset\forestry_dataset_splitted\val\coniferous_pine_forest\coniferous_229.jpg
coniferous_23.jpg,coniferous_pine_forest,val,C:\Users\USER\Desktop\ai_dataset\forestry_dataset_splitted\val\coniferous_pine_forest\coniferous_23.jpg
coniferous_230.jpg,coniferous_pine_forest,val,C:\Users\USER\Desktop\ai_dataset\forestry_dataset_splitted\val\coniferous_pine_forest\coniferous_230.jpg
coniferous_231.jpg,coniferous_pine_forest,val,C:\Users\USER\Desktop\ai_dataset\forestry_dataset_splitted\val\coniferous_pine_forest\coniferous_231.jpg
coniferous_232.jpg,coniferous_pine_forest,val,C:\Users\USER\Desktop\ai_dataset\forestry_dataset_splitted\val\coniferous_pine_forest\coniferous_232.jpg
coniferous_233.webp,coniferous_pine_forest,val,C:\Users\USER\Desktop\ai_dataset\forestry_dataset_splitted\val\coniferous_pine_forest\coniferous_233.webp
coniferous_234.jpg,coniferous_pine_forest,val,C:\Users\USER\Desktop\ai_dataset\forestry_dataset_splitted\val\coniferous_pine_forest\coniferous_234.jpg
coniferous_235.jpg,coniferous_pine_forest,val,C:\Users\USER\Desktop\ai_dataset\forestry_dataset_splitted\val\coniferous_pine_forest\coniferous_235.jpg
coniferous_236.jpg,coniferous_pine_forest,val,C:\Users\USER\Desktop\ai_dataset\forestry_dataset_splitted\val\coniferous_pine_forest\coniferous_236.jpg
coniferous_237.jpg,coniferous_pine_forest,val,C:\Users\USER\Desktop\ai_dataset\forestry_dataset_splitted\val\coniferous_pine_forest\coniferous_237.jpg
coniferous_238.jpg,coniferous_pine_forest,val,C:\Users\USER\Desktop\ai_dataset\forestry_dataset_splitted\val\coniferous_pine_forest\coniferous_238.jpg
coniferous_239.jpg,coniferous_pine_forest,val,C:\Users\USER\Desktop\ai_dataset\forestry_dataset_splitted\val\coniferous_pine_forest\coniferous_239.jpg
coniferous_24.jpg,coniferous_pine_forest,val,C:\Users\USER\Desktop\ai_dataset\forestry_dataset_splitted\val\coniferous_pine_forest\coniferous_24.jpg
coniferous_240.jpg,coniferous_pine_forest,val,C:\Users\USER\Desktop\ai_dataset\forestry_dataset_splitted\val\coniferous_pine_forest\coniferous_240.jpg
coniferous_241.jpg,coniferous_pine_forest,val,C:\Users\USER\Desktop\ai_dataset\forestry_dataset_splitted\val\coniferous_pine_forest\coniferous_241.jpg
coniferous_242.png,coniferous_pine_forest,val,C:\Users\USER\Desktop\ai_dataset\forestry_dataset_splitted\val\coniferous_pine_forest\coniferous_242.png
coniferous_243.jpg,coniferous_pine_forest,val,C:\Users\USER\Desktop\ai_dataset\forestry_dataset_splitted\val\coniferous_pine_forest\coniferous_243.jpg
coniferous_244.jpg,coniferous_pine_forest,val,C:\Users\USER\Desktop\ai_dataset\forestry_dataset_splitted\val\coniferous_pine_forest\coniferous_244.jpg
coniferous_245.jpg,coniferous_pine_forest,val,C:\Users\USER\Desktop\ai_dataset\forestry_dataset_splitted\val\coniferous_pine_forest\coniferous_245.jpg
coniferous_246.webp,coniferous_pine_forest,val,C:\Users\USER\Desktop\ai_dataset\forestry_dataset_splitted\val\coniferous_pine_forest\coniferous_246.webp
coniferous_247.jpg,coniferous_pine_forest,val,C:\Users\USER\Desktop\ai_dataset\forestry_dataset_splitted\val\coniferous_pine_forest\coniferous_247.jpg
coniferous_248.jpg,coniferous_pine_forest,val,C:\Users\USER\Desktop\ai_dataset\forestry_dataset_splitted\val\coniferous_pine_forest\coniferous_248.jpg
coniferous_249.jpg,coniferous_pine_forest,val,C:\Users\USER\Desktop\ai_dataset\forestry_dataset_splitted\val\coniferous_pine_forest\coniferous_249.jpg
coniferous_25.jpg,coniferous_pine_forest,val,C:\Users\USER\Desktop\ai_dataset\forestry_dataset_splitted\val\coniferous_pine_forest\coniferous_25.jpg
coniferous_250.jpg,coniferous_pine_forest,val,C:\Users\USER\Desktop\ai_dataset\forestry_dataset_splitted\val\coniferous_pine_forest\coniferous_250.jpg
coniferous_251.jpg,coniferous_pine_forest,val,C:\Users\USER\Desktop\ai_dataset\forestry_dataset_splitted\val\coniferous_pine_forest\coniferous_251.jpg
coniferous_252.jpg,coniferous_pine_forest,val,C:\Users\USER\Desktop\ai_dataset\forestry_dataset_splitted\val\coniferous_pine_forest\coniferous_252.jpg
coniferous_253.jpg,coniferous_pine_forest,val,C:\Users\USER\Desktop\ai_dataset\forestry_dataset_splitted\val\coniferous_pine_forest\coniferous_253.jpg
coniferous_254.jpg,coniferous_pine_forest,val,C:\Users\USER\Desktop\ai_dataset\forestry_dataset_splitted\val\coniferous_pine_forest\coniferous_254.jpg
coniferous_255.webp,coniferous_pine_forest,val,C:\Users\USER\Desktop\ai_dataset\forestry_dataset_splitted\val\coniferous_pine_forest\coniferous_255.webp
coniferous_256.jpg,coniferous_pine_forest,val,C:\Users\USER\Desktop\ai_dataset\forestry_dataset_splitted\val\coniferous_pine_forest\coniferous_256.jpg
coniferous_257.jpg,coniferous_pine_forest,val,C:\Users\USER\Desktop\ai_dataset\forestry_dataset_splitted\val\coniferous_pine_forest\coniferous_257.jpg
coniferous_258.jpg,coniferous_pine_forest,val,C:\Users\USER\Desktop\ai_dataset\forestry_dataset_splitted\val\coniferous_pine_forest\coniferous_258.jpg
coniferous_259.jpg,coniferous_pine_forest,val,C:\Users\USER\Desktop\ai_dataset\forestry_dataset_splitted\val\coniferous_pine_forest\coniferous_259.jpg
coniferous_26.jpg,coniferous_pine_forest,val,C:\Users\USER\Desktop\ai_dataset\forestry_dataset_splitted\val\coniferous_pine_forest\coniferous_26.jpg
coniferous_260.webp,coniferous_pine_forest,val,C:\Users\USER\Desktop\ai_dataset\forestry_dataset_splitted\val\coniferous_pine_forest\coniferous_260.webp
coniferous_261.jpg,coniferous_pine_forest,val,C:\Users\USER\Desktop\ai_dataset\forestry_dataset_splitted\val\coniferous_pine_forest\coniferous_261.jpg
coniferous_262.jpg,coniferous_pine_forest,val,C:\Users\USER\Desktop\ai_dataset\forestry_dataset_splitted\val\coniferous_pine_forest\coniferous_262.jpg
coniferous_263.jpg,coniferous_pine_forest,val,C:\Users\USER\Desktop\ai_dataset\forestry_dataset_splitted\val\coniferous_pine_forest\coniferous_263.jpg
coniferous_264.jpg,coniferous_pine_forest,val,C:\Users\USER\Desktop\ai_dataset\forestry_dataset_splitted\val\coniferous_pine_forest\coniferous_264.jpg
coniferous_265.jpg,coniferous_pine_forest,val,C:\Users\USER\Desktop\ai_dataset\forestry_dataset_splitted\val\coniferous_pine_forest\coniferous_265.jpg
coniferous_266.jpg,coniferous_pine_forest,val,C:\Users\USER\Desktop\ai_dataset\forestry_dataset_splitted\val\coniferous_pine_forest\coniferous_266.jpg
coniferous_267.jpg,coniferous_pine_forest,val,C:\Users\USER\Desktop\ai_dataset\forestry_dataset_splitted\val\coniferous_pine_forest\coniferous_267.jpg
coniferous_268.jpg,coniferous_pine_forest,val,C:\Users\USER\Desktop\ai_dataset\forestry_dataset_splitted\val\coniferous_pine_forest\coniferous_268.jpg
coniferous_269.jpg,coniferous_pine_forest,val,C:\Users\USER\Desktop\ai_dataset\forestry_dataset_splitted\val\coniferous_pine_forest\coniferous_269.jpg
coniferous_27.jpg,coniferous_pine_forest,val,C:\Users\USER\Desktop\ai_dataset\forestry_dataset_splitted\val\coniferous_pine_forest\coniferous_27.jpg
coniferous_270.jpg,coniferous_pine_forest,val,C:\Users\USER\Desktop\ai_dataset\forestry_dataset_splitted\val\coniferous_pine_forest\coniferous_270.jpg
coniferous_271.jpg,coniferous_pine_forest,val,C:\Users\USER\Desktop\ai_dataset\forestry_dataset_splitted\val\coniferous_pine_forest\coniferous_271.jpg
coniferous_272.jpg,coniferous_pine_forest,val,C:\Users\USER\Desktop\ai_dataset\forestry_dataset_splitted\val\coniferous_pine_forest\coniferous_272.jpg
coniferous_273.jpg,coniferous_pine_forest,val,C:\Users\USER\Desktop\ai_dataset\forestry_dataset_splitted\val\coniferous_pine_forest\coniferous_273.jpg
coniferous_274.jpg,coniferous_pine_forest,val,C:\Users\USER\Desktop\ai_dataset\forestry_dataset_splitted\val\coniferous_pine_forest\coniferous_274.jpg
coniferous_275.jpg,coniferous_pine_forest,val,C:\Users\USER\Desktop\ai_dataset\forestry_dataset_splitted\val\coniferous_pine_forest\coniferous_275.jpg
coniferous_276.jpg,coniferous_pine_forest,val,C:\Users\USER\Desktop\ai_dataset\forestry_dataset_splitted\val\coniferous_pine_forest\coniferous_276.jpg
coniferous_277.webp,coniferous_pine_forest,val,C:\Users\USER\Desktop\ai_dataset\forestry_dataset_splitted\val\coniferous_pine_forest\coniferous_277.webp
coniferous_278.jpg,coniferous_pine_forest,val,C:\Users\USER\Desktop\ai_dataset\forestry_dataset_splitted\val\coniferous_pine_forest\coniferous_278.jpg
coniferous_279.jpg,coniferous_pine_forest,val,C:\Users\USER\Desktop\ai_dataset\forestry_dataset_splitted\val\coniferous_pine_forest\coniferous_279.jpg
coniferous_28.jpg,coniferous_pine_forest,val,C:\Users\USER\Desktop\ai_dataset\forestry_dataset_splitted\val\coniferous_pine_forest\coniferous_28.jpg
coniferous_280.jpg,coniferous_pine_forest,val,C:\Users\USER\Desktop\ai_dataset\forestry_dataset_splitted\val\coniferous_pine_forest\coniferous_280.jpg
coniferous_281.jpg,coniferous_pine_forest,val,C:\Users\USER\Desktop\ai_dataset\forestry_dataset_splitted\val\coniferous_pine_forest\coniferous_281.jpg
coniferous_282.webp,coniferous_pine_forest,val,C:\Users\USER\Desktop\ai_dataset\forestry_dataset_splitted\val\coniferous_pine_forest\coniferous_282.webp
coniferous_283.jpg,coniferous_pine_forest,val,C:\Users\USER\Desktop\ai_dataset\forestry_dataset_splitted\val\coniferous_pine_forest\coniferous_283.jpg
coniferous_284.jpg,coniferous_pine_forest,val,C:\Users\USER\Desktop\ai_dataset\forestry_dataset_splitted\val\coniferous_pine_forest\coniferous_284.jpg
coniferous_285.jpg,coniferous_pine_forest,val,C:\Users\USER\Desktop\ai_dataset\forestry_dataset_splitted\val\coniferous_pine_forest\coniferous_285.jpg
coniferous_286.jpg,coniferous_pine_forest,val,C:\Users\USER\Desktop\ai_dataset\forestry_dataset_splitted\val\coniferous_pine_forest\coniferous_286.jpg
coniferous_287.jpg,coniferous_pine_forest,val,C:\Users\USER\Desktop\ai_dataset\forestry_dataset_splitted\val\coniferous_pine_forest\coniferous_287.jpg
coniferous_288.jpg,coniferous_pine_forest,val,C:\Users\USER\Desktop\ai_dataset\forestry_dataset_splitted\val\coniferous_pine_forest\coniferous_288.jpg
coniferous_289.webp,coniferous_pine_forest,val,C:\Users\USER\Desktop\ai_dataset\forestry_dataset_splitted\val\coniferous_pine_forest\coniferous_289.webp
coniferous_29.webp,coniferous_pine_forest,val,C:\Users\USER\Desktop\ai_dataset\forestry_dataset_splitted\val\coniferous_pine_forest\coniferous_29.webp
coniferous_290.jpg,coniferous_pine_forest,val,C:\Users\USER\Desktop\ai_dataset\forestry_dataset_splitted\val\coniferous_pine_forest\coniferous_290.jpg
coniferous_291.webp,coniferous_pine_forest,val,C:\Users\USER\Desktop\ai_dataset\forestry_dataset_splitted\val\coniferous_pine_forest\coniferous_291.webp
coniferous_292.jpg,coniferous_pine_forest,val,C:\Users\USER\Desktop\ai_dataset\forestry_dataset_splitted\val\coniferous_pine_forest\coniferous_292.jpg
coniferous_293.jpg,coniferous_pine_forest,val,C:\Users\USER\Desktop\ai_dataset\forestry_dataset_splitted\val\coniferous_pine_forest\coniferous_293.jpg
coniferous_294.jpg,coniferous_pine_forest,val,C:\Users\USER\Desktop\ai_dataset\forestry_dataset_splitted\val\coniferous_pine_forest\coniferous_294.jpg
coniferous_295.jpg,coniferous_pine_forest,val,C:\Users\USER\Desktop\ai_dataset\forestry_dataset_splitted\val\coniferous_pine_forest\coniferous_295.jpg
coniferous_296.jpg,coniferous_pine_forest,val,C:\Users\USER\Desktop\ai_dataset\forestry_dataset_splitted\val\coniferous_pine_forest\coniferous_296.jpg
coniferous_297.jpg,coniferous_pine_forest,val,C:\Users\USER\Desktop\ai_dataset\forestry_dataset_splitted\val\coniferous_pine_forest\coniferous_297.jpg
coniferous_3.jpg,coniferous_pine_forest,val,C:\Users\USER\Desktop\ai_dataset\forestry_dataset_splitted\val\coniferous_pine_forest\coniferous_3.jpg
coniferous_30.jpg,coniferous_pine_forest,val,C:\Users\USER\Desktop\ai_dataset\forestry_dataset_splitted\val\coniferous_pine_forest\coniferous_30.jpg
coniferous_31.jpg,coniferous_pine_forest,val,C:\Users\USER\Desktop\ai_dataset\forestry_dataset_splitted\val\coniferous_pine_forest\coniferous_31.jpg
coniferous_32.jpg,coniferous_pine_forest,val,C:\Users\USER\Desktop\ai_dataset\forestry_dataset_splitted\val\coniferous_pine_forest\coniferous_32.jpg
coniferous_33.jpg,coniferous_pine_forest,val,C:\Users\USER\Desktop\ai_dataset\forestry_dataset_splitted\val\coniferous_pine_forest\coniferous_33.jpg
coniferous_34.webp,coniferous_pine_forest,val,C:\Users\USER\Desktop\ai_dataset\forestry_dataset_splitted\val\coniferous_pine_forest\coniferous_34.webp
coniferous_35.jpg,coniferous_pine_forest,val,C:\Users\USER\Desktop\ai_dataset\forestry_dataset_splitted\val\coniferous_pine_forest\coniferous_35.jpg
coniferous_36.jpg,coniferous_pine_forest,val,C:\Users\USER\Desktop\ai_dataset\forestry_dataset_splitted\val\coniferous_pine_forest\coniferous_36.jpg
coniferous_37.png,coniferous_pine_forest,val,C:\Users\USER\Desktop\ai_dataset\forestry_dataset_splitted\val\coniferous_pine_forest\coniferous_37.png
coniferous_38.webp,coniferous_pine_forest,val,C:\Users\USER\Desktop\ai_dataset\forestry_dataset_splitted\val\coniferous_pine_forest\coniferous_38.webp
coniferous_39.jpg,coniferous_pine_forest,val,C:\Users\USER\Desktop\ai_dataset\forestry_dataset_splitted\val\coniferous_pine_forest\coniferous_39.jpg
coniferous_4.jpg,coniferous_pine_forest,val,C:\Users\USER\Desktop\ai_dataset\forestry_dataset_splitted\val\coniferous_pine_forest\coniferous_4.jpg
coniferous_40.webp,coniferous_pine_forest,val,C:\Users\USER\Desktop\ai_dataset\forestry_dataset_splitted\val\coniferous_pine_forest\coniferous_40.webp
coniferous_41.jpg,coniferous_pine_forest,val,C:\Users\USER\Desktop\ai_dataset\forestry_dataset_splitted\val\coniferous_pine_forest\coniferous_41.jpg
coniferous_42.jpg,coniferous_pine_forest,val,C:\Users\USER\Desktop\ai_dataset\forestry_dataset_splitted\val\coniferous_pine_forest\coniferous_42.jpg
coniferous_43.jpg,coniferous_pine_forest,val,C:\Users\USER\Desktop\ai_dataset\forestry_dataset_splitted\val\coniferous_pine_forest\coniferous_43.jpg
coniferous_44.jpg,coniferous_pine_forest,val,C:\Users\USER\Desktop\ai_dataset\forestry_dataset_splitted\val\coniferous_pine_forest\coniferous_44.jpg
coniferous_45.jpg,coniferous_pine_forest,val,C:\Users\USER\Desktop\ai_dataset\forestry_dataset_splitted\val\coniferous_pine_forest\coniferous_45.jpg
coniferous_46.webp,coniferous_pine_forest,val,C:\Users\USER\Desktop\ai_dataset\forestry_dataset_splitted\val\coniferous_pine_forest\coniferous_46.webp
coniferous_47.jpg,coniferous_pine_forest,val,C:\Users\USER\Desktop\ai_dataset\forestry_dataset_splitted\val\coniferous_pine_forest\coniferous_47.jpg
coniferous_48.jpg,coniferous_pine_forest,val,C:\Users\USER\Desktop\ai_dataset\forestry_dataset_splitted\val\coniferous_pine_forest\coniferous_48.jpg
coniferous_49.jpg,coniferous_pine_forest,val,C:\Users\USER\Desktop\ai_dataset\forestry_dataset_splitted\val\coniferous_pine_forest\coniferous_49.jpg
coniferous_5.jpg,coniferous_pine_forest,val,C:\Users\USER\Desktop\ai_dataset\forestry_dataset_splitted\val\coniferous_pine_forest\coniferous_5.jpg
coniferous_50.jpg,coniferous_pine_forest,val,C:\Users\USER\Desktop\ai_dataset\forestry_dataset_splitted\val\coniferous_pine_forest\coniferous_50.jpg
coniferous_51.jpg,coniferous_pine_forest,val,C:\Users\USER\Desktop\ai_dataset\forestry_dataset_splitted\val\coniferous_pine_forest\coniferous_51.jpg
coniferous_52.jpg,coniferous_pine_forest,val,C:\Users\USER\Desktop\ai_dataset\forestry_dataset_splitted\val\coniferous_pine_forest\coniferous_52.jpg
coniferous_53.webp,coniferous_pine_forest,val,C:\Users\USER\Desktop\ai_dataset\forestry_dataset_splitted\val\coniferous_pine_forest\coniferous_53.webp
coniferous_54.jpg,coniferous_pine_forest,val,C:\Users\USER\Desktop\ai_dataset\forestry_dataset_splitted\val\coniferous_pine_forest\coniferous_54.jpg
coniferous_55.webp,coniferous_pine_forest,val,C:\Users\USER\Desktop\ai_dataset\forestry_dataset_splitted\val\coniferous_pine_forest\coniferous_55.webp
coniferous_56.jpg,coniferous_pine_forest,val,C:\Users\USER\Desktop\ai_dataset\forestry_dataset_splitted\val\coniferous_pine_forest\coniferous_56.jpg
coniferous_57.jpg,coniferous_pine_forest,val,C:\Users\USER\Desktop\ai_dataset\forestry_dataset_splitted\val\coniferous_pine_forest\coniferous_57.jpg
coniferous_58.jpg,coniferous_pine_forest,val,C:\Users\USER\Desktop\ai_dataset\forestry_dataset_splitted\val\coniferous_pine_forest\coniferous_58.jpg
coniferous_59.jpg,coniferous_pine_forest,val,C:\Users\USER\Desktop\ai_dataset\forestry_dataset_splitted\val\coniferous_pine_forest\coniferous_59.jpg
coniferous_6.jpg,coniferous_pine_forest,val,C:\Users\USER\Desktop\ai_dataset\forestry_dataset_splitted\val\coniferous_pine_forest\coniferous_6.jpg
coniferous_60.jpg,coniferous_pine_forest,val,C:\Users\USER\Desktop\ai_dataset\forestry_dataset_splitted\val\coniferous_pine_forest\coniferous_60.jpg
coniferous_61.webp,coniferous_pine_forest,val,C:\Users\USER\Desktop\ai_dataset\forestry_dataset_splitted\val\coniferous_pine_forest\coniferous_61.webp
coniferous_62.jpg,coniferous_pine_forest,val,C:\Users\USER\Desktop\ai_dataset\forestry_dataset_splitted\val\coniferous_pine_forest\coniferous_62.jpg
coniferous_63.jpg,coniferous_pine_forest,val,C:\Users\USER\Desktop\ai_dataset\forestry_dataset_splitted\val\coniferous_pine_forest\coniferous_63.jpg
coniferous_64.webp,coniferous_pine_forest,val,C:\Users\USER\Desktop\ai_dataset\forestry_dataset_splitted\val\coniferous_pine_forest\coniferous_64.webp
coniferous_65.webp,coniferous_pine_forest,val,C:\Users\USER\Desktop\ai_dataset\forestry_dataset_splitted\val\coniferous_pine_forest\coniferous_65.webp
coniferous_66.webp,coniferous_pine_forest,val,C:\Users\USER\Desktop\ai_dataset\forestry_dataset_splitted\val\coniferous_pine_forest\coniferous_66.webp
coniferous_67.jpg,coniferous_pine_forest,val,C:\Users\USER\Desktop\ai_dataset\forestry_dataset_splitted\val\coniferous_pine_forest\coniferous_67.jpg
coniferous_68.webp,coniferous_pine_forest,val,C:\Users\USER\Desktop\ai_dataset\forestry_dataset_splitted\val\coniferous_pine_forest\coniferous_68.webp
coniferous_69.jpg,coniferous_pine_forest,val,C:\Users\USER\Desktop\ai_dataset\forestry_dataset_splitted\val\coniferous_pine_forest\coniferous_69.jpg
coniferous_7.jpg,coniferous_pine_forest,val,C:\Users\USER\Desktop\ai_dataset\forestry_dataset_splitted\val\coniferous_pine_forest\coniferous_7.jpg
coniferous_70.jpg,coniferous_pine_forest,val,C:\Users\USER\Desktop\ai_dataset\forestry_dataset_splitted\val\coniferous_pine_forest\coniferous_70.jpg
coniferous_71.jpg,coniferous_pine_forest,val,C:\Users\USER\Desktop\ai_dataset\forestry_dataset_splitted\val\coniferous_pine_forest\coniferous_71.jpg
coniferous_72.webp,coniferous_pine_forest,val,C:\Users\USER\Desktop\ai_dataset\forestry_dataset_splitted\val\coniferous_pine_forest\coniferous_72.webp
coniferous_73.webp,coniferous_pine_forest,val,C:\Users\USER\Desktop\ai_dataset\forestry_dataset_splitted\val\coniferous_pine_forest\coniferous_73.webp
coniferous_74.png,coniferous_pine_forest,val,C:\Users\USER\Desktop\ai_dataset\forestry_dataset_splitted\val\coniferous_pine_forest\coniferous_74.png
coniferous_75.webp,coniferous_pine_forest,val,C:\Users\USER\Desktop\ai_dataset\forestry_dataset_splitted\val\coniferous_pine_forest\coniferous_75.webp
coniferous_76.jpg,coniferous_pine_forest,val,C:\Users\USER\Desktop\ai_dataset\forestry_dataset_splitted\val\coniferous_pine_forest\coniferous_76.jpg
coniferous_77.webp,coniferous_pine_forest,val,C:\Users\USER\Desktop\ai_dataset\forestry_dataset_splitted\val\coniferous_pine_forest\coniferous_77.webp
coniferous_78.webp,coniferous_pine_forest,val,C:\Users\USER\Desktop\ai_dataset\forestry_dataset_splitted\val\coniferous_pine_forest\coniferous_78.webp
coniferous_79.jpg,coniferous_pine_forest,val,C:\Users\USER\Desktop\ai_dataset\forestry_dataset_splitted\val\coniferous_pine_forest\coniferous_79.jpg
coniferous_8.jpg,coniferous_pine_forest,val,C:\Users\USER\Desktop\ai_dataset\forestry_dataset_splitted\val\coniferous_pine_forest\coniferous_8.jpg
coniferous_80.jpg,coniferous_pine_forest,val,C:\Users\USER\Desktop\ai_dataset\forestry_dataset_splitted\val\coniferous_pine_forest\coniferous_80.jpg
coniferous_81.jpg,coniferous_pine_forest,val,C:\Users\USER\Desktop\ai_dataset\forestry_dataset_splitted\val\coniferous_pine_forest\coniferous_81.jpg
coniferous_82.jpg,coniferous_pine_forest,val,C:\Users\USER\Desktop\ai_dataset\forestry_dataset_splitted\val\coniferous_pine_forest\coniferous_82.jpg
coniferous_83.webp,coniferous_pine_forest,val,C:\Users\USER\Desktop\ai_dataset\forestry_dataset_splitted\val\coniferous_pine_forest\coniferous_83.webp
coniferous_84.jpg,coniferous_pine_forest,val,C:\Users\USER\Desktop\ai_dataset\forestry_dataset_splitted\val\coniferous_pine_forest\coniferous_84.jpg
coniferous_85.webp,coniferous_pine_forest,val,C:\Users\USER\Desktop\ai_dataset\forestry_dataset_splitted\val\coniferous_pine_forest\coniferous_85.webp
coniferous_86.jpg,coniferous_pine_forest,val,C:\Users\USER\Desktop\ai_dataset\forestry_dataset_splitted\val\coniferous_pine_forest\coniferous_86.jpg
coniferous_87.webp,coniferous_pine_forest,val,C:\Users\USER\Desktop\ai_dataset\forestry_dataset_splitted\val\coniferous_pine_forest\coniferous_87.webp
coniferous_88.webp,coniferous_pine_forest,val,C:\Users\USER\Desktop\ai_dataset\forestry_dataset_splitted\val\coniferous_pine_forest\coniferous_88.webp
coniferous_89.jpg,coniferous_pine_forest,val,C:\Users\USER\Desktop\ai_dataset\forestry_dataset_splitted\val\coniferous_pine_forest\coniferous_89.jpg
coniferous_9.jpg,coniferous_pine_forest,val,C:\Users\USER\Desktop\ai_dataset\forestry_dataset_splitted\val\coniferous_pine_forest\coniferous_9.jpg
coniferous_90.jpg,coniferous_pine_forest,val,C:\Users\USER\Desktop\ai_dataset\forestry_dataset_splitted\val\coniferous_pine_forest\coniferous_90.jpg
coniferous_91.png,coniferous_pine_forest,val,C:\Users\USER\Desktop\ai_dataset\forestry_dataset_splitted\val\coniferous_pine_forest\coniferous_91.png
coniferous_92.jpg,coniferous_pine_forest,val,C:\Users\USER\Desktop\ai_dataset\forestry_dataset_splitted\val\coniferous_pine_forest\coniferous_92.jpg
coniferous_93.jpg,coniferous_pine_forest,val,C:\Users\USER\Desktop\ai_dataset\forestry_dataset_splitted\val\coniferous_pine_forest\coniferous_93.jpg
coniferous_94.jpg,coniferous_pine_forest,val,C:\Users\USER\Desktop\ai_dataset\forestry_dataset_splitted\val\coniferous_pine_forest\coniferous_94.jpg
coniferous_95.webp,coniferous_pine_forest,val,C:\Users\USER\Desktop\ai_dataset\forestry_dataset_splitted\val\coniferous_pine_forest\coniferous_95.webp
coniferous_96.jpg,coniferous_pine_forest,val,C:\Users\USER\Desktop\ai_dataset\forestry_dataset_splitted\val\coniferous_pine_forest\coniferous_96.jpg
coniferous_97.png,coniferous_pine_forest,val,C:\Users\USER\Desktop\ai_dataset\forestry_dataset_splitted\val\coniferous_pine_forest\coniferous_97.png
coniferous_98.jpg,coniferous_pine_forest,val,C:\Users\USER\Desktop\ai_dataset\forestry_dataset_splitted\val\coniferous_pine_forest\coniferous_98.jpg
coniferous_99.webp,coniferous_pine_forest,val,C:\Users\USER\Desktop\ai_dataset\forestry_dataset_splitted\val\coniferous_pine_forest\coniferous_99.webp
mangrove_1.webp,mangrove_forest,val,C:\Users\USER\Desktop\ai_dataset\forestry_dataset_splitted\val\mangrove_forest\mangrove_1.webp
mangrove_10.jpg,mangrove_forest,val,C:\Users\USER\Desktop\ai_dataset\forestry_dataset_splitted\val\mangrove_forest\mangrove_10.jpg
mangrove_100.jpg,mangrove_forest,val,C:\Users\USER\Desktop\ai_dataset\forestry_dataset_splitted\val\mangrove_forest\mangrove_100.jpg
mangrove_101.jpg,mangrove_forest,val,C:\Users\USER\Desktop\ai_dataset\forestry_dataset_splitted\val\mangrove_forest\mangrove_101.jpg
mangrove_102.webp,mangrove_forest,val,C:\Users\USER\Desktop\ai_dataset\forestry_dataset_splitted\val\mangrove_forest\mangrove_102.webp
mangrove_103.jpg,mangrove_forest,val,C:\Users\USER\Desktop\ai_dataset\forestry_dataset_splitted\val\mangrove_forest\mangrove_103.jpg
mangrove_104.webp,mangrove_forest,val,C:\Users\USER\Desktop\ai_dataset\forestry_dataset_splitted\val\mangrove_forest\mangrove_104.webp
mangrove_105.webp,mangrove_forest,val,C:\Users\USER\Desktop\ai_dataset\forestry_dataset_splitted\val\mangrove_forest\mangrove_105.webp
mangrove_106.webp,mangrove_forest,val,C:\Users\USER\Desktop\ai_dataset\forestry_dataset_splitted\val\mangrove_forest\mangrove_106.webp
mangrove_107.webp,mangrove_forest,val,C:\Users\USER\Desktop\ai_dataset\forestry_dataset_splitted\val\mangrove_forest\mangrove_107.webp
mangrove_108.webp,mangrove_forest,val,C:\Users\USER\Desktop\ai_dataset\forestry_dataset_splitted\val\mangrove_forest\mangrove_108.webp
mangrove_109.webp,mangrove_forest,val,C:\Users\USER\Desktop\ai_dataset\forestry_dataset_splitted\val\mangrove_forest\mangrove_109.webp
mangrove_11.jpg,mangrove_forest,val,C:\Users\USER\Desktop\ai_dataset\forestry_dataset_splitted\val\mangrove_forest\mangrove_11.jpg
mangrove_110.webp,mangrove_forest,val,C:\Users\USER\Desktop\ai_dataset\forestry_dataset_splitted\val\mangrove_forest\mangrove_110.webp
mangrove_111.jpg,mangrove_forest,val,C:\Users\USER\Desktop\ai_dataset\forestry_dataset_splitted\val\mangrove_forest\mangrove_111.jpg
mangrove_112.webp,mangrove_forest,val,C:\Users\USER\Desktop\ai_dataset\forestry_dataset_splitted\val\mangrove_forest\mangrove_112.webp
mangrove_113.webp,mangrove_forest,val,C:\Users\USER\Desktop\ai_dataset\forestry_dataset_splitted\val\mangrove_forest\mangrove_113.webp
mangrove_114.webp,mangrove_forest,val,C:\Users\USER\Desktop\ai_dataset\forestry_dataset_splitted\val\mangrove_forest\mangrove_114.webp
mangrove_115.webp,mangrove_forest,val,C:\Users\USER\Desktop\ai_dataset\forestry_dataset_splitted\val\mangrove_forest\mangrove_115.webp
mangrove_116.webp,mangrove_forest,val,C:\Users\USER\Desktop\ai_dataset\forestry_dataset_splitted\val\mangrove_forest\mangrove_116.webp
mangrove_117.webp,mangrove_forest,val,C:\Users\USER\Desktop\ai_dataset\forestry_dataset_splitted\val\mangrove_forest\mangrove_117.webp
mangrove_118.webp,mangrove_forest,val,C:\Users\USER\Desktop\ai_dataset\forestry_dataset_splitted\val\mangrove_forest\mangrove_118.webp
mangrove_119.webp,mangrove_forest,val,C:\Users\USER\Desktop\ai_dataset\forestry_dataset_splitted\val\mangrove_forest\mangrove_119.webp
mangrove_12.jpg,mangrove_forest,val,C:\Users\USER\Desktop\ai_dataset\forestry_dataset_splitted\val\mangrove_forest\mangrove_12.jpg
mangrove_120.webp,mangrove_forest,val,C:\Users\USER\Desktop\ai_dataset\forestry_dataset_splitted\val\mangrove_forest\mangrove_120.webp
mangrove_121.webp,mangrove_forest,val,C:\Users\USER\Desktop\ai_dataset\forestry_dataset_splitted\val\mangrove_forest\mangrove_121.webp
mangrove_122.webp,mangrove_forest,val,C:\Users\USER\Desktop\ai_dataset\forestry_dataset_splitted\val\mangrove_forest\mangrove_122.webp
mangrove_123.webp,mangrove_forest,val,C:\Users\USER\Desktop\ai_dataset\forestry_dataset_splitted\val\mangrove_forest\mangrove_123.webp
mangrove_124.webp,mangrove_forest,val,C:\Users\USER\Desktop\ai_dataset\forestry_dataset_splitted\val\mangrove_forest\mangrove_124.webp
mangrove_125.webp,mangrove_forest,val,C:\Users\USER\Desktop\ai_dataset\forestry_dataset_splitted\val\mangrove_forest\mangrove_125.webp
mangrove_126.webp,mangrove_forest,val,C:\Users\USER\Desktop\ai_dataset\forestry_dataset_splitted\val\mangrove_forest\mangrove_126.webp
mangrove_127.webp,mangrove_forest,val,C:\Users\USER\Desktop\ai_dataset\forestry_dataset_splitted\val\mangrove_forest\mangrove_127.webp
mangrove_128.jpg,mangrove_forest,val,C:\Users\USER\Desktop\ai_dataset\forestry_dataset_splitted\val\mangrove_forest\mangrove_128.jpg
mangrove_129.webp,mangrove_forest,val,C:\Users\USER\Desktop\ai_dataset\forestry_dataset_splitted\val\mangrove_forest\mangrove_129.webp
mangrove_13.webp,mangrove_forest,val,C:\Users\USER\Desktop\ai_dataset\forestry_dataset_splitted\val\mangrove_forest\mangrove_13.webp
mangrove_130.webp,mangrove_forest,val,C:\Users\USER\Desktop\ai_dataset\forestry_dataset_splitted\val\mangrove_forest\mangrove_130.webp
mangrove_131.webp,mangrove_forest,val,C:\Users\USER\Desktop\ai_dataset\forestry_dataset_splitted\val\mangrove_forest\mangrove_131.webp
mangrove_132.webp,mangrove_forest,val,C:\Users\USER\Desktop\ai_dataset\forestry_dataset_splitted\val\mangrove_forest\mangrove_132.webp
mangrove_133.webp,mangrove_forest,val,C:\Users\USER\Desktop\ai_dataset\forestry_dataset_splitted\val\mangrove_forest\mangrove_133.webp
mangrove_134.webp,mangrove_forest,val,C:\Users\USER\Desktop\ai_dataset\forestry_dataset_splitted\val\mangrove_forest\mangrove_134.webp
mangrove_135.webp,mangrove_forest,val,C:\Users\USER\Desktop\ai_dataset\forestry_dataset_splitted\val\mangrove_forest\mangrove_135.webp
mangrove_136.jpg,mangrove_forest,val,C:\Users\USER\Desktop\ai_dataset\forestry_dataset_splitted\val\mangrove_forest\mangrove_136.jpg
mangrove_137.webp,mangrove_forest,val,C:\Users\USER\Desktop\ai_dataset\forestry_dataset_splitted\val\mangrove_forest\mangrove_137.webp
mangrove_138.webp,mangrove_forest,val,C:\Users\USER\Desktop\ai_dataset\forestry_dataset_splitted\val\mangrove_forest\mangrove_138.webp
mangrove_139.webp,mangrove_forest,val,C:\Users\USER\Desktop\ai_dataset\forestry_dataset_splitted\val\mangrove_forest\mangrove_139.webp
mangrove_14.webp,mangrove_forest,val,C:\Users\USER\Desktop\ai_dataset\forestry_dataset_splitted\val\mangrove_forest\mangrove_14.webp
mangrove_140.webp,mangrove_forest,val,C:\Users\USER\Desktop\ai_dataset\forestry_dataset_splitted\val\mangrove_forest\mangrove_140.webp
mangrove_141.webp,mangrove_forest,val,C:\Users\USER\Desktop\ai_dataset\forestry_dataset_splitted\val\mangrove_forest\mangrove_141.webp
mangrove_142.webp,mangrove_forest,val,C:\Users\USER\Desktop\ai_dataset\forestry_dataset_splitted\val\mangrove_forest\mangrove_142.webp
mangrove_143.jpg,mangrove_forest,val,C:\Users\USER\Desktop\ai_dataset\forestry_dataset_splitted\val\mangrove_forest\mangrove_143.jpg
mangrove_144.webp,mangrove_forest,val,C:\Users\USER\Desktop\ai_dataset\forestry_dataset_splitted\val\mangrove_forest\mangrove_144.webp
mangrove_145.webp,mangrove_forest,val,C:\Users\USER\Desktop\ai_dataset\forestry_dataset_splitted\val\mangrove_forest\mangrove_145.webp
mangrove_146.webp,mangrove_forest,val,C:\Users\USER\Desktop\ai_dataset\forestry_dataset_splitted\val\mangrove_forest\mangrove_146.webp
mangrove_147.webp,mangrove_forest,val,C:\Users\USER\Desktop\ai_dataset\forestry_dataset_splitted\val\mangrove_forest\mangrove_147.webp
mangrove_148.webp,mangrove_forest,val,C:\Users\USER\Desktop\ai_dataset\forestry_dataset_splitted\val\mangrove_forest\mangrove_148.webp
mangrove_149.webp,mangrove_forest,val,C:\Users\USER\Desktop\ai_dataset\forestry_dataset_splitted\val\mangrove_forest\mangrove_149.webp
mangrove_15.webp,mangrove_forest,val,C:\Users\USER\Desktop\ai_dataset\forestry_dataset_splitted\val\mangrove_forest\mangrove_15.webp
mangrove_150.webp,mangrove_forest,val,C:\Users\USER\Desktop\ai_dataset\forestry_dataset_splitted\val\mangrove_forest\mangrove_150.webp
mangrove_151.jpg,mangrove_forest,val,C:\Users\USER\Desktop\ai_dataset\forestry_dataset_splitted\val\mangrove_forest\mangrove_151.jpg
mangrove_152.webp,mangrove_forest,val,C:\Users\USER\Desktop\ai_dataset\forestry_dataset_splitted\val\mangrove_forest\mangrove_152.webp
mangrove_153.webp,mangrove_forest,val,C:\Users\USER\Desktop\ai_dataset\forestry_dataset_splitted\val\mangrove_forest\mangrove_153.webp
mangrove_154.webp,mangrove_forest,val,C:\Users\USER\Desktop\ai_dataset\forestry_dataset_splitted\val\mangrove_forest\mangrove_154.webp
mangrove_155.webp,mangrove_forest,val,C:\Users\USER\Desktop\ai_dataset\forestry_dataset_splitted\val\mangrove_forest\mangrove_155.webp
mangrove_156.webp,mangrove_forest,val,C:\Users\USER\Desktop\ai_dataset\forestry_dataset_splitted\val\mangrove_forest\mangrove_156.webp
mangrove_157.jpg,mangrove_forest,val,C:\Users\USER\Desktop\ai_dataset\forestry_dataset_splitted\val\mangrove_forest\mangrove_157.jpg
mangrove_158.jpg,mangrove_forest,val,C:\Users\USER\Desktop\ai_dataset\forestry_dataset_splitted\val\mangrove_forest\mangrove_158.jpg
mangrove_159.webp,mangrove_forest,val,C:\Users\USER\Desktop\ai_dataset\forestry_dataset_splitted\val\mangrove_forest\mangrove_159.webp
mangrove_16.webp,mangrove_forest,val,C:\Users\USER\Desktop\ai_dataset\forestry_dataset_splitted\val\mangrove_forest\mangrove_16.webp
mangrove_160.webp,mangrove_forest,val,C:\Users\USER\Desktop\ai_dataset\forestry_dataset_splitted\val\mangrove_forest\mangrove_160.webp
mangrove_161.webp,mangrove_forest,val,C:\Users\USER\Desktop\ai_dataset\forestry_dataset_splitted\val\mangrove_forest\mangrove_161.webp
mangrove_162.jpg,mangrove_forest,val,C:\Users\USER\Desktop\ai_dataset\forestry_dataset_splitted\val\mangrove_forest\mangrove_162.jpg
mangrove_163.jpg,mangrove_forest,val,C:\Users\USER\Desktop\ai_dataset\forestry_dataset_splitted\val\mangrove_forest\mangrove_163.jpg
mangrove_164.webp,mangrove_forest,val,C:\Users\USER\Desktop\ai_dataset\forestry_dataset_splitted\val\mangrove_forest\mangrove_164.webp
mangrove_165.webp,mangrove_forest,val,C:\Users\USER\Desktop\ai_dataset\forestry_dataset_splitted\val\mangrove_forest\mangrove_165.webp
mangrove_166.webp,mangrove_forest,val,C:\Users\USER\Desktop\ai_dataset\forestry_dataset_splitted\val\mangrove_forest\mangrove_166.webp
mangrove_167.jpg,mangrove_forest,val,C:\Users\USER\Desktop\ai_dataset\forestry_dataset_splitted\val\mangrove_forest\mangrove_167.jpg
mangrove_168.jpg,mangrove_forest,val,C:\Users\USER\Desktop\ai_dataset\forestry_dataset_splitted\val\mangrove_forest\mangrove_168.jpg
mangrove_169.jpg,mangrove_forest,val,C:\Users\USER\Desktop\ai_dataset\forestry_dataset_splitted\val\mangrove_forest\mangrove_169.jpg
mangrove_17.jpg,mangrove_forest,val,C:\Users\USER\Desktop\ai_dataset\forestry_dataset_splitted\val\mangrove_forest\mangrove_17.jpg
mangrove_170.webp,mangrove_forest,val,C:\Users\USER\Desktop\ai_dataset\forestry_dataset_splitted\val\mangrove_forest\mangrove_170.webp
mangrove_171.jpg,mangrove_forest,val,C:\Users\USER\Desktop\ai_dataset\forestry_dataset_splitted\val\mangrove_forest\mangrove_171.jpg
mangrove_172.webp,mangrove_forest,val,C:\Users\USER\Desktop\ai_dataset\forestry_dataset_splitted\val\mangrove_forest\mangrove_172.webp
mangrove_173.jpg,mangrove_forest,val,C:\Users\USER\Desktop\ai_dataset\forestry_dataset_splitted\val\mangrove_forest\mangrove_173.jpg
mangrove_174.webp,mangrove_forest,val,C:\Users\USER\Desktop\ai_dataset\forestry_dataset_splitted\val\mangrove_forest\mangrove_174.webp
mangrove_175.jpg,mangrove_forest,val,C:\Users\USER\Desktop\ai_dataset\forestry_dataset_splitted\val\mangrove_forest\mangrove_175.jpg
mangrove_176.jpg,mangrove_forest,val,C:\Users\USER\Desktop\ai_dataset\forestry_dataset_splitted\val\mangrove_forest\mangrove_176.jpg
mangrove_177.webp,mangrove_forest,val,C:\Users\USER\Desktop\ai_dataset\forestry_dataset_splitted\val\mangrove_forest\mangrove_177.webp
mangrove_178.jpg,mangrove_forest,val,C:\Users\USER\Desktop\ai_dataset\forestry_dataset_splitted\val\mangrove_forest\mangrove_178.jpg
mangrove_179.webp,mangrove_forest,val,C:\Users\USER\Desktop\ai_dataset\forestry_dataset_splitted\val\mangrove_forest\mangrove_179.webp
mangrove_18.jpg,mangrove_forest,val,C:\Users\USER\Desktop\ai_dataset\forestry_dataset_splitted\val\mangrove_forest\mangrove_18.jpg
mangrove_180.webp,mangrove_forest,val,C:\Users\USER\Desktop\ai_dataset\forestry_dataset_splitted\val\mangrove_forest\mangrove_180.webp
mangrove_181.webp,mangrove_forest,val,C:\Users\USER\Desktop\ai_dataset\forestry_dataset_splitted\val\mangrove_forest\mangrove_181.webp
mangrove_182.jpg,mangrove_forest,val,C:\Users\USER\Desktop\ai_dataset\forestry_dataset_splitted\val\mangrove_forest\mangrove_182.jpg
mangrove_183.jpg,mangrove_forest,val,C:\Users\USER\Desktop\ai_dataset\forestry_dataset_splitted\val\mangrove_forest\mangrove_183.jpg
mangrove_184.webp,mangrove_forest,val,C:\Users\USER\Desktop\ai_dataset\forestry_dataset_splitted\val\mangrove_forest\mangrove_184.webp
mangrove_185.jpg,mangrove_forest,val,C:\Users\USER\Desktop\ai_dataset\forestry_dataset_splitted\val\mangrove_forest\mangrove_185.jpg
mangrove_186.jpg,mangrove_forest,val,C:\Users\USER\Desktop\ai_dataset\forestry_dataset_splitted\val\mangrove_forest\mangrove_186.jpg
mangrove_187.webp,mangrove_forest,val,C:\Users\USER\Desktop\ai_dataset\forestry_dataset_splitted\val\mangrove_forest\mangrove_187.webp
mangrove_188.jpg,mangrove_forest,val,C:\Users\USER\Desktop\ai_dataset\forestry_dataset_splitted\val\mangrove_forest\mangrove_188.jpg
mangrove_189.webp,mangrove_forest,val,C:\Users\USER\Desktop\ai_dataset\forestry_dataset_splitted\val\mangrove_forest\mangrove_189.webp
mangrove_19.jpg,mangrove_forest,val,C:\Users\USER\Desktop\ai_dataset\forestry_dataset_splitted\val\mangrove_forest\mangrove_19.jpg
mangrove_190.jpg,mangrove_forest,val,C:\Users\USER\Desktop\ai_dataset\forestry_dataset_splitted\val\mangrove_forest\mangrove_190.jpg
mangrove_191.jpg,mangrove_forest,val,C:\Users\USER\Desktop\ai_dataset\forestry_dataset_splitted\val\mangrove_forest\mangrove_191.jpg
mangrove_192.webp,mangrove_forest,val,C:\Users\USER\Desktop\ai_dataset\forestry_dataset_splitted\val\mangrove_forest\mangrove_192.webp
mangrove_193.webp,mangrove_forest,val,C:\Users\USER\Desktop\ai_dataset\forestry_dataset_splitted\val\mangrove_forest\mangrove_193.webp
mangrove_194.jpg,mangrove_forest,val,C:\Users\USER\Desktop\ai_dataset\forestry_dataset_splitted\val\mangrove_forest\mangrove_194.jpg
mangrove_195.webp,mangrove_forest,val,C:\Users\USER\Desktop\ai_dataset\forestry_dataset_splitted\val\mangrove_forest\mangrove_195.webp
mangrove_196.webp,mangrove_forest,val,C:\Users\USER\Desktop\ai_dataset\forestry_dataset_splitted\val\mangrove_forest\mangrove_196.webp
mangrove_197.jpg,mangrove_forest,val,C:\Users\USER\Desktop\ai_dataset\forestry_dataset_splitted\val\mangrove_forest\mangrove_197.jpg
mangrove_198.jpg,mangrove_forest,val,C:\Users\USER\Desktop\ai_dataset\forestry_dataset_splitted\val\mangrove_forest\mangrove_198.jpg
mangrove_199.webp,mangrove_forest,val,C:\Users\USER\Desktop\ai_dataset\forestry_dataset_splitted\val\mangrove_forest\mangrove_199.webp
mangrove_2.webp,mangrove_forest,val,C:\Users\USER\Desktop\ai_dataset\forestry_dataset_splitted\val\mangrove_forest\mangrove_2.webp
mangrove_20.jpg,mangrove_forest,val,C:\Users\USER\Desktop\ai_dataset\forestry_dataset_splitted\val\mangrove_forest\mangrove_20.jpg
mangrove_200.jpg,mangrove_forest,val,C:\Users\USER\Desktop\ai_dataset\forestry_dataset_splitted\val\mangrove_forest\mangrove_200.jpg
mangrove_201.jpg,mangrove_forest,val,C:\Users\USER\Desktop\ai_dataset\forestry_dataset_splitted\val\mangrove_forest\mangrove_201.jpg
mangrove_202.webp,mangrove_forest,val,C:\Users\USER\Desktop\ai_dataset\forestry_dataset_splitted\val\mangrove_forest\mangrove_202.webp
mangrove_203.webp,mangrove_forest,val,C:\Users\USER\Desktop\ai_dataset\forestry_dataset_splitted\val\mangrove_forest\mangrove_203.webp
mangrove_204.jpg,mangrove_forest,val,C:\Users\USER\Desktop\ai_dataset\forestry_dataset_splitted\val\mangrove_forest\mangrove_204.jpg
mangrove_205.jpg,mangrove_forest,val,C:\Users\USER\Desktop\ai_dataset\forestry_dataset_splitted\val\mangrove_forest\mangrove_205.jpg
mangrove_206.webp,mangrove_forest,val,C:\Users\USER\Desktop\ai_dataset\forestry_dataset_splitted\val\mangrove_forest\mangrove_206.webp
mangrove_207.jpg,mangrove_forest,val,C:\Users\USER\Desktop\ai_dataset\forestry_dataset_splitted\val\mangrove_forest\mangrove_207.jpg
mangrove_208.jpg,mangrove_forest,val,C:\Users\USER\Desktop\ai_dataset\forestry_dataset_splitted\val\mangrove_forest\mangrove_208.jpg
mangrove_209.webp,mangrove_forest,val,C:\Users\USER\Desktop\ai_dataset\forestry_dataset_splitted\val\mangrove_forest\mangrove_209.webp
mangrove_21.jpg,mangrove_forest,val,C:\Users\USER\Desktop\ai_dataset\forestry_dataset_splitted\val\mangrove_forest\mangrove_21.jpg
mangrove_210.jpg,mangrove_forest,val,C:\Users\USER\Desktop\ai_dataset\forestry_dataset_splitted\val\mangrove_forest\mangrove_210.jpg
mangrove_211.webp,mangrove_forest,val,C:\Users\USER\Desktop\ai_dataset\forestry_dataset_splitted\val\mangrove_forest\mangrove_211.webp
mangrove_212.webp,mangrove_forest,val,C:\Users\USER\Desktop\ai_dataset\forestry_dataset_splitted\val\mangrove_forest\mangrove_212.webp
mangrove_213.jpg,mangrove_forest,val,C:\Users\USER\Desktop\ai_dataset\forestry_dataset_splitted\val\mangrove_forest\mangrove_213.jpg
mangrove_214.jpg,mangrove_forest,val,C:\Users\USER\Desktop\ai_dataset\forestry_dataset_splitted\val\mangrove_forest\mangrove_214.jpg
mangrove_215.webp,mangrove_forest,val,C:\Users\USER\Desktop\ai_dataset\forestry_dataset_splitted\val\mangrove_forest\mangrove_215.webp
mangrove_216.jpg,mangrove_forest,val,C:\Users\USER\Desktop\ai_dataset\forestry_dataset_splitted\val\mangrove_forest\mangrove_216.jpg
mangrove_217.webp,mangrove_forest,val,C:\Users\USER\Desktop\ai_dataset\forestry_dataset_splitted\val\mangrove_forest\mangrove_217.webp
mangrove_218.webp,mangrove_forest,val,C:\Users\USER\Desktop\ai_dataset\forestry_dataset_splitted\val\mangrove_forest\mangrove_218.webp
mangrove_219.jpg,mangrove_forest,val,C:\Users\USER\Desktop\ai_dataset\forestry_dataset_splitted\val\mangrove_forest\mangrove_219.jpg
mangrove_22.webp,mangrove_forest,val,C:\Users\USER\Desktop\ai_dataset\forestry_dataset_splitted\val\mangrove_forest\mangrove_22.webp
mangrove_220.jpg,mangrove_forest,val,C:\Users\USER\Desktop\ai_dataset\forestry_dataset_splitted\val\mangrove_forest\mangrove_220.jpg
mangrove_221.webp,mangrove_forest,val,C:\Users\USER\Desktop\ai_dataset\forestry_dataset_splitted\val\mangrove_forest\mangrove_221.webp
mangrove_222.jpg,mangrove_forest,val,C:\Users\USER\Desktop\ai_dataset\forestry_dataset_splitted\val\mangrove_forest\mangrove_222.jpg
mangrove_223.jpg,mangrove_forest,val,C:\Users\USER\Desktop\ai_dataset\forestry_dataset_splitted\val\mangrove_forest\mangrove_223.jpg
mangrove_224.jpg,mangrove_forest,val,C:\Users\USER\Desktop\ai_dataset\forestry_dataset_splitted\val\mangrove_forest\mangrove_224.jpg
mangrove_225.webp,mangrove_forest,val,C:\Users\USER\Desktop\ai_dataset\forestry_dataset_splitted\val\mangrove_forest\mangrove_225.webp
mangrove_226.jpg,mangrove_forest,val,C:\Users\USER\Desktop\ai_dataset\forestry_dataset_splitted\val\mangrove_forest\mangrove_226.jpg
mangrove_227.jpg,mangrove_forest,val,C:\Users\USER\Desktop\ai_dataset\forestry_dataset_splitted\val\mangrove_forest\mangrove_227.jpg
mangrove_228.jpg,mangrove_forest,val,C:\Users\USER\Desktop\ai_dataset\forestry_dataset_splitted\val\mangrove_forest\mangrove_228.jpg
mangrove_229.jpg,mangrove_forest,val,C:\Users\USER\Desktop\ai_dataset\forestry_dataset_splitted\val\mangrove_forest\mangrove_229.jpg
mangrove_23.jpg,mangrove_forest,val,C:\Users\USER\Desktop\ai_dataset\forestry_dataset_splitted\val\mangrove_forest\mangrove_23.jpg
mangrove_230.webp,mangrove_forest,val,C:\Users\USER\Desktop\ai_dataset\forestry_dataset_splitted\val\mangrove_forest\mangrove_230.webp
mangrove_231.jpg,mangrove_forest,val,C:\Users\USER\Desktop\ai_dataset\forestry_dataset_splitted\val\mangrove_forest\mangrove_231.jpg
mangrove_232.jpg,mangrove_forest,val,C:\Users\USER\Desktop\ai_dataset\forestry_dataset_splitted\val\mangrove_forest\mangrove_232.jpg
mangrove_233.jpg,mangrove_forest,val,C:\Users\USER\Desktop\ai_dataset\forestry_dataset_splitted\val\mangrove_forest\mangrove_233.jpg
mangrove_234.jpg,mangrove_forest,val,C:\Users\USER\Desktop\ai_dataset\forestry_dataset_splitted\val\mangrove_forest\mangrove_234.jpg
mangrove_235.jpg,mangrove_forest,val,C:\Users\USER\Desktop\ai_dataset\forestry_dataset_splitted\val\mangrove_forest\mangrove_235.jpg
mangrove_236.jpg,mangrove_forest,val,C:\Users\USER\Desktop\ai_dataset\forestry_dataset_splitted\val\mangrove_forest\mangrove_236.jpg
mangrove_237.png,mangrove_forest,val,C:\Users\USER\Desktop\ai_dataset\forestry_dataset_splitted\val\mangrove_forest\mangrove_237.png
mangrove_238.jpg,mangrove_forest,val,C:\Users\USER\Desktop\ai_dataset\forestry_dataset_splitted\val\mangrove_forest\mangrove_238.jpg
mangrove_239.jpg,mangrove_forest,val,C:\Users\USER\Desktop\ai_dataset\forestry_dataset_splitted\val\mangrove_forest\mangrove_239.jpg
mangrove_24.jpg,mangrove_forest,val,C:\Users\USER\Desktop\ai_dataset\forestry_dataset_splitted\val\mangrove_forest\mangrove_24.jpg
mangrove_240.jpg,mangrove_forest,val,C:\Users\USER\Desktop\ai_dataset\forestry_dataset_splitted\val\mangrove_forest\mangrove_240.jpg
mangrove_241.webp,mangrove_forest,val,C:\Users\USER\Desktop\ai_dataset\forestry_dataset_splitted\val\mangrove_forest\mangrove_241.webp
mangrove_242.webp,mangrove_forest,val,C:\Users\USER\Desktop\ai_dataset\forestry_dataset_splitted\val\mangrove_forest\mangrove_242.webp
mangrove_243.jpg,mangrove_forest,val,C:\Users\USER\Desktop\ai_dataset\forestry_dataset_splitted\val\mangrove_forest\mangrove_243.jpg
mangrove_244.jpg,mangrove_forest,val,C:\Users\USER\Desktop\ai_dataset\forestry_dataset_splitted\val\mangrove_forest\mangrove_244.jpg
mangrove_245.jpg,mangrove_forest,val,C:\Users\USER\Desktop\ai_dataset\forestry_dataset_splitted\val\mangrove_forest\mangrove_245.jpg
mangrove_246.jpg,mangrove_forest,val,C:\Users\USER\Desktop\ai_dataset\forestry_dataset_splitted\val\mangrove_forest\mangrove_246.jpg
mangrove_247.webp,mangrove_forest,val,C:\Users\USER\Desktop\ai_dataset\forestry_dataset_splitted\val\mangrove_forest\mangrove_247.webp
mangrove_248.jpg,mangrove_forest,val,C:\Users\USER\Desktop\ai_dataset\forestry_dataset_splitted\val\mangrove_forest\mangrove_248.jpg
mangrove_249.jpg,mangrove_forest,val,C:\Users\USER\Desktop\ai_dataset\forestry_dataset_splitted\val\mangrove_forest\mangrove_249.jpg
mangrove_25.jpg,mangrove_forest,val,C:\Users\USER\Desktop\ai_dataset\forestry_dataset_splitted\val\mangrove_forest\mangrove_25.jpg
mangrove_250.jpg,mangrove_forest,val,C:\Users\USER\Desktop\ai_dataset\forestry_dataset_splitted\val\mangrove_forest\mangrove_250.jpg
mangrove_251.jpg,mangrove_forest,val,C:\Users\USER\Desktop\ai_dataset\forestry_dataset_splitted\val\mangrove_forest\mangrove_251.jpg
mangrove_252.jpg,mangrove_forest,val,C:\Users\USER\Desktop\ai_dataset\forestry_dataset_splitted\val\mangrove_forest\mangrove_252.jpg
mangrove_253.jpg,mangrove_forest,val,C:\Users\USER\Desktop\ai_dataset\forestry_dataset_splitted\val\mangrove_forest\mangrove_253.jpg
mangrove_254.jpg,mangrove_forest,val,C:\Users\USER\Desktop\ai_dataset\forestry_dataset_splitted\val\mangrove_forest\mangrove_254.jpg
mangrove_255.jpg,mangrove_forest,val,C:\Users\USER\Desktop\ai_dataset\forestry_dataset_splitted\val\mangrove_forest\mangrove_255.jpg
mangrove_256.webp,mangrove_forest,val,C:\Users\USER\Desktop\ai_dataset\forestry_dataset_splitted\val\mangrove_forest\mangrove_256.webp
mangrove_257.jpg,mangrove_forest,val,C:\Users\USER\Desktop\ai_dataset\forestry_dataset_splitted\val\mangrove_forest\mangrove_257.jpg
mangrove_258.jpg,mangrove_forest,val,C:\Users\USER\Desktop\ai_dataset\forestry_dataset_splitted\val\mangrove_forest\mangrove_258.jpg
mangrove_259.jpg,mangrove_forest,val,C:\Users\USER\Desktop\ai_dataset\forestry_dataset_splitted\val\mangrove_forest\mangrove_259.jpg
mangrove_26.jpg,mangrove_forest,val,C:\Users\USER\Desktop\ai_dataset\forestry_dataset_splitted\val\mangrove_forest\mangrove_26.jpg
mangrove_260.jpg,mangrove_forest,val,C:\Users\USER\Desktop\ai_dataset\forestry_dataset_splitted\val\mangrove_forest\mangrove_260.jpg
mangrove_261.jpg,mangrove_forest,val,C:\Users\USER\Desktop\ai_dataset\forestry_dataset_splitted\val\mangrove_forest\mangrove_261.jpg
mangrove_262.jpg,mangrove_forest,val,C:\Users\USER\Desktop\ai_dataset\forestry_dataset_splitted\val\mangrove_forest\mangrove_262.jpg
mangrove_263.jpg,mangrove_forest,val,C:\Users\USER\Desktop\ai_dataset\forestry_dataset_splitted\val\mangrove_forest\mangrove_263.jpg
mangrove_264.jpg,mangrove_forest,val,C:\Users\USER\Desktop\ai_dataset\forestry_dataset_splitted\val\mangrove_forest\mangrove_264.jpg
mangrove_265.jpg,mangrove_forest,val,C:\Users\USER\Desktop\ai_dataset\forestry_dataset_splitted\val\mangrove_forest\mangrove_265.jpg
mangrove_266.jpg,mangrove_forest,val,C:\Users\USER\Desktop\ai_dataset\forestry_dataset_splitted\val\mangrove_forest\mangrove_266.jpg
mangrove_267.jpg,mangrove_forest,val,C:\Users\USER\Desktop\ai_dataset\forestry_dataset_splitted\val\mangrove_forest\mangrove_267.jpg
mangrove_268.webp,mangrove_forest,val,C:\Users\USER\Desktop\ai_dataset\forestry_dataset_splitted\val\mangrove_forest\mangrove_268.webp
mangrove_269.jpg,mangrove_forest,val,C:\Users\USER\Desktop\ai_dataset\forestry_dataset_splitted\val\mangrove_forest\mangrove_269.jpg
mangrove_27.jpg,mangrove_forest,val,C:\Users\USER\Desktop\ai_dataset\forestry_dataset_splitted\val\mangrove_forest\mangrove_27.jpg
mangrove_270.webp,mangrove_forest,val,C:\Users\USER\Desktop\ai_dataset\forestry_dataset_splitted\val\mangrove_forest\mangrove_270.webp
mangrove_271.jpg,mangrove_forest,val,C:\Users\USER\Desktop\ai_dataset\forestry_dataset_splitted\val\mangrove_forest\mangrove_271.jpg
mangrove_28.webp,mangrove_forest,val,C:\Users\USER\Desktop\ai_dataset\forestry_dataset_splitted\val\mangrove_forest\mangrove_28.webp
mangrove_29.jpg,mangrove_forest,val,C:\Users\USER\Desktop\ai_dataset\forestry_dataset_splitted\val\mangrove_forest\mangrove_29.jpg
mangrove_3.jpg,mangrove_forest,val,C:\Users\USER\Desktop\ai_dataset\forestry_dataset_splitted\val\mangrove_forest\mangrove_3.jpg
mangrove_30.webp,mangrove_forest,val,C:\Users\USER\Desktop\ai_dataset\forestry_dataset_splitted\val\mangrove_forest\mangrove_30.webp
mangrove_31.jpg,mangrove_forest,val,C:\Users\USER\Desktop\ai_dataset\forestry_dataset_splitted\val\mangrove_forest\mangrove_31.jpg
mangrove_32.jpg,mangrove_forest,val,C:\Users\USER\Desktop\ai_dataset\forestry_dataset_splitted\val\mangrove_forest\mangrove_32.jpg
mangrove_33.jpg,mangrove_forest,val,C:\Users\USER\Desktop\ai_dataset\forestry_dataset_splitted\val\mangrove_forest\mangrove_33.jpg
mangrove_34.webp,mangrove_forest,val,C:\Users\USER\Desktop\ai_dataset\forestry_dataset_splitted\val\mangrove_forest\mangrove_34.webp
mangrove_35.webp,mangrove_forest,val,C:\Users\USER\Desktop\ai_dataset\forestry_dataset_splitted\val\mangrove_forest\mangrove_35.webp
mangrove_36.jpg,mangrove_forest,val,C:\Users\USER\Desktop\ai_dataset\forestry_dataset_splitted\val\mangrove_forest\mangrove_36.jpg
mangrove_37.jpg,mangrove_forest,val,C:\Users\USER\Desktop\ai_dataset\forestry_dataset_splitted\val\mangrove_forest\mangrove_37.jpg
mangrove_38.webp,mangrove_forest,val,C:\Users\USER\Desktop\ai_dataset\forestry_dataset_splitted\val\mangrove_forest\mangrove_38.webp
mangrove_39.jpg,mangrove_forest,val,C:\Users\USER\Desktop\ai_dataset\forestry_dataset_splitted\val\mangrove_forest\mangrove_39.jpg
mangrove_4.jpg,mangrove_forest,val,C:\Users\USER\Desktop\ai_dataset\forestry_dataset_splitted\val\mangrove_forest\mangrove_4.jpg
mangrove_40.webp,mangrove_forest,val,C:\Users\USER\Desktop\ai_dataset\forestry_dataset_splitted\val\mangrove_forest\mangrove_40.webp
mangrove_41.jpg,mangrove_forest,val,C:\Users\USER\Desktop\ai_dataset\forestry_dataset_splitted\val\mangrove_forest\mangrove_41.jpg
mangrove_42.jpg,mangrove_forest,val,C:\Users\USER\Desktop\ai_dataset\forestry_dataset_splitted\val\mangrove_forest\mangrove_42.jpg
mangrove_43.png,mangrove_forest,val,C:\Users\USER\Desktop\ai_dataset\forestry_dataset_splitted\val\mangrove_forest\mangrove_43.png
mangrove_44.webp,mangrove_forest,val,C:\Users\USER\Desktop\ai_dataset\forestry_dataset_splitted\val\mangrove_forest\mangrove_44.webp
mangrove_45.jpg,mangrove_forest,val,C:\Users\USER\Desktop\ai_dataset\forestry_dataset_splitted\val\mangrove_forest\mangrove_45.jpg
mangrove_46.jpg,mangrove_forest,val,C:\Users\USER\Desktop\ai_dataset\forestry_dataset_splitted\val\mangrove_forest\mangrove_46.jpg
mangrove_47.jpg,mangrove_forest,val,C:\Users\USER\Desktop\ai_dataset\forestry_dataset_splitted\val\mangrove_forest\mangrove_47.jpg
mangrove_48.jpg,mangrove_forest,val,C:\Users\USER\Desktop\ai_dataset\forestry_dataset_splitted\val\mangrove_forest\mangrove_48.jpg
mangrove_49.jpg,mangrove_forest,val,C:\Users\USER\Desktop\ai_dataset\forestry_dataset_splitted\val\mangrove_forest\mangrove_49.jpg
mangrove_5.jpg,mangrove_forest,val,C:\Users\USER\Desktop\ai_dataset\forestry_dataset_splitted\val\mangrove_forest\mangrove_5.jpg
mangrove_50.jpg,mangrove_forest,val,C:\Users\USER\Desktop\ai_dataset\forestry_dataset_splitted\val\mangrove_forest\mangrove_50.jpg
mangrove_51.webp,mangrove_forest,val,C:\Users\USER\Desktop\ai_dataset\forestry_dataset_splitted\val\mangrove_forest\mangrove_51.webp
mangrove_52.jpg,mangrove_forest,val,C:\Users\USER\Desktop\ai_dataset\forestry_dataset_splitted\val\mangrove_forest\mangrove_52.jpg
mangrove_53.jpg,mangrove_forest,val,C:\Users\USER\Desktop\ai_dataset\forestry_dataset_splitted\val\mangrove_forest\mangrove_53.jpg
mangrove_54.jpg,mangrove_forest,val,C:\Users\USER\Desktop\ai_dataset\forestry_dataset_splitted\val\mangrove_forest\mangrove_54.jpg
mangrove_55.webp,mangrove_forest,val,C:\Users\USER\Desktop\ai_dataset\forestry_dataset_splitted\val\mangrove_forest\mangrove_55.webp
mangrove_56.jpg,mangrove_forest,val,C:\Users\USER\Desktop\ai_dataset\forestry_dataset_splitted\val\mangrove_forest\mangrove_56.jpg
mangrove_57.jpg,mangrove_forest,val,C:\Users\USER\Desktop\ai_dataset\forestry_dataset_splitted\val\mangrove_forest\mangrove_57.jpg
mangrove_58.jpg,mangrove_forest,val,C:\Users\USER\Desktop\ai_dataset\forestry_dataset_splitted\val\mangrove_forest\mangrove_58.jpg
mangrove_59.jpg,mangrove_forest,val,C:\Users\USER\Desktop\ai_dataset\forestry_dataset_splitted\val\mangrove_forest\mangrove_59.jpg
mangrove_6.jpg,mangrove_forest,val,C:\Users\USER\Desktop\ai_dataset\forestry_dataset_splitted\val\mangrove_forest\mangrove_6.jpg
mangrove_60.jpg,mangrove_forest,val,C:\Users\USER\Desktop\ai_dataset\forestry_dataset_splitted\val\mangrove_forest\mangrove_60.jpg
mangrove_61.jpg,mangrove_forest,val,C:\Users\USER\Desktop\ai_dataset\forestry_dataset_splitted\val\mangrove_forest\mangrove_61.jpg
mangrove_62.jpg,mangrove_forest,val,C:\Users\USER\Desktop\ai_dataset\forestry_dataset_splitted\val\mangrove_forest\mangrove_62.jpg
mangrove_63.webp,mangrove_forest,val,C:\Users\USER\Desktop\ai_dataset\forestry_dataset_splitted\val\mangrove_forest\mangrove_63.webp
mangrove_64.webp,mangrove_forest,val,C:\Users\USER\Desktop\ai_dataset\forestry_dataset_splitted\val\mangrove_forest\mangrove_64.webp
mangrove_65.webp,mangrove_forest,val,C:\Users\USER\Desktop\ai_dataset\forestry_dataset_splitted\val\mangrove_forest\mangrove_65.webp
mangrove_66.webp,mangrove_forest,val,C:\Users\USER\Desktop\ai_dataset\forestry_dataset_splitted\val\mangrove_forest\mangrove_66.webp
mangrove_67.jpg,mangrove_forest,val,C:\Users\USER\Desktop\ai_dataset\forestry_dataset_splitted\val\mangrove_forest\mangrove_67.jpg
mangrove_68.png,mangrove_forest,val,C:\Users\USER\Desktop\ai_dataset\forestry_dataset_splitted\val\mangrove_forest\mangrove_68.png
mangrove_69.webp,mangrove_forest,val,C:\Users\USER\Desktop\ai_dataset\forestry_dataset_splitted\val\mangrove_forest\mangrove_69.webp
mangrove_7.jpg,mangrove_forest,val,C:\Users\USER\Desktop\ai_dataset\forestry_dataset_splitted\val\mangrove_forest\mangrove_7.jpg
mangrove_70.jpg,mangrove_forest,val,C:\Users\USER\Desktop\ai_dataset\forestry_dataset_splitted\val\mangrove_forest\mangrove_70.jpg
mangrove_71.webp,mangrove_forest,val,C:\Users\USER\Desktop\ai_dataset\forestry_dataset_splitted\val\mangrove_forest\mangrove_71.webp
mangrove_72.jpg,mangrove_forest,val,C:\Users\USER\Desktop\ai_dataset\forestry_dataset_splitted\val\mangrove_forest\mangrove_72.jpg
mangrove_73.webp,mangrove_forest,val,C:\Users\USER\Desktop\ai_dataset\forestry_dataset_splitted\val\mangrove_forest\mangrove_73.webp
mangrove_74.jpg,mangrove_forest,val,C:\Users\USER\Desktop\ai_dataset\forestry_dataset_splitted\val\mangrove_forest\mangrove_74.jpg
mangrove_75.webp,mangrove_forest,val,C:\Users\USER\Desktop\ai_dataset\forestry_dataset_splitted\val\mangrove_forest\mangrove_75.webp
mangrove_76.webp,mangrove_forest,val,C:\Users\USER\Desktop\ai_dataset\forestry_dataset_splitted\val\mangrove_forest\mangrove_76.webp
mangrove_77.jpg,mangrove_forest,val,C:\Users\USER\Desktop\ai_dataset\forestry_dataset_splitted\val\mangrove_forest\mangrove_77.jpg
mangrove_78.jpg,mangrove_forest,val,C:\Users\USER\Desktop\ai_dataset\forestry_dataset_splitted\val\mangrove_forest\mangrove_78.jpg
mangrove_79.jpg,mangrove_forest,val,C:\Users\USER\Desktop\ai_dataset\forestry_dataset_splitted\val\mangrove_forest\mangrove_79.jpg
mangrove_8.jpg,mangrove_forest,val,C:\Users\USER\Desktop\ai_dataset\forestry_dataset_splitted\val\mangrove_forest\mangrove_8.jpg
mangrove_80.webp,mangrove_forest,val,C:\Users\USER\Desktop\ai_dataset\forestry_dataset_splitted\val\mangrove_forest\mangrove_80.webp
mangrove_81.jpg,mangrove_forest,val,C:\Users\USER\Desktop\ai_dataset\forestry_dataset_splitted\val\mangrove_forest\mangrove_81.jpg
mangrove_82.webp,mangrove_forest,val,C:\Users\USER\Desktop\ai_dataset\forestry_dataset_splitted\val\mangrove_forest\mangrove_82.webp
mangrove_83.jpg,mangrove_forest,val,C:\Users\USER\Desktop\ai_dataset\forestry_dataset_splitted\val\mangrove_forest\mangrove_83.jpg
mangrove_84.webp,mangrove_forest,val,C:\Users\USER\Desktop\ai_dataset\forestry_dataset_splitted\val\mangrove_forest\mangrove_84.webp
mangrove_85.jpg,mangrove_forest,val,C:\Users\USER\Desktop\ai_dataset\forestry_dataset_splitted\val\mangrove_forest\mangrove_85.jpg
mangrove_86.webp,mangrove_forest,val,C:\Users\USER\Desktop\ai_dataset\forestry_dataset_splitted\val\mangrove_forest\mangrove_86.webp
mangrove_87.jpg,mangrove_forest,val,C:\Users\USER\Desktop\ai_dataset\forestry_dataset_splitted\val\mangrove_forest\mangrove_87.jpg
mangrove_88.webp,mangrove_forest,val,C:\Users\USER\Desktop\ai_dataset\forestry_dataset_splitted\val\mangrove_forest\mangrove_88.webp
mangrove_89.webp,mangrove_forest,val,C:\Users\USER\Desktop\ai_dataset\forestry_dataset_splitted\val\mangrove_forest\mangrove_89.webp
mangrove_9.jpg,mangrove_forest,val,C:\Users\USER\Desktop\ai_dataset\forestry_dataset_splitted\val\mangrove_forest\mangrove_9.jpg
mangrove_90.webp,mangrove_forest,val,C:\Users\USER\Desktop\ai_dataset\forestry_dataset_splitted\val\mangrove_forest\mangrove_90.webp
mangrove_91.jpg,mangrove_forest,val,C:\Users\USER\Desktop\ai_dataset\forestry_dataset_splitted\val\mangrove_forest\mangrove_91.jpg
mangrove_92.jpg,mangrove_forest,val,C:\Users\USER\Desktop\ai_dataset\forestry_dataset_splitted\val\mangrove_forest\mangrove_92.jpg
mangrove_93.jpg,mangrove_forest,val,C:\Users\USER\Desktop\ai_dataset\forestry_dataset_splitted\val\mangrove_forest\mangrove_93.jpg
mangrove_94.jpg,mangrove_forest,val,C:\Users\USER\Desktop\ai_dataset\forestry_dataset_splitted\val\mangrove_forest\mangrove_94.jpg
mangrove_95.jpg,mangrove_forest,val,C:\Users\USER\Desktop\ai_dataset\forestry_dataset_splitted\val\mangrove_forest\mangrove_95.jpg
mangrove_96.webp,mangrove_forest,val,C:\Users\USER\Desktop\ai_dataset\forestry_dataset_splitted\val\mangrove_forest\mangrove_96.webp
mangrove_97.jpg,mangrove_forest,val,C:\Users\USER\Desktop\ai_dataset\forestry_dataset_splitted\val\mangrove_forest\mangrove_97.jpg
mangrove_98.webp,mangrove_forest,val,C:\Users\USER\Desktop\ai_dataset\forestry_dataset_splitted\val\mangrove_forest\mangrove_98.webp
mangrove_99.webp,mangrove_forest,val,C:\Users\USER\Desktop\ai_dataset\forestry_dataset_splitted\val\mangrove_forest\mangrove_99.webp
tropical_1.webp,tropical_rainforest,val,C:\Users\USER\Desktop\ai_dataset\forestry_dataset_splitted\val\tropical_rainforest\tropical_1.webp
tropical_10.jpg,tropical_rainforest,val,C:\Users\USER\Desktop\ai_dataset\forestry_dataset_splitted\val\tropical_rainforest\tropical_10.jpg
tropical_100.webp,tropical_rainforest,val,C:\Users\USER\Desktop\ai_dataset\forestry_dataset_splitted\val\tropical_rainforest\tropical_100.webp
tropical_101.webp,tropical_rainforest,val,C:\Users\USER\Desktop\ai_dataset\forestry_dataset_splitted\val\tropical_rainforest\tropical_101.webp
tropical_102.jpg,tropical_rainforest,val,C:\Users\USER\Desktop\ai_dataset\forestry_dataset_splitted\val\tropical_rainforest\tropical_102.jpg
tropical_103.webp,tropical_rainforest,val,C:\Users\USER\Desktop\ai_dataset\forestry_dataset_splitted\val\tropical_rainforest\tropical_103.webp
tropical_104.jpg,tropical_rainforest,val,C:\Users\USER\Desktop\ai_dataset\forestry_dataset_splitted\val\tropical_rainforest\tropical_104.jpg
tropical_105.jpg,tropical_rainforest,val,C:\Users\USER\Desktop\ai_dataset\forestry_dataset_splitted\val\tropical_rainforest\tropical_105.jpg
tropical_106.webp,tropical_rainforest,val,C:\Users\USER\Desktop\ai_dataset\forestry_dataset_splitted\val\tropical_rainforest\tropical_106.webp
tropical_107.jpg,tropical_rainforest,val,C:\Users\USER\Desktop\ai_dataset\forestry_dataset_splitted\val\tropical_rainforest\tropical_107.jpg
tropical_108.webp,tropical_rainforest,val,C:\Users\USER\Desktop\ai_dataset\forestry_dataset_splitted\val\tropical_rainforest\tropical_108.webp
tropical_109.jpg,tropical_rainforest,val,C:\Users\USER\Desktop\ai_dataset\forestry_dataset_splitted\val\tropical_rainforest\tropical_109.jpg
tropical_11.webp,tropical_rainforest,val,C:\Users\USER\Desktop\ai_dataset\forestry_dataset_splitted\val\tropical_rainforest\tropical_11.webp
tropical_110.webp,tropical_rainforest,val,C:\Users\USER\Desktop\ai_dataset\forestry_dataset_splitted\val\tropical_rainforest\tropical_110.webp
tropical_111.jpg,tropical_rainforest,val,C:\Users\USER\Desktop\ai_dataset\forestry_dataset_splitted\val\tropical_rainforest\tropical_111.jpg
tropical_112.jpg,tropical_rainforest,val,C:\Users\USER\Desktop\ai_dataset\forestry_dataset_splitted\val\tropical_rainforest\tropical_112.jpg
tropical_113.webp,tropical_rainforest,val,C:\Users\USER\Desktop\ai_dataset\forestry_dataset_splitted\val\tropical_rainforest\tropical_113.webp
tropical_114.webp,tropical_rainforest,val,C:\Users\USER\Desktop\ai_dataset\forestry_dataset_splitted\val\tropical_rainforest\tropical_114.webp
tropical_115.jpg,tropical_rainforest,val,C:\Users\USER\Desktop\ai_dataset\forestry_dataset_splitted\val\tropical_rainforest\tropical_115.jpg
tropical_116.webp,tropical_rainforest,val,C:\Users\USER\Desktop\ai_dataset\forestry_dataset_splitted\val\tropical_rainforest\tropical_116.webp
tropical_117.webp,tropical_rainforest,val,C:\Users\USER\Desktop\ai_dataset\forestry_dataset_splitted\val\tropical_rainforest\tropical_117.webp
tropical_118.webp,tropical_rainforest,val,C:\Users\USER\Desktop\ai_dataset\forestry_dataset_splitted\val\tropical_rainforest\tropical_118.webp
tropical_119.webp,tropical_rainforest,val,C:\Users\USER\Desktop\ai_dataset\forestry_dataset_splitted\val\tropical_rainforest\tropical_119.webp
tropical_12.webp,tropical_rainforest,val,C:\Users\USER\Desktop\ai_dataset\forestry_dataset_splitted\val\tropical_rainforest\tropical_12.webp
tropical_120.webp,tropical_rainforest,val,C:\Users\USER\Desktop\ai_dataset\forestry_dataset_splitted\val\tropical_rainforest\tropical_120.webp
tropical_121.webp,tropical_rainforest,val,C:\Users\USER\Desktop\ai_dataset\forestry_dataset_splitted\val\tropical_rainforest\tropical_121.webp
tropical_122.webp,tropical_rainforest,val,C:\Users\USER\Desktop\ai_dataset\forestry_dataset_splitted\val\tropical_rainforest\tropical_122.webp
tropical_123.jpg,tropical_rainforest,val,C:\Users\USER\Desktop\ai_dataset\forestry_dataset_splitted\val\tropical_rainforest\tropical_123.jpg
tropical_124.webp,tropical_rainforest,val,C:\Users\USER\Desktop\ai_dataset\forestry_dataset_splitted\val\tropical_rainforest\tropical_124.webp
tropical_125.webp,tropical_rainforest,val,C:\Users\USER\Desktop\ai_dataset\forestry_dataset_splitted\val\tropical_rainforest\tropical_125.webp
tropical_126.jpg,tropical_rainforest,val,C:\Users\USER\Desktop\ai_dataset\forestry_dataset_splitted\val\tropical_rainforest\tropical_126.jpg
tropical_127.jpg,tropical_rainforest,val,C:\Users\USER\Desktop\ai_dataset\forestry_dataset_splitted\val\tropical_rainforest\tropical_127.jpg
tropical_128.webp,tropical_rainforest,val,C:\Users\USER\Desktop\ai_dataset\forestry_dataset_splitted\val\tropical_rainforest\tropical_128.webp
tropical_129.webp,tropical_rainforest,val,C:\Users\USER\Desktop\ai_dataset\forestry_dataset_splitted\val\tropical_rainforest\tropical_129.webp
tropical_13.webp,tropical_rainforest,val,C:\Users\USER\Desktop\ai_dataset\forestry_dataset_splitted\val\tropical_rainforest\tropical_13.webp
tropical_130.webp,tropical_rainforest,val,C:\Users\USER\Desktop\ai_dataset\forestry_dataset_splitted\val\tropical_rainforest\tropical_130.webp
tropical_131.webp,tropical_rainforest,val,C:\Users\USER\Desktop\ai_dataset\forestry_dataset_splitted\val\tropical_rainforest\tropical_131.webp
tropical_132.jpg,tropical_rainforest,val,C:\Users\USER\Desktop\ai_dataset\forestry_dataset_splitted\val\tropical_rainforest\tropical_132.jpg
tropical_133.jpg,tropical_rainforest,val,C:\Users\USER\Desktop\ai_dataset\forestry_dataset_splitted\val\tropical_rainforest\tropical_133.jpg
tropical_134.webp,tropical_rainforest,val,C:\Users\USER\Desktop\ai_dataset\forestry_dataset_splitted\val\tropical_rainforest\tropical_134.webp
tropical_135.webp,tropical_rainforest,val,C:\Users\USER\Desktop\ai_dataset\forestry_dataset_splitted\val\tropical_rainforest\tropical_135.webp
tropical_136.webp,tropical_rainforest,val,C:\Users\USER\Desktop\ai_dataset\forestry_dataset_splitted\val\tropical_rainforest\tropical_136.webp
tropical_137.webp,tropical_rainforest,val,C:\Users\USER\Desktop\ai_dataset\forestry_dataset_splitted\val\tropical_rainforest\tropical_137.webp
tropical_138.webp,tropical_rainforest,val,C:\Users\USER\Desktop\ai_dataset\forestry_dataset_splitted\val\tropical_rainforest\tropical_138.webp
tropical_139.webp,tropical_rainforest,val,C:\Users\USER\Desktop\ai_dataset\forestry_dataset_splitted\val\tropical_rainforest\tropical_139.webp
tropical_14.jpg,tropical_rainforest,val,C:\Users\USER\Desktop\ai_dataset\forestry_dataset_splitted\val\tropical_rainforest\tropical_14.jpg
tropical_140.jpg,tropical_rainforest,val,C:\Users\USER\Desktop\ai_dataset\forestry_dataset_splitted\val\tropical_rainforest\tropical_140.jpg
tropical_141.webp,tropical_rainforest,val,C:\Users\USER\Desktop\ai_dataset\forestry_dataset_splitted\val\tropical_rainforest\tropical_141.webp
tropical_142.webp,tropical_rainforest,val,C:\Users\USER\Desktop\ai_dataset\forestry_dataset_splitted\val\tropical_rainforest\tropical_142.webp
tropical_143.jpg,tropical_rainforest,val,C:\Users\USER\Desktop\ai_dataset\forestry_dataset_splitted\val\tropical_rainforest\tropical_143.jpg
tropical_144.webp,tropical_rainforest,val,C:\Users\USER\Desktop\ai_dataset\forestry_dataset_splitted\val\tropical_rainforest\tropical_144.webp
tropical_145.jpg,tropical_rainforest,val,C:\Users\USER\Desktop\ai_dataset\forestry_dataset_splitted\val\tropical_rainforest\tropical_145.jpg
tropical_146.jpg,tropical_rainforest,val,C:\Users\USER\Desktop\ai_dataset\forestry_dataset_splitted\val\tropical_rainforest\tropical_146.jpg
tropical_147.webp,tropical_rainforest,val,C:\Users\USER\Desktop\ai_dataset\forestry_dataset_splitted\val\tropical_rainforest\tropical_147.webp
tropical_148.webp,tropical_rainforest,val,C:\Users\USER\Desktop\ai_dataset\forestry_dataset_splitted\val\tropical_rainforest\tropical_148.webp
tropical_149.webp,tropical_rainforest,val,C:\Users\USER\Desktop\ai_dataset\forestry_dataset_splitted\val\tropical_rainforest\tropical_149.webp
tropical_15.jpg,tropical_rainforest,val,C:\Users\USER\Desktop\ai_dataset\forestry_dataset_splitted\val\tropical_rainforest\tropical_15.jpg
tropical_150.webp,tropical_rainforest,val,C:\Users\USER\Desktop\ai_dataset\forestry_dataset_splitted\val\tropical_rainforest\tropical_150.webp
tropical_151.webp,tropical_rainforest,val,C:\Users\USER\Desktop\ai_dataset\forestry_dataset_splitted\val\tropical_rainforest\tropical_151.webp
tropical_152.webp,tropical_rainforest,val,C:\Users\USER\Desktop\ai_dataset\forestry_dataset_splitted\val\tropical_rainforest\tropical_152.webp
tropical_153.webp,tropical_rainforest,val,C:\Users\USER\Desktop\ai_dataset\forestry_dataset_splitted\val\tropical_rainforest\tropical_153.webp
tropical_154.jpg,tropical_rainforest,val,C:\Users\USER\Desktop\ai_dataset\forestry_dataset_splitted\val\tropical_rainforest\tropical_154.jpg
tropical_155.jpg,tropical_rainforest,val,C:\Users\USER\Desktop\ai_dataset\forestry_dataset_splitted\val\tropical_rainforest\tropical_155.jpg
tropical_156.webp,tropical_rainforest,val,C:\Users\USER\Desktop\ai_dataset\forestry_dataset_splitted\val\tropical_rainforest\tropical_156.webp
tropical_157.webp,tropical_rainforest,val,C:\Users\USER\Desktop\ai_dataset\forestry_dataset_splitted\val\tropical_rainforest\tropical_157.webp
tropical_158.jpg,tropical_rainforest,val,C:\Users\USER\Desktop\ai_dataset\forestry_dataset_splitted\val\tropical_rainforest\tropical_158.jpg
tropical_159.webp,tropical_rainforest,val,C:\Users\USER\Desktop\ai_dataset\forestry_dataset_splitted\val\tropical_rainforest\tropical_159.webp
tropical_16.jpg,tropical_rainforest,val,C:\Users\USER\Desktop\ai_dataset\forestry_dataset_splitted\val\tropical_rainforest\tropical_16.jpg
tropical_160.webp,tropical_rainforest,val,C:\Users\USER\Desktop\ai_dataset\forestry_dataset_splitted\val\tropical_rainforest\tropical_160.webp
tropical_161.jpg,tropical_rainforest,val,C:\Users\USER\Desktop\ai_dataset\forestry_dataset_splitted\val\tropical_rainforest\tropical_161.jpg
tropical_162.webp,tropical_rainforest,val,C:\Users\USER\Desktop\ai_dataset\forestry_dataset_splitted\val\tropical_rainforest\tropical_162.webp
tropical_163.jpg,tropical_rainforest,val,C:\Users\USER\Desktop\ai_dataset\forestry_dataset_splitted\val\tropical_rainforest\tropical_163.jpg
tropical_164.jpg,tropical_rainforest,val,C:\Users\USER\Desktop\ai_dataset\forestry_dataset_splitted\val\tropical_rainforest\tropical_164.jpg
tropical_165.webp,tropical_rainforest,val,C:\Users\USER\Desktop\ai_dataset\forestry_dataset_splitted\val\tropical_rainforest\tropical_165.webp
tropical_166.webp,tropical_rainforest,val,C:\Users\USER\Desktop\ai_dataset\forestry_dataset_splitted\val\tropical_rainforest\tropical_166.webp
tropical_167.webp,tropical_rainforest,val,C:\Users\USER\Desktop\ai_dataset\forestry_dataset_splitted\val\tropical_rainforest\tropical_167.webp
tropical_168.webp,tropical_rainforest,val,C:\Users\USER\Desktop\ai_dataset\forestry_dataset_splitted\val\tropical_rainforest\tropical_168.webp
tropical_169.webp,tropical_rainforest,val,C:\Users\USER\Desktop\ai_dataset\forestry_dataset_splitted\val\tropical_rainforest\tropical_169.webp
tropical_17.jpg,tropical_rainforest,val,C:\Users\USER\Desktop\ai_dataset\forestry_dataset_splitted\val\tropical_rainforest\tropical_17.jpg
tropical_170.webp,tropical_rainforest,val,C:\Users\USER\Desktop\ai_dataset\forestry_dataset_splitted\val\tropical_rainforest\tropical_170.webp
tropical_171.webp,tropical_rainforest,val,C:\Users\USER\Desktop\ai_dataset\forestry_dataset_splitted\val\tropical_rainforest\tropical_171.webp
tropical_172.jpg,tropical_rainforest,val,C:\Users\USER\Desktop\ai_dataset\forestry_dataset_splitted\val\tropical_rainforest\tropical_172.jpg
tropical_173.webp,tropical_rainforest,val,C:\Users\USER\Desktop\ai_dataset\forestry_dataset_splitted\val\tropical_rainforest\tropical_173.webp
tropical_174.webp,tropical_rainforest,val,C:\Users\USER\Desktop\ai_dataset\forestry_dataset_splitted\val\tropical_rainforest\tropical_174.webp
tropical_175.webp,tropical_rainforest,val,C:\Users\USER\Desktop\ai_dataset\forestry_dataset_splitted\val\tropical_rainforest\tropical_175.webp
tropical_176.webp,tropical_rainforest,val,C:\Users\USER\Desktop\ai_dataset\forestry_dataset_splitted\val\tropical_rainforest\tropical_176.webp
tropical_177.jpg,tropical_rainforest,val,C:\Users\USER\Desktop\ai_dataset\forestry_dataset_splitted\val\tropical_rainforest\tropical_177.jpg
tropical_178.webp,tropical_rainforest,val,C:\Users\USER\Desktop\ai_dataset\forestry_dataset_splitted\val\tropical_rainforest\tropical_178.webp
tropical_179.webp,tropical_rainforest,val,C:\Users\USER\Desktop\ai_dataset\forestry_dataset_splitted\val\tropical_rainforest\tropical_179.webp
tropical_18.jpg,tropical_rainforest,val,C:\Users\USER\Desktop\ai_dataset\forestry_dataset_splitted\val\tropical_rainforest\tropical_18.jpg
tropical_180.jpg,tropical_rainforest,val,C:\Users\USER\Desktop\ai_dataset\forestry_dataset_splitted\val\tropical_rainforest\tropical_180.jpg
tropical_181.webp,tropical_rainforest,val,C:\Users\USER\Desktop\ai_dataset\forestry_dataset_splitted\val\tropical_rainforest\tropical_181.webp
tropical_182.webp,tropical_rainforest,val,C:\Users\USER\Desktop\ai_dataset\forestry_dataset_splitted\val\tropical_rainforest\tropical_182.webp
tropical_183.webp,tropical_rainforest,val,C:\Users\USER\Desktop\ai_dataset\forestry_dataset_splitted\val\tropical_rainforest\tropical_183.webp
tropical_184.webp,tropical_rainforest,val,C:\Users\USER\Desktop\ai_dataset\forestry_dataset_splitted\val\tropical_rainforest\tropical_184.webp
tropical_185.webp,tropical_rainforest,val,C:\Users\USER\Desktop\ai_dataset\forestry_dataset_splitted\val\tropical_rainforest\tropical_185.webp
tropical_186.webp,tropical_rainforest,val,C:\Users\USER\Desktop\ai_dataset\forestry_dataset_splitted\val\tropical_rainforest\tropical_186.webp
tropical_187.webp,tropical_rainforest,val,C:\Users\USER\Desktop\ai_dataset\forestry_dataset_splitted\val\tropical_rainforest\tropical_187.webp
tropical_188.webp,tropical_rainforest,val,C:\Users\USER\Desktop\ai_dataset\forestry_dataset_splitted\val\tropical_rainforest\tropical_188.webp
tropical_189.jpg,tropical_rainforest,val,C:\Users\USER\Desktop\ai_dataset\forestry_dataset_splitted\val\tropical_rainforest\tropical_189.jpg
tropical_19.jpg,tropical_rainforest,val,C:\Users\USER\Desktop\ai_dataset\forestry_dataset_splitted\val\tropical_rainforest\tropical_19.jpg
tropical_190.webp,tropical_rainforest,val,C:\Users\USER\Desktop\ai_dataset\forestry_dataset_splitted\val\tropical_rainforest\tropical_190.webp
tropical_191.webp,tropical_rainforest,val,C:\Users\USER\Desktop\ai_dataset\forestry_dataset_splitted\val\tropical_rainforest\tropical_191.webp
tropical_192.webp,tropical_rainforest,val,C:\Users\USER\Desktop\ai_dataset\forestry_dataset_splitted\val\tropical_rainforest\tropical_192.webp
tropical_193.webp,tropical_rainforest,val,C:\Users\USER\Desktop\ai_dataset\forestry_dataset_splitted\val\tropical_rainforest\tropical_193.webp
tropical_194.webp,tropical_rainforest,val,C:\Users\USER\Desktop\ai_dataset\forestry_dataset_splitted\val\tropical_rainforest\tropical_194.webp
tropical_195.jpg,tropical_rainforest,val,C:\Users\USER\Desktop\ai_dataset\forestry_dataset_splitted\val\tropical_rainforest\tropical_195.jpg
tropical_196.webp,tropical_rainforest,val,C:\Users\USER\Desktop\ai_dataset\forestry_dataset_splitted\val\tropical_rainforest\tropical_196.webp
tropical_197.webp,tropical_rainforest,val,C:\Users\USER\Desktop\ai_dataset\forestry_dataset_splitted\val\tropical_rainforest\tropical_197.webp
tropical_198.webp,tropical_rainforest,val,C:\Users\USER\Desktop\ai_dataset\forestry_dataset_splitted\val\tropical_rainforest\tropical_198.webp
tropical_199.webp,tropical_rainforest,val,C:\Users\USER\Desktop\ai_dataset\forestry_dataset_splitted\val\tropical_rainforest\tropical_199.webp
tropical_2.jpg,tropical_rainforest,val,C:\Users\USER\Desktop\ai_dataset\forestry_dataset_splitted\val\tropical_rainforest\tropical_2.jpg
tropical_20.jpg,tropical_rainforest,val,C:\Users\USER\Desktop\ai_dataset\forestry_dataset_splitted\val\tropical_rainforest\tropical_20.jpg
tropical_200.webp,tropical_rainforest,val,C:\Users\USER\Desktop\ai_dataset\forestry_dataset_splitted\val\tropical_rainforest\tropical_200.webp
tropical_201.png,tropical_rainforest,val,C:\Users\USER\Desktop\ai_dataset\forestry_dataset_splitted\val\tropical_rainforest\tropical_201.png
tropical_202.webp,tropical_rainforest,val,C:\Users\USER\Desktop\ai_dataset\forestry_dataset_splitted\val\tropical_rainforest\tropical_202.webp
tropical_203.webp,tropical_rainforest,val,C:\Users\USER\Desktop\ai_dataset\forestry_dataset_splitted\val\tropical_rainforest\tropical_203.webp
tropical_204.webp,tropical_rainforest,val,C:\Users\USER\Desktop\ai_dataset\forestry_dataset_splitted\val\tropical_rainforest\tropical_204.webp
tropical_205.webp,tropical_rainforest,val,C:\Users\USER\Desktop\ai_dataset\forestry_dataset_splitted\val\tropical_rainforest\tropical_205.webp
tropical_206.webp,tropical_rainforest,val,C:\Users\USER\Desktop\ai_dataset\forestry_dataset_splitted\val\tropical_rainforest\tropical_206.webp
tropical_207.webp,tropical_rainforest,val,C:\Users\USER\Desktop\ai_dataset\forestry_dataset_splitted\val\tropical_rainforest\tropical_207.webp
tropical_208.webp,tropical_rainforest,val,C:\Users\USER\Desktop\ai_dataset\forestry_dataset_splitted\val\tropical_rainforest\tropical_208.webp
tropical_209.webp,tropical_rainforest,val,C:\Users\USER\Desktop\ai_dataset\forestry_dataset_splitted\val\tropical_rainforest\tropical_209.webp
tropical_21.webp,tropical_rainforest,val,C:\Users\USER\Desktop\ai_dataset\forestry_dataset_splitted\val\tropical_rainforest\tropical_21.webp
tropical_210.jpg,tropical_rainforest,val,C:\Users\USER\Desktop\ai_dataset\forestry_dataset_splitted\val\tropical_rainforest\tropical_210.jpg
tropical_211.webp,tropical_rainforest,val,C:\Users\USER\Desktop\ai_dataset\forestry_dataset_splitted\val\tropical_rainforest\tropical_211.webp
tropical_212.webp,tropical_rainforest,val,C:\Users\USER\Desktop\ai_dataset\forestry_dataset_splitted\val\tropical_rainforest\tropical_212.webp
tropical_213.webp,tropical_rainforest,val,C:\Users\USER\Desktop\ai_dataset\forestry_dataset_splitted\val\tropical_rainforest\tropical_213.webp
tropical_214.webp,tropical_rainforest,val,C:\Users\USER\Desktop\ai_dataset\forestry_dataset_splitted\val\tropical_rainforest\tropical_214.webp
tropical_215.webp,tropical_rainforest,val,C:\Users\USER\Desktop\ai_dataset\forestry_dataset_splitted\val\tropical_rainforest\tropical_215.webp
tropical_216.webp,tropical_rainforest,val,C:\Users\USER\Desktop\ai_dataset\forestry_dataset_splitted\val\tropical_rainforest\tropical_216.webp
tropical_217.webp,tropical_rainforest,val,C:\Users\USER\Desktop\ai_dataset\forestry_dataset_splitted\val\tropical_rainforest\tropical_217.webp
tropical_218.jpg,tropical_rainforest,val,C:\Users\USER\Desktop\ai_dataset\forestry_dataset_splitted\val\tropical_rainforest\tropical_218.jpg
tropical_219.png,tropical_rainforest,val,C:\Users\USER\Desktop\ai_dataset\forestry_dataset_splitted\val\tropical_rainforest\tropical_219.png
tropical_22.jpg,tropical_rainforest,val,C:\Users\USER\Desktop\ai_dataset\forestry_dataset_splitted\val\tropical_rainforest\tropical_22.jpg
tropical_220.jpg,tropical_rainforest,val,C:\Users\USER\Desktop\ai_dataset\forestry_dataset_splitted\val\tropical_rainforest\tropical_220.jpg
tropical_221.webp,tropical_rainforest,val,C:\Users\USER\Desktop\ai_dataset\forestry_dataset_splitted\val\tropical_rainforest\tropical_221.webp
tropical_222.webp,tropical_rainforest,val,C:\Users\USER\Desktop\ai_dataset\forestry_dataset_splitted\val\tropical_rainforest\tropical_222.webp
tropical_223.webp,tropical_rainforest,val,C:\Users\USER\Desktop\ai_dataset\forestry_dataset_splitted\val\tropical_rainforest\tropical_223.webp
tropical_224.png,tropical_rainforest,val,C:\Users\USER\Desktop\ai_dataset\forestry_dataset_splitted\val\tropical_rainforest\tropical_224.png
tropical_225.webp,tropical_rainforest,val,C:\Users\USER\Desktop\ai_dataset\forestry_dataset_splitted\val\tropical_rainforest\tropical_225.webp
tropical_226.webp,tropical_rainforest,val,C:\Users\USER\Desktop\ai_dataset\forestry_dataset_splitted\val\tropical_rainforest\tropical_226.webp
tropical_227.jpg,tropical_rainforest,val,C:\Users\USER\Desktop\ai_dataset\forestry_dataset_splitted\val\tropical_rainforest\tropical_227.jpg
tropical_228.webp,tropical_rainforest,val,C:\Users\USER\Desktop\ai_dataset\forestry_dataset_splitted\val\tropical_rainforest\tropical_228.webp
tropical_229.webp,tropical_rainforest,val,C:\Users\USER\Desktop\ai_dataset\forestry_dataset_splitted\val\tropical_rainforest\tropical_229.webp
tropical_23.webp,tropical_rainforest,val,C:\Users\USER\Desktop\ai_dataset\forestry_dataset_splitted\val\tropical_rainforest\tropical_23.webp
tropical_230.webp,tropical_rainforest,val,C:\Users\USER\Desktop\ai_dataset\forestry_dataset_splitted\val\tropical_rainforest\tropical_230.webp
tropical_231.webp,tropical_rainforest,val,C:\Users\USER\Desktop\ai_dataset\forestry_dataset_splitted\val\tropical_rainforest\tropical_231.webp
tropical_232.jpg,tropical_rainforest,val,C:\Users\USER\Desktop\ai_dataset\forestry_dataset_splitted\val\tropical_rainforest\tropical_232.jpg
tropical_233.jpg,tropical_rainforest,val,C:\Users\USER\Desktop\ai_dataset\forestry_dataset_splitted\val\tropical_rainforest\tropical_233.jpg
tropical_234.jpg,tropical_rainforest,val,C:\Users\USER\Desktop\ai_dataset\forestry_dataset_splitted\val\tropical_rainforest\tropical_234.jpg
tropical_235.jpg,tropical_rainforest,val,C:\Users\USER\Desktop\ai_dataset\forestry_dataset_splitted\val\tropical_rainforest\tropical_235.jpg
tropical_236.webp,tropical_rainforest,val,C:\Users\USER\Desktop\ai_dataset\forestry_dataset_splitted\val\tropical_rainforest\tropical_236.webp
tropical_237.webp,tropical_rainforest,val,C:\Users\USER\Desktop\ai_dataset\forestry_dataset_splitted\val\tropical_rainforest\tropical_237.webp
tropical_238.jpg,tropical_rainforest,val,C:\Users\USER\Desktop\ai_dataset\forestry_dataset_splitted\val\tropical_rainforest\tropical_238.jpg
tropical_239.jpg,tropical_rainforest,val,C:\Users\USER\Desktop\ai_dataset\forestry_dataset_splitted\val\tropical_rainforest\tropical_239.jpg
tropical_24.jpg,tropical_rainforest,val,C:\Users\USER\Desktop\ai_dataset\forestry_dataset_splitted\val\tropical_rainforest\tropical_24.jpg
tropical_240.webp,tropical_rainforest,val,C:\Users\USER\Desktop\ai_dataset\forestry_dataset_splitted\val\tropical_rainforest\tropical_240.webp
tropical_241.webp,tropical_rainforest,val,C:\Users\USER\Desktop\ai_dataset\forestry_dataset_splitted\val\tropical_rainforest\tropical_241.webp
tropical_242.webp,tropical_rainforest,val,C:\Users\USER\Desktop\ai_dataset\forestry_dataset_splitted\val\tropical_rainforest\tropical_242.webp
tropical_243.webp,tropical_rainforest,val,C:\Users\USER\Desktop\ai_dataset\forestry_dataset_splitted\val\tropical_rainforest\tropical_243.webp
tropical_244.webp,tropical_rainforest,val,C:\Users\USER\Desktop\ai_dataset\forestry_dataset_splitted\val\tropical_rainforest\tropical_244.webp
tropical_245.jpg,tropical_rainforest,val,C:\Users\USER\Desktop\ai_dataset\forestry_dataset_splitted\val\tropical_rainforest\tropical_245.jpg
tropical_246.webp,tropical_rainforest,val,C:\Users\USER\Desktop\ai_dataset\forestry_dataset_splitted\val\tropical_rainforest\tropical_246.webp
tropical_247.jpg,tropical_rainforest,val,C:\Users\USER\Desktop\ai_dataset\forestry_dataset_splitted\val\tropical_rainforest\tropical_247.jpg
tropical_248.jpg,tropical_rainforest,val,C:\Users\USER\Desktop\ai_dataset\forestry_dataset_splitted\val\tropical_rainforest\tropical_248.jpg
tropical_249.webp,tropical_rainforest,val,C:\Users\USER\Desktop\ai_dataset\forestry_dataset_splitted\val\tropical_rainforest\tropical_249.webp
tropical_25.png,tropical_rainforest,val,C:\Users\USER\Desktop\ai_dataset\forestry_dataset_splitted\val\tropical_rainforest\tropical_25.png
tropical_250.jpg,tropical_rainforest,val,C:\Users\USER\Desktop\ai_dataset\forestry_dataset_splitted\val\tropical_rainforest\tropical_250.jpg
tropical_251.jpg,tropical_rainforest,val,C:\Users\USER\Desktop\ai_dataset\forestry_dataset_splitted\val\tropical_rainforest\tropical_251.jpg
tropical_252.jpg,tropical_rainforest,val,C:\Users\USER\Desktop\ai_dataset\forestry_dataset_splitted\val\tropical_rainforest\tropical_252.jpg
tropical_253.webp,tropical_rainforest,val,C:\Users\USER\Desktop\ai_dataset\forestry_dataset_splitted\val\tropical_rainforest\tropical_253.webp
tropical_254.jpg,tropical_rainforest,val,C:\Users\USER\Desktop\ai_dataset\forestry_dataset_splitted\val\tropical_rainforest\tropical_254.jpg
tropical_255.jpg,tropical_rainforest,val,C:\Users\USER\Desktop\ai_dataset\forestry_dataset_splitted\val\tropical_rainforest\tropical_255.jpg
tropical_256.jpg,tropical_rainforest,val,C:\Users\USER\Desktop\ai_dataset\forestry_dataset_splitted\val\tropical_rainforest\tropical_256.jpg
tropical_257.jpg,tropical_rainforest,val,C:\Users\USER\Desktop\ai_dataset\forestry_dataset_splitted\val\tropical_rainforest\tropical_257.jpg
tropical_258.webp,tropical_rainforest,val,C:\Users\USER\Desktop\ai_dataset\forestry_dataset_splitted\val\tropical_rainforest\tropical_258.webp
tropical_259.webp,tropical_rainforest,val,C:\Users\USER\Desktop\ai_dataset\forestry_dataset_splitted\val\tropical_rainforest\tropical_259.webp
tropical_26.jpg,tropical_rainforest,val,C:\Users\USER\Desktop\ai_dataset\forestry_dataset_splitted\val\tropical_rainforest\tropical_26.jpg
tropical_260.webp,tropical_rainforest,val,C:\Users\USER\Desktop\ai_dataset\forestry_dataset_splitted\val\tropical_rainforest\tropical_260.webp
tropical_261.webp,tropical_rainforest,val,C:\Users\USER\Desktop\ai_dataset\forestry_dataset_splitted\val\tropical_rainforest\tropical_261.webp
tropical_262.jpg,tropical_rainforest,val,C:\Users\USER\Desktop\ai_dataset\forestry_dataset_splitted\val\tropical_rainforest\tropical_262.jpg
tropical_263.jpg,tropical_rainforest,val,C:\Users\USER\Desktop\ai_dataset\forestry_dataset_splitted\val\tropical_rainforest\tropical_263.jpg
tropical_264.jpg,tropical_rainforest,val,C:\Users\USER\Desktop\ai_dataset\forestry_dataset_splitted\val\tropical_rainforest\tropical_264.jpg
tropical_265.jpg,tropical_rainforest,val,C:\Users\USER\Desktop\ai_dataset\forestry_dataset_splitted\val\tropical_rainforest\tropical_265.jpg
tropical_266.jpg,tropical_rainforest,val,C:\Users\USER\Desktop\ai_dataset\forestry_dataset_splitted\val\tropical_rainforest\tropical_266.jpg
tropical_267.jpg,tropical_rainforest,val,C:\Users\USER\Desktop\ai_dataset\forestry_dataset_splitted\val\tropical_rainforest\tropical_267.jpg
tropical_268.webp,tropical_rainforest,val,C:\Users\USER\Desktop\ai_dataset\forestry_dataset_splitted\val\tropical_rainforest\tropical_268.webp
tropical_269.png,tropical_rainforest,val,C:\Users\USER\Desktop\ai_dataset\forestry_dataset_splitted\val\tropical_rainforest\tropical_269.png
tropical_27.jpg,tropical_rainforest,val,C:\Users\USER\Desktop\ai_dataset\forestry_dataset_splitted\val\tropical_rainforest\tropical_27.jpg
tropical_270.png,tropical_rainforest,val,C:\Users\USER\Desktop\ai_dataset\forestry_dataset_splitted\val\tropical_rainforest\tropical_270.png
tropical_271.jpg,tropical_rainforest,val,C:\Users\USER\Desktop\ai_dataset\forestry_dataset_splitted\val\tropical_rainforest\tropical_271.jpg
tropical_272.jpg,tropical_rainforest,val,C:\Users\USER\Desktop\ai_dataset\forestry_dataset_splitted\val\tropical_rainforest\tropical_272.jpg
tropical_273.jpg,tropical_rainforest,val,C:\Users\USER\Desktop\ai_dataset\forestry_dataset_splitted\val\tropical_rainforest\tropical_273.jpg
tropical_274.png,tropical_rainforest,val,C:\Users\USER\Desktop\ai_dataset\forestry_dataset_splitted\val\tropical_rainforest\tropical_274.png
tropical_275.jpg,tropical_rainforest,val,C:\Users\USER\Desktop\ai_dataset\forestry_dataset_splitted\val\tropical_rainforest\tropical_275.jpg
tropical_276.webp,tropical_rainforest,val,C:\Users\USER\Desktop\ai_dataset\forestry_dataset_splitted\val\tropical_rainforest\tropical_276.webp
tropical_277.jpg,tropical_rainforest,val,C:\Users\USER\Desktop\ai_dataset\forestry_dataset_splitted\val\tropical_rainforest\tropical_277.jpg
tropical_278.jpg,tropical_rainforest,val,C:\Users\USER\Desktop\ai_dataset\forestry_dataset_splitted\val\tropical_rainforest\tropical_278.jpg
tropical_279.webp,tropical_rainforest,val,C:\Users\USER\Desktop\ai_dataset\forestry_dataset_splitted\val\tropical_rainforest\tropical_279.webp
tropical_28.jpg,tropical_rainforest,val,C:\Users\USER\Desktop\ai_dataset\forestry_dataset_splitted\val\tropical_rainforest\tropical_28.jpg
tropical_280.jpg,tropical_rainforest,val,C:\Users\USER\Desktop\ai_dataset\forestry_dataset_splitted\val\tropical_rainforest\tropical_280.jpg
tropical_281.jpg,tropical_rainforest,val,C:\Users\USER\Desktop\ai_dataset\forestry_dataset_splitted\val\tropical_rainforest\tropical_281.jpg
tropical_282.webp,tropical_rainforest,val,C:\Users\USER\Desktop\ai_dataset\forestry_dataset_splitted\val\tropical_rainforest\tropical_282.webp
tropical_283.jpg,tropical_rainforest,val,C:\Users\USER\Desktop\ai_dataset\forestry_dataset_splitted\val\tropical_rainforest\tropical_283.jpg
tropical_284.webp,tropical_rainforest,val,C:\Users\USER\Desktop\ai_dataset\forestry_dataset_splitted\val\tropical_rainforest\tropical_284.webp
tropical_285.jpg,tropical_rainforest,val,C:\Users\USER\Desktop\ai_dataset\forestry_dataset_splitted\val\tropical_rainforest\tropical_285.jpg
tropical_286.jpg,tropical_rainforest,val,C:\Users\USER\Desktop\ai_dataset\forestry_dataset_splitted\val\tropical_rainforest\tropical_286.jpg
tropical_287.jpg,tropical_rainforest,val,C:\Users\USER\Desktop\ai_dataset\forestry_dataset_splitted\val\tropical_rainforest\tropical_287.jpg
tropical_288.jpg,tropical_rainforest,val,C:\Users\USER\Desktop\ai_dataset\forestry_dataset_splitted\val\tropical_rainforest\tropical_288.jpg
tropical_289.webp,tropical_rainforest,val,C:\Users\USER\Desktop\ai_dataset\forestry_dataset_splitted\val\tropical_rainforest\tropical_289.webp
tropical_29.jpg,tropical_rainforest,val,C:\Users\USER\Desktop\ai_dataset\forestry_dataset_splitted\val\tropical_rainforest\tropical_29.jpg
tropical_290.jpg,tropical_rainforest,val,C:\Users\USER\Desktop\ai_dataset\forestry_dataset_splitted\val\tropical_rainforest\tropical_290.jpg
tropical_291.webp,tropical_rainforest,val,C:\Users\USER\Desktop\ai_dataset\forestry_dataset_splitted\val\tropical_rainforest\tropical_291.webp
tropical_292.jpg,tropical_rainforest,val,C:\Users\USER\Desktop\ai_dataset\forestry_dataset_splitted\val\tropical_rainforest\tropical_292.jpg
tropical_293.jpg,tropical_rainforest,val,C:\Users\USER\Desktop\ai_dataset\forestry_dataset_splitted\val\tropical_rainforest\tropical_293.jpg
tropical_294.jpg,tropical_rainforest,val,C:\Users\USER\Desktop\ai_dataset\forestry_dataset_splitted\val\tropical_rainforest\tropical_294.jpg
tropical_295.png,tropical_rainforest,val,C:\Users\USER\Desktop\ai_dataset\forestry_dataset_splitted\val\tropical_rainforest\tropical_295.png
tropical_296.jpg,tropical_rainforest,val,C:\Users\USER\Desktop\ai_dataset\forestry_dataset_splitted\val\tropical_rainforest\tropical_296.jpg
tropical_297.jpg,tropical_rainforest,val,C:\Users\USER\Desktop\ai_dataset\forestry_dataset_splitted\val\tropical_rainforest\tropical_297.jpg
tropical_298.jpg,tropical_rainforest,val,C:\Users\USER\Desktop\ai_dataset\forestry_dataset_splitted\val\tropical_rainforest\tropical_298.jpg
tropical_299.jpg,tropical_rainforest,val,C:\Users\USER\Desktop\ai_dataset\forestry_dataset_splitted\val\tropical_rainforest\tropical_299.jpg
tropical_3.jpg,tropical_rainforest,val,C:\Users\USER\Desktop\ai_dataset\forestry_dataset_splitted\val\tropical_rainforest\tropical_3.jpg
tropical_30.jpg,tropical_rainforest,val,C:\Users\USER\Desktop\ai_dataset\forestry_dataset_splitted\val\tropical_rainforest\tropical_30.jpg
tropical_300.webp,tropical_rainforest,val,C:\Users\USER\Desktop\ai_dataset\forestry_dataset_splitted\val\tropical_rainforest\tropical_300.webp
tropical_301.jpg,tropical_rainforest,val,C:\Users\USER\Desktop\ai_dataset\forestry_dataset_splitted\val\tropical_rainforest\tropical_301.jpg
tropical_302.webp,tropical_rainforest,val,C:\Users\USER\Desktop\ai_dataset\forestry_dataset_splitted\val\tropical_rainforest\tropical_302.webp
tropical_303.jpg,tropical_rainforest,val,C:\Users\USER\Desktop\ai_dataset\forestry_dataset_splitted\val\tropical_rainforest\tropical_303.jpg
tropical_304.jpg,tropical_rainforest,val,C:\Users\USER\Desktop\ai_dataset\forestry_dataset_splitted\val\tropical_rainforest\tropical_304.jpg
tropical_305.jpg,tropical_rainforest,val,C:\Users\USER\Desktop\ai_dataset\forestry_dataset_splitted\val\tropical_rainforest\tropical_305.jpg
tropical_306.jpg,tropical_rainforest,val,C:\Users\USER\Desktop\ai_dataset\forestry_dataset_splitted\val\tropical_rainforest\tropical_306.jpg
tropical_307.png,tropical_rainforest,val,C:\Users\USER\Desktop\ai_dataset\forestry_dataset_splitted\val\tropical_rainforest\tropical_307.png
tropical_308.jpg,tropical_rainforest,val,C:\Users\USER\Desktop\ai_dataset\forestry_dataset_splitted\val\tropical_rainforest\tropical_308.jpg
tropical_309.jpg,tropical_rainforest,val,C:\Users\USER\Desktop\ai_dataset\forestry_dataset_splitted\val\tropical_rainforest\tropical_309.jpg
tropical_31.jpg,tropical_rainforest,val,C:\Users\USER\Desktop\ai_dataset\forestry_dataset_splitted\val\tropical_rainforest\tropical_31.jpg
tropical_310.jpg,tropical_rainforest,val,C:\Users\USER\Desktop\ai_dataset\forestry_dataset_splitted\val\tropical_rainforest\tropical_310.jpg
tropical_311.jpg,tropical_rainforest,val,C:\Users\USER\Desktop\ai_dataset\forestry_dataset_splitted\val\tropical_rainforest\tropical_311.jpg
tropical_312.jpg,tropical_rainforest,val,C:\Users\USER\Desktop\ai_dataset\forestry_dataset_splitted\val\tropical_rainforest\tropical_312.jpg
tropical_313.webp,tropical_rainforest,val,C:\Users\USER\Desktop\ai_dataset\forestry_dataset_splitted\val\tropical_rainforest\tropical_313.webp
tropical_314.jpg,tropical_rainforest,val,C:\Users\USER\Desktop\ai_dataset\forestry_dataset_splitted\val\tropical_rainforest\tropical_314.jpg
tropical_32.jpg,tropical_rainforest,val,C:\Users\USER\Desktop\ai_dataset\forestry_dataset_splitted\val\tropical_rainforest\tropical_32.jpg
tropical_33.jpg,tropical_rainforest,val,C:\Users\USER\Desktop\ai_dataset\forestry_dataset_splitted\val\tropical_rainforest\tropical_33.jpg
tropical_34.jpg,tropical_rainforest,val,C:\Users\USER\Desktop\ai_dataset\forestry_dataset_splitted\val\tropical_rainforest\tropical_34.jpg
tropical_35.jpg,tropical_rainforest,val,C:\Users\USER\Desktop\ai_dataset\forestry_dataset_splitted\val\tropical_rainforest\tropical_35.jpg
tropical_36.jpg,tropical_rainforest,val,C:\Users\USER\Desktop\ai_dataset\forestry_dataset_splitted\val\tropical_rainforest\tropical_36.jpg
tropical_37.webp,tropical_rainforest,val,C:\Users\USER\Desktop\ai_dataset\forestry_dataset_splitted\val\tropical_rainforest\tropical_37.webp
tropical_38.jpg,tropical_rainforest,val,C:\Users\USER\Desktop\ai_dataset\forestry_dataset_splitted\val\tropical_rainforest\tropical_38.jpg
tropical_39.jpg,tropical_rainforest,val,C:\Users\USER\Desktop\ai_dataset\forestry_dataset_splitted\val\tropical_rainforest\tropical_39.jpg
tropical_4.jpg,tropical_rainforest,val,C:\Users\USER\Desktop\ai_dataset\forestry_dataset_splitted\val\tropical_rainforest\tropical_4.jpg
tropical_40.jpg,tropical_rainforest,val,C:\Users\USER\Desktop\ai_dataset\forestry_dataset_splitted\val\tropical_rainforest\tropical_40.jpg
tropical_41.webp,tropical_rainforest,val,C:\Users\USER\Desktop\ai_dataset\forestry_dataset_splitted\val\tropical_rainforest\tropical_41.webp
tropical_42.jpg,tropical_rainforest,val,C:\Users\USER\Desktop\ai_dataset\forestry_dataset_splitted\val\tropical_rainforest\tropical_42.jpg
tropical_43.jpg,tropical_rainforest,val,C:\Users\USER\Desktop\ai_dataset\forestry_dataset_splitted\val\tropical_rainforest\tropical_43.jpg
tropical_44.jpg,tropical_rainforest,val,C:\Users\USER\Desktop\ai_dataset\forestry_dataset_splitted\val\tropical_rainforest\tropical_44.jpg
tropical_45.jpg,tropical_rainforest,val,C:\Users\USER\Desktop\ai_dataset\forestry_dataset_splitted\val\tropical_rainforest\tropical_45.jpg
tropical_46.webp,tropical_rainforest,val,C:\Users\USER\Desktop\ai_dataset\forestry_dataset_splitted\val\tropical_rainforest\tropical_46.webp
tropical_47.jpg,tropical_rainforest,val,C:\Users\USER\Desktop\ai_dataset\forestry_dataset_splitted\val\tropical_rainforest\tropical_47.jpg
tropical_48.jpg,tropical_rainforest,val,C:\Users\USER\Desktop\ai_dataset\forestry_dataset_splitted\val\tropical_rainforest\tropical_48.jpg
tropical_49.jpg,tropical_rainforest,val,C:\Users\USER\Desktop\ai_dataset\forestry_dataset_splitted\val\tropical_rainforest\tropical_49.jpg
tropical_5.jpg,tropical_rainforest,val,C:\Users\USER\Desktop\ai_dataset\forestry_dataset_splitted\val\tropical_rainforest\tropical_5.jpg
tropical_50.jpg,tropical_rainforest,val,C:\Users\USER\Desktop\ai_dataset\forestry_dataset_splitted\val\tropical_rainforest\tropical_50.jpg
tropical_51.jpg,tropical_rainforest,val,C:\Users\USER\Desktop\ai_dataset\forestry_dataset_splitted\val\tropical_rainforest\tropical_51.jpg
tropical_52.jpg,tropical_rainforest,val,C:\Users\USER\Desktop\ai_dataset\forestry_dataset_splitted\val\tropical_rainforest\tropical_52.jpg
tropical_53.jpg,tropical_rainforest,val,C:\Users\USER\Desktop\ai_dataset\forestry_dataset_splitted\val\tropical_rainforest\tropical_53.jpg
tropical_54.jpg,tropical_rainforest,val,C:\Users\USER\Desktop\ai_dataset\forestry_dataset_splitted\val\tropical_rainforest\tropical_54.jpg
tropical_55.png,tropical_rainforest,val,C:\Users\USER\Desktop\ai_dataset\forestry_dataset_splitted\val\tropical_rainforest\tropical_55.png
tropical_56.webp,tropical_rainforest,val,C:\Users\USER\Desktop\ai_dataset\forestry_dataset_splitted\val\tropical_rainforest\tropical_56.webp
tropical_57.jpg,tropical_rainforest,val,C:\Users\USER\Desktop\ai_dataset\forestry_dataset_splitted\val\tropical_rainforest\tropical_57.jpg
tropical_58.webp,tropical_rainforest,val,C:\Users\USER\Desktop\ai_dataset\forestry_dataset_splitted\val\tropical_rainforest\tropical_58.webp
tropical_59.webp,tropical_rainforest,val,C:\Users\USER\Desktop\ai_dataset\forestry_dataset_splitted\val\tropical_rainforest\tropical_59.webp
tropical_6.jpg,tropical_rainforest,val,C:\Users\USER\Desktop\ai_dataset\forestry_dataset_splitted\val\tropical_rainforest\tropical_6.jpg
tropical_60.jpg,tropical_rainforest,val,C:\Users\USER\Desktop\ai_dataset\forestry_dataset_splitted\val\tropical_rainforest\tropical_60.jpg
tropical_61.jpg,tropical_rainforest,val,C:\Users\USER\Desktop\ai_dataset\forestry_dataset_splitted\val\tropical_rainforest\tropical_61.jpg
tropical_62.jpg,tropical_rainforest,val,C:\Users\USER\Desktop\ai_dataset\forestry_dataset_splitted\val\tropical_rainforest\tropical_62.jpg
tropical_63.webp,tropical_rainforest,val,C:\Users\USER\Desktop\ai_dataset\forestry_dataset_splitted\val\tropical_rainforest\tropical_63.webp
tropical_64.jpg,tropical_rainforest,val,C:\Users\USER\Desktop\ai_dataset\forestry_dataset_splitted\val\tropical_rainforest\tropical_64.jpg
tropical_65.jpg,tropical_rainforest,val,C:\Users\USER\Desktop\ai_dataset\forestry_dataset_splitted\val\tropical_rainforest\tropical_65.jpg
tropical_66.webp,tropical_rainforest,val,C:\Users\USER\Desktop\ai_dataset\forestry_dataset_splitted\val\tropical_rainforest\tropical_66.webp
tropical_67.webp,tropical_rainforest,val,C:\Users\USER\Desktop\ai_dataset\forestry_dataset_splitted\val\tropical_rainforest\tropical_67.webp
tropical_68.jpg,tropical_rainforest,val,C:\Users\USER\Desktop\ai_dataset\forestry_dataset_splitted\val\tropical_rainforest\tropical_68.jpg
tropical_69.jpg,tropical_rainforest,val,C:\Users\USER\Desktop\ai_dataset\forestry_dataset_splitted\val\tropical_rainforest\tropical_69.jpg
tropical_7.jpg,tropical_rainforest,val,C:\Users\USER\Desktop\ai_dataset\forestry_dataset_splitted\val\tropical_rainforest\tropical_7.jpg
tropical_70.jpg,tropical_rainforest,val,C:\Users\USER\Desktop\ai_dataset\forestry_dataset_splitted\val\tropical_rainforest\tropical_70.jpg
tropical_71.jpg,tropical_rainforest,val,C:\Users\USER\Desktop\ai_dataset\forestry_dataset_splitted\val\tropical_rainforest\tropical_71.jpg
tropical_72.jpg,tropical_rainforest,val,C:\Users\USER\Desktop\ai_dataset\forestry_dataset_splitted\val\tropical_rainforest\tropical_72.jpg
tropical_73.jpg,tropical_rainforest,val,C:\Users\USER\Desktop\ai_dataset\forestry_dataset_splitted\val\tropical_rainforest\tropical_73.jpg
tropical_74.jpg,tropical_rainforest,val,C:\Users\USER\Desktop\ai_dataset\forestry_dataset_splitted\val\tropical_rainforest\tropical_74.jpg
tropical_75.webp,tropical_rainforest,val,C:\Users\USER\Desktop\ai_dataset\forestry_dataset_splitted\val\tropical_rainforest\tropical_75.webp
tropical_76.jpg,tropical_rainforest,val,C:\Users\USER\Desktop\ai_dataset\forestry_dataset_splitted\val\tropical_rainforest\tropical_76.jpg
tropical_77.jpg,tropical_rainforest,val,C:\Users\USER\Desktop\ai_dataset\forestry_dataset_splitted\val\tropical_rainforest\tropical_77.jpg
tropical_78.webp,tropical_rainforest,val,C:\Users\USER\Desktop\ai_dataset\forestry_dataset_splitted\val\tropical_rainforest\tropical_78.webp
tropical_79.jpg,tropical_rainforest,val,C:\Users\USER\Desktop\ai_dataset\forestry_dataset_splitted\val\tropical_rainforest\tropical_79.jpg
tropical_8.jpg,tropical_rainforest,val,C:\Users\USER\Desktop\ai_dataset\forestry_dataset_splitted\val\tropical_rainforest\tropical_8.jpg
tropical_80.jpg,tropical_rainforest,val,C:\Users\USER\Desktop\ai_dataset\forestry_dataset_splitted\val\tropical_rainforest\tropical_80.jpg
tropical_81.jpg,tropical_rainforest,val,C:\Users\USER\Desktop\ai_dataset\forestry_dataset_splitted\val\tropical_rainforest\tropical_81.jpg
tropical_82.jpg,tropical_rainforest,val,C:\Users\USER\Desktop\ai_dataset\forestry_dataset_splitted\val\tropical_rainforest\tropical_82.jpg
tropical_83.jpg,tropical_rainforest,val,C:\Users\USER\Desktop\ai_dataset\forestry_dataset_splitted\val\tropical_rainforest\tropical_83.jpg
tropical_84.jpg,tropical_rainforest,val,C:\Users\USER\Desktop\ai_dataset\forestry_dataset_splitted\val\tropical_rainforest\tropical_84.jpg
tropical_85.jpg,tropical_rainforest,val,C:\Users\USER\Desktop\ai_dataset\forestry_dataset_splitted\val\tropical_rainforest\tropical_85.jpg
tropical_86.jpg,tropical_rainforest,val,C:\Users\USER\Desktop\ai_dataset\forestry_dataset_splitted\val\tropical_rainforest\tropical_86.jpg
tropical_87.jpg,tropical_rainforest,val,C:\Users\USER\Desktop\ai_dataset\forestry_dataset_splitted\val\tropical_rainforest\tropical_87.jpg
tropical_88.jpg,tropical_rainforest,val,C:\Users\USER\Desktop\ai_dataset\forestry_dataset_splitted\val\tropical_rainforest\tropical_88.jpg
tropical_89.jpg,tropical_rainforest,val,C:\Users\USER\Desktop\ai_dataset\forestry_dataset_splitted\val\tropical_rainforest\tropical_89.jpg
tropical_9.jpg,tropical_rainforest,val,C:\Users\USER\Desktop\ai_dataset\forestry_dataset_splitted\val\tropical_rainforest\tropical_9.jpg
tropical_90.webp,tropical_rainforest,val,C:\Users\USER\Desktop\ai_dataset\forestry_dataset_splitted\val\tropical_rainforest\tropical_90.webp
tropical_91.webp,tropical_rainforest,val,C:\Users\USER\Desktop\ai_dataset\forestry_dataset_splitted\val\tropical_rainforest\tropical_91.webp
tropical_92.jpg,tropical_rainforest,val,C:\Users\USER\Desktop\ai_dataset\forestry_dataset_splitted\val\tropical_rainforest\tropical_92.jpg
tropical_93.jpg,tropical_rainforest,val,C:\Users\USER\Desktop\ai_dataset\forestry_dataset_splitted\val\tropical_rainforest\tropical_93.jpg
tropical_94.jpg,tropical_rainforest,val,C:\Users\USER\Desktop\ai_dataset\forestry_dataset_splitted\val\tropical_rainforest\tropical_94.jpg
tropical_95.webp,tropical_rainforest,val,C:\Users\USER\Desktop\ai_dataset\forestry_dataset_splitted\val\tropical_rainforest\tropical_95.webp
tropical_96.png,tropical_rainforest,val,C:\Users\USER\Desktop\ai_dataset\forestry_dataset_splitted\val\tropical_rainforest\tropical_96.png
tropical_97.jpg,tropical_rainforest,val,C:\Users\USER\Desktop\ai_dataset\forestry_dataset_splitted\val\tropical_rainforest\tropical_97.jpg
tropical_98.webp,tropical_rainforest,val,C:\Users\USER\Desktop\ai_dataset\forestry_dataset_splitted\val\tropical_rainforest\tropical_98.webp
tropical_99.webp,tropical_rainforest,val,C:\Users\USER\Desktop\ai_dataset\forestry_dataset_splitted\val\tropical_rainforest\tropical_99.webp
bamboo_1.webp,bamboo_forest,test,C:\Users\USER\Desktop\ai_dataset\forestry_dataset_splitted\test\bamboo_forest\bamboo_1.webp
bamboo_10.webp,bamboo_forest,test,C:\Users\USER\Desktop\ai_dataset\forestry_dataset_splitted\test\bamboo_forest\bamboo_10.webp
bamboo_100.jpg,bamboo_forest,test,C:\Users\USER\Desktop\ai_dataset\forestry_dataset_splitted\test\bamboo_forest\bamboo_100.jpg
bamboo_101.jpg,bamboo_forest,test,C:\Users\USER\Desktop\ai_dataset\forestry_dataset_splitted\test\bamboo_forest\bamboo_101.jpg
bamboo_102.webp,bamboo_forest,test,C:\Users\USER\Desktop\ai_dataset\forestry_dataset_splitted\test\bamboo_forest\bamboo_102.webp
bamboo_103.jpg,bamboo_forest,test,C:\Users\USER\Desktop\ai_dataset\forestry_dataset_splitted\test\bamboo_forest\bamboo_103.jpg
bamboo_104.jpg,bamboo_forest,test,C:\Users\USER\Desktop\ai_dataset\forestry_dataset_splitted\test\bamboo_forest\bamboo_104.jpg
bamboo_105.webp,bamboo_forest,test,C:\Users\USER\Desktop\ai_dataset\forestry_dataset_splitted\test\bamboo_forest\bamboo_105.webp
bamboo_106.jpg,bamboo_forest,test,C:\Users\USER\Desktop\ai_dataset\forestry_dataset_splitted\test\bamboo_forest\bamboo_106.jpg
bamboo_107.jpg,bamboo_forest,test,C:\Users\USER\Desktop\ai_dataset\forestry_dataset_splitted\test\bamboo_forest\bamboo_107.jpg
bamboo_108.jpg,bamboo_forest,test,C:\Users\USER\Desktop\ai_dataset\forestry_dataset_splitted\test\bamboo_forest\bamboo_108.jpg
bamboo_109.jpg,bamboo_forest,test,C:\Users\USER\Desktop\ai_dataset\forestry_dataset_splitted\test\bamboo_forest\bamboo_109.jpg
bamboo_11.webp,bamboo_forest,test,C:\Users\USER\Desktop\ai_dataset\forestry_dataset_splitted\test\bamboo_forest\bamboo_11.webp
bamboo_110.webp,bamboo_forest,test,C:\Users\USER\Desktop\ai_dataset\forestry_dataset_splitted\test\bamboo_forest\bamboo_110.webp
bamboo_111.jpg,bamboo_forest,test,C:\Users\USER\Desktop\ai_dataset\forestry_dataset_splitted\test\bamboo_forest\bamboo_111.jpg
bamboo_112.webp,bamboo_forest,test,C:\Users\USER\Desktop\ai_dataset\forestry_dataset_splitted\test\bamboo_forest\bamboo_112.webp
bamboo_113.webp,bamboo_forest,test,C:\Users\USER\Desktop\ai_dataset\forestry_dataset_splitted\test\bamboo_forest\bamboo_113.webp
bamboo_114.jpg,bamboo_forest,test,C:\Users\USER\Desktop\ai_dataset\forestry_dataset_splitted\test\bamboo_forest\bamboo_114.jpg
bamboo_115.jpg,bamboo_forest,test,C:\Users\USER\Desktop\ai_dataset\forestry_dataset_splitted\test\bamboo_forest\bamboo_115.jpg
bamboo_116.jpg,bamboo_forest,test,C:\Users\USER\Desktop\ai_dataset\forestry_dataset_splitted\test\bamboo_forest\bamboo_116.jpg
bamboo_117.jpg,bamboo_forest,test,C:\Users\USER\Desktop\ai_dataset\forestry_dataset_splitted\test\bamboo_forest\bamboo_117.jpg
bamboo_118.jpg,bamboo_forest,test,C:\Users\USER\Desktop\ai_dataset\forestry_dataset_splitted\test\bamboo_forest\bamboo_118.jpg
bamboo_119.jpg,bamboo_forest,test,C:\Users\USER\Desktop\ai_dataset\forestry_dataset_splitted\test\bamboo_forest\bamboo_119.jpg
bamboo_12.jpg,bamboo_forest,test,C:\Users\USER\Desktop\ai_dataset\forestry_dataset_splitted\test\bamboo_forest\bamboo_12.jpg
bamboo_120.webp,bamboo_forest,test,C:\Users\USER\Desktop\ai_dataset\forestry_dataset_splitted\test\bamboo_forest\bamboo_120.webp
bamboo_121.jpg,bamboo_forest,test,C:\Users\USER\Desktop\ai_dataset\forestry_dataset_splitted\test\bamboo_forest\bamboo_121.jpg
bamboo_122.jpg,bamboo_forest,test,C:\Users\USER\Desktop\ai_dataset\forestry_dataset_splitted\test\bamboo_forest\bamboo_122.jpg
bamboo_123.jpg,bamboo_forest,test,C:\Users\USER\Desktop\ai_dataset\forestry_dataset_splitted\test\bamboo_forest\bamboo_123.jpg
bamboo_124.webp,bamboo_forest,test,C:\Users\USER\Desktop\ai_dataset\forestry_dataset_splitted\test\bamboo_forest\bamboo_124.webp
bamboo_125.jpg,bamboo_forest,test,C:\Users\USER\Desktop\ai_dataset\forestry_dataset_splitted\test\bamboo_forest\bamboo_125.jpg
bamboo_126.jpg,bamboo_forest,test,C:\Users\USER\Desktop\ai_dataset\forestry_dataset_splitted\test\bamboo_forest\bamboo_126.jpg
bamboo_127.jpg,bamboo_forest,test,C:\Users\USER\Desktop\ai_dataset\forestry_dataset_splitted\test\bamboo_forest\bamboo_127.jpg
bamboo_128.jpg,bamboo_forest,test,C:\Users\USER\Desktop\ai_dataset\forestry_dataset_splitted\test\bamboo_forest\bamboo_128.jpg
bamboo_129.webp,bamboo_forest,test,C:\Users\USER\Desktop\ai_dataset\forestry_dataset_splitted\test\bamboo_forest\bamboo_129.webp
bamboo_13.jpg,bamboo_forest,test,C:\Users\USER\Desktop\ai_dataset\forestry_dataset_splitted\test\bamboo_forest\bamboo_13.jpg
bamboo_130.jpg,bamboo_forest,test,C:\Users\USER\Desktop\ai_dataset\forestry_dataset_splitted\test\bamboo_forest\bamboo_130.jpg
bamboo_131.webp,bamboo_forest,test,C:\Users\USER\Desktop\ai_dataset\forestry_dataset_splitted\test\bamboo_forest\bamboo_131.webp
bamboo_132.jpg,bamboo_forest,test,C:\Users\USER\Desktop\ai_dataset\forestry_dataset_splitted\test\bamboo_forest\bamboo_132.jpg
bamboo_133.webp,bamboo_forest,test,C:\Users\USER\Desktop\ai_dataset\forestry_dataset_splitted\test\bamboo_forest\bamboo_133.webp
bamboo_134.jpg,bamboo_forest,test,C:\Users\USER\Desktop\ai_dataset\forestry_dataset_splitted\test\bamboo_forest\bamboo_134.jpg
bamboo_135.jpg,bamboo_forest,test,C:\Users\USER\Desktop\ai_dataset\forestry_dataset_splitted\test\bamboo_forest\bamboo_135.jpg
bamboo_136.jpg,bamboo_forest,test,C:\Users\USER\Desktop\ai_dataset\forestry_dataset_splitted\test\bamboo_forest\bamboo_136.jpg
bamboo_137.jpg,bamboo_forest,test,C:\Users\USER\Desktop\ai_dataset\forestry_dataset_splitted\test\bamboo_forest\bamboo_137.jpg
bamboo_138.webp,bamboo_forest,test,C:\Users\USER\Desktop\ai_dataset\forestry_dataset_splitted\test\bamboo_forest\bamboo_138.webp
bamboo_139.jpg,bamboo_forest,test,C:\Users\USER\Desktop\ai_dataset\forestry_dataset_splitted\test\bamboo_forest\bamboo_139.jpg
bamboo_14.jpg,bamboo_forest,test,C:\Users\USER\Desktop\ai_dataset\forestry_dataset_splitted\test\bamboo_forest\bamboo_14.jpg
bamboo_140.jpg,bamboo_forest,test,C:\Users\USER\Desktop\ai_dataset\forestry_dataset_splitted\test\bamboo_forest\bamboo_140.jpg
bamboo_141.webp,bamboo_forest,test,C:\Users\USER\Desktop\ai_dataset\forestry_dataset_splitted\test\bamboo_forest\bamboo_141.webp
bamboo_142.webp,bamboo_forest,test,C:\Users\USER\Desktop\ai_dataset\forestry_dataset_splitted\test\bamboo_forest\bamboo_142.webp
bamboo_143.jpg,bamboo_forest,test,C:\Users\USER\Desktop\ai_dataset\forestry_dataset_splitted\test\bamboo_forest\bamboo_143.jpg
bamboo_144.jpg,bamboo_forest,test,C:\Users\USER\Desktop\ai_dataset\forestry_dataset_splitted\test\bamboo_forest\bamboo_144.jpg
bamboo_145.webp,bamboo_forest,test,C:\Users\USER\Desktop\ai_dataset\forestry_dataset_splitted\test\bamboo_forest\bamboo_145.webp
bamboo_146.jpg,bamboo_forest,test,C:\Users\USER\Desktop\ai_dataset\forestry_dataset_splitted\test\bamboo_forest\bamboo_146.jpg
bamboo_147.webp,bamboo_forest,test,C:\Users\USER\Desktop\ai_dataset\forestry_dataset_splitted\test\bamboo_forest\bamboo_147.webp
bamboo_148.webp,bamboo_forest,test,C:\Users\USER\Desktop\ai_dataset\forestry_dataset_splitted\test\bamboo_forest\bamboo_148.webp
bamboo_149.webp,bamboo_forest,test,C:\Users\USER\Desktop\ai_dataset\forestry_dataset_splitted\test\bamboo_forest\bamboo_149.webp
bamboo_15.jpg,bamboo_forest,test,C:\Users\USER\Desktop\ai_dataset\forestry_dataset_splitted\test\bamboo_forest\bamboo_15.jpg
bamboo_150.jpg,bamboo_forest,test,C:\Users\USER\Desktop\ai_dataset\forestry_dataset_splitted\test\bamboo_forest\bamboo_150.jpg
bamboo_151.webp,bamboo_forest,test,C:\Users\USER\Desktop\ai_dataset\forestry_dataset_splitted\test\bamboo_forest\bamboo_151.webp
bamboo_152.webp,bamboo_forest,test,C:\Users\USER\Desktop\ai_dataset\forestry_dataset_splitted\test\bamboo_forest\bamboo_152.webp
bamboo_153.webp,bamboo_forest,test,C:\Users\USER\Desktop\ai_dataset\forestry_dataset_splitted\test\bamboo_forest\bamboo_153.webp
bamboo_154.webp,bamboo_forest,test,C:\Users\USER\Desktop\ai_dataset\forestry_dataset_splitted\test\bamboo_forest\bamboo_154.webp
bamboo_155.webp,bamboo_forest,test,C:\Users\USER\Desktop\ai_dataset\forestry_dataset_splitted\test\bamboo_forest\bamboo_155.webp
bamboo_156.jpg,bamboo_forest,test,C:\Users\USER\Desktop\ai_dataset\forestry_dataset_splitted\test\bamboo_forest\bamboo_156.jpg
bamboo_157.webp,bamboo_forest,test,C:\Users\USER\Desktop\ai_dataset\forestry_dataset_splitted\test\bamboo_forest\bamboo_157.webp
bamboo_158.webp,bamboo_forest,test,C:\Users\USER\Desktop\ai_dataset\forestry_dataset_splitted\test\bamboo_forest\bamboo_158.webp
bamboo_159.webp,bamboo_forest,test,C:\Users\USER\Desktop\ai_dataset\forestry_dataset_splitted\test\bamboo_forest\bamboo_159.webp
bamboo_16.webp,bamboo_forest,test,C:\Users\USER\Desktop\ai_dataset\forestry_dataset_splitted\test\bamboo_forest\bamboo_16.webp
bamboo_160.webp,bamboo_forest,test,C:\Users\USER\Desktop\ai_dataset\forestry_dataset_splitted\test\bamboo_forest\bamboo_160.webp
bamboo_161.webp,bamboo_forest,test,C:\Users\USER\Desktop\ai_dataset\forestry_dataset_splitted\test\bamboo_forest\bamboo_161.webp
bamboo_162.webp,bamboo_forest,test,C:\Users\USER\Desktop\ai_dataset\forestry_dataset_splitted\test\bamboo_forest\bamboo_162.webp
bamboo_163.webp,bamboo_forest,test,C:\Users\USER\Desktop\ai_dataset\forestry_dataset_splitted\test\bamboo_forest\bamboo_163.webp
bamboo_164.webp,bamboo_forest,test,C:\Users\USER\Desktop\ai_dataset\forestry_dataset_splitted\test\bamboo_forest\bamboo_164.webp
bamboo_165.webp,bamboo_forest,test,C:\Users\USER\Desktop\ai_dataset\forestry_dataset_splitted\test\bamboo_forest\bamboo_165.webp
bamboo_166.jpg,bamboo_forest,test,C:\Users\USER\Desktop\ai_dataset\forestry_dataset_splitted\test\bamboo_forest\bamboo_166.jpg
bamboo_167.webp,bamboo_forest,test,C:\Users\USER\Desktop\ai_dataset\forestry_dataset_splitted\test\bamboo_forest\bamboo_167.webp
bamboo_168.webp,bamboo_forest,test,C:\Users\USER\Desktop\ai_dataset\forestry_dataset_splitted\test\bamboo_forest\bamboo_168.webp
bamboo_169.webp,bamboo_forest,test,C:\Users\USER\Desktop\ai_dataset\forestry_dataset_splitted\test\bamboo_forest\bamboo_169.webp
bamboo_17.webp,bamboo_forest,test,C:\Users\USER\Desktop\ai_dataset\forestry_dataset_splitted\test\bamboo_forest\bamboo_17.webp
bamboo_170.webp,bamboo_forest,test,C:\Users\USER\Desktop\ai_dataset\forestry_dataset_splitted\test\bamboo_forest\bamboo_170.webp
bamboo_171.jpg,bamboo_forest,test,C:\Users\USER\Desktop\ai_dataset\forestry_dataset_splitted\test\bamboo_forest\bamboo_171.jpg
bamboo_172.webp,bamboo_forest,test,C:\Users\USER\Desktop\ai_dataset\forestry_dataset_splitted\test\bamboo_forest\bamboo_172.webp
bamboo_173.webp,bamboo_forest,test,C:\Users\USER\Desktop\ai_dataset\forestry_dataset_splitted\test\bamboo_forest\bamboo_173.webp
bamboo_174.webp,bamboo_forest,test,C:\Users\USER\Desktop\ai_dataset\forestry_dataset_splitted\test\bamboo_forest\bamboo_174.webp
bamboo_175.webp,bamboo_forest,test,C:\Users\USER\Desktop\ai_dataset\forestry_dataset_splitted\test\bamboo_forest\bamboo_175.webp
bamboo_176.webp,bamboo_forest,test,C:\Users\USER\Desktop\ai_dataset\forestry_dataset_splitted\test\bamboo_forest\bamboo_176.webp
bamboo_177.webp,bamboo_forest,test,C:\Users\USER\Desktop\ai_dataset\forestry_dataset_splitted\test\bamboo_forest\bamboo_177.webp
bamboo_178.webp,bamboo_forest,test,C:\Users\USER\Desktop\ai_dataset\forestry_dataset_splitted\test\bamboo_forest\bamboo_178.webp
bamboo_179.webp,bamboo_forest,test,C:\Users\USER\Desktop\ai_dataset\forestry_dataset_splitted\test\bamboo_forest\bamboo_179.webp
bamboo_18.jpg,bamboo_forest,test,C:\Users\USER\Desktop\ai_dataset\forestry_dataset_splitted\test\bamboo_forest\bamboo_18.jpg
bamboo_180.webp,bamboo_forest,test,C:\Users\USER\Desktop\ai_dataset\forestry_dataset_splitted\test\bamboo_forest\bamboo_180.webp
bamboo_181.webp,bamboo_forest,test,C:\Users\USER\Desktop\ai_dataset\forestry_dataset_splitted\test\bamboo_forest\bamboo_181.webp
bamboo_182.webp,bamboo_forest,test,C:\Users\USER\Desktop\ai_dataset\forestry_dataset_splitted\test\bamboo_forest\bamboo_182.webp
bamboo_183.webp,bamboo_forest,test,C:\Users\USER\Desktop\ai_dataset\forestry_dataset_splitted\test\bamboo_forest\bamboo_183.webp
bamboo_184.webp,bamboo_forest,test,C:\Users\USER\Desktop\ai_dataset\forestry_dataset_splitted\test\bamboo_forest\bamboo_184.webp
bamboo_185.webp,bamboo_forest,test,C:\Users\USER\Desktop\ai_dataset\forestry_dataset_splitted\test\bamboo_forest\bamboo_185.webp
bamboo_186.webp,bamboo_forest,test,C:\Users\USER\Desktop\ai_dataset\forestry_dataset_splitted\test\bamboo_forest\bamboo_186.webp
bamboo_187.webp,bamboo_forest,test,C:\Users\USER\Desktop\ai_dataset\forestry_dataset_splitted\test\bamboo_forest\bamboo_187.webp
bamboo_188.webp,bamboo_forest,test,C:\Users\USER\Desktop\ai_dataset\forestry_dataset_splitted\test\bamboo_forest\bamboo_188.webp
bamboo_189.webp,bamboo_forest,test,C:\Users\USER\Desktop\ai_dataset\forestry_dataset_splitted\test\bamboo_forest\bamboo_189.webp
bamboo_19.jpg,bamboo_forest,test,C:\Users\USER\Desktop\ai_dataset\forestry_dataset_splitted\test\bamboo_forest\bamboo_19.jpg
bamboo_190.webp,bamboo_forest,test,C:\Users\USER\Desktop\ai_dataset\forestry_dataset_splitted\test\bamboo_forest\bamboo_190.webp
bamboo_191.webp,bamboo_forest,test,C:\Users\USER\Desktop\ai_dataset\forestry_dataset_splitted\test\bamboo_forest\bamboo_191.webp
bamboo_192.webp,bamboo_forest,test,C:\Users\USER\Desktop\ai_dataset\forestry_dataset_splitted\test\bamboo_forest\bamboo_192.webp
bamboo_193.jpg,bamboo_forest,test,C:\Users\USER\Desktop\ai_dataset\forestry_dataset_splitted\test\bamboo_forest\bamboo_193.jpg
bamboo_194.webp,bamboo_forest,test,C:\Users\USER\Desktop\ai_dataset\forestry_dataset_splitted\test\bamboo_forest\bamboo_194.webp
bamboo_195.webp,bamboo_forest,test,C:\Users\USER\Desktop\ai_dataset\forestry_dataset_splitted\test\bamboo_forest\bamboo_195.webp
bamboo_196.webp,bamboo_forest,test,C:\Users\USER\Desktop\ai_dataset\forestry_dataset_splitted\test\bamboo_forest\bamboo_196.webp
bamboo_197.webp,bamboo_forest,test,C:\Users\USER\Desktop\ai_dataset\forestry_dataset_splitted\test\bamboo_forest\bamboo_197.webp
bamboo_198.webp,bamboo_forest,test,C:\Users\USER\Desktop\ai_dataset\forestry_dataset_splitted\test\bamboo_forest\bamboo_198.webp
bamboo_199.webp,bamboo_forest,test,C:\Users\USER\Desktop\ai_dataset\forestry_dataset_splitted\test\bamboo_forest\bamboo_199.webp
bamboo_2.jpg,bamboo_forest,test,C:\Users\USER\Desktop\ai_dataset\forestry_dataset_splitted\test\bamboo_forest\bamboo_2.jpg
bamboo_20.webp,bamboo_forest,test,C:\Users\USER\Desktop\ai_dataset\forestry_dataset_splitted\test\bamboo_forest\bamboo_20.webp
bamboo_200.webp,bamboo_forest,test,C:\Users\USER\Desktop\ai_dataset\forestry_dataset_splitted\test\bamboo_forest\bamboo_200.webp
bamboo_201.jpg,bamboo_forest,test,C:\Users\USER\Desktop\ai_dataset\forestry_dataset_splitted\test\bamboo_forest\bamboo_201.jpg
bamboo_202.webp,bamboo_forest,test,C:\Users\USER\Desktop\ai_dataset\forestry_dataset_splitted\test\bamboo_forest\bamboo_202.webp
bamboo_203.webp,bamboo_forest,test,C:\Users\USER\Desktop\ai_dataset\forestry_dataset_splitted\test\bamboo_forest\bamboo_203.webp
bamboo_204.webp,bamboo_forest,test,C:\Users\USER\Desktop\ai_dataset\forestry_dataset_splitted\test\bamboo_forest\bamboo_204.webp
bamboo_205.webp,bamboo_forest,test,C:\Users\USER\Desktop\ai_dataset\forestry_dataset_splitted\test\bamboo_forest\bamboo_205.webp
bamboo_206.jpg,bamboo_forest,test,C:\Users\USER\Desktop\ai_dataset\forestry_dataset_splitted\test\bamboo_forest\bamboo_206.jpg
bamboo_207.jpg,bamboo_forest,test,C:\Users\USER\Desktop\ai_dataset\forestry_dataset_splitted\test\bamboo_forest\bamboo_207.jpg
bamboo_208.jpg,bamboo_forest,test,C:\Users\USER\Desktop\ai_dataset\forestry_dataset_splitted\test\bamboo_forest\bamboo_208.jpg
bamboo_209.jpg,bamboo_forest,test,C:\Users\USER\Desktop\ai_dataset\forestry_dataset_splitted\test\bamboo_forest\bamboo_209.jpg
bamboo_21.jpg,bamboo_forest,test,C:\Users\USER\Desktop\ai_dataset\forestry_dataset_splitted\test\bamboo_forest\bamboo_21.jpg
bamboo_210.webp,bamboo_forest,test,C:\Users\USER\Desktop\ai_dataset\forestry_dataset_splitted\test\bamboo_forest\bamboo_210.webp
bamboo_211.webp,bamboo_forest,test,C:\Users\USER\Desktop\ai_dataset\forestry_dataset_splitted\test\bamboo_forest\bamboo_211.webp
bamboo_212.webp,bamboo_forest,test,C:\Users\USER\Desktop\ai_dataset\forestry_dataset_splitted\test\bamboo_forest\bamboo_212.webp
bamboo_213.webp,bamboo_forest,test,C:\Users\USER\Desktop\ai_dataset\forestry_dataset_splitted\test\bamboo_forest\bamboo_213.webp
bamboo_214.webp,bamboo_forest,test,C:\Users\USER\Desktop\ai_dataset\forestry_dataset_splitted\test\bamboo_forest\bamboo_214.webp
bamboo_215.webp,bamboo_forest,test,C:\Users\USER\Desktop\ai_dataset\forestry_dataset_splitted\test\bamboo_forest\bamboo_215.webp
bamboo_216.webp,bamboo_forest,test,C:\Users\USER\Desktop\ai_dataset\forestry_dataset_splitted\test\bamboo_forest\bamboo_216.webp
bamboo_217.webp,bamboo_forest,test,C:\Users\USER\Desktop\ai_dataset\forestry_dataset_splitted\test\bamboo_forest\bamboo_217.webp
bamboo_218.webp,bamboo_forest,test,C:\Users\USER\Desktop\ai_dataset\forestry_dataset_splitted\test\bamboo_forest\bamboo_218.webp
bamboo_219.webp,bamboo_forest,test,C:\Users\USER\Desktop\ai_dataset\forestry_dataset_splitted\test\bamboo_forest\bamboo_219.webp
bamboo_22.jpg,bamboo_forest,test,C:\Users\USER\Desktop\ai_dataset\forestry_dataset_splitted\test\bamboo_forest\bamboo_22.jpg
bamboo_220.webp,bamboo_forest,test,C:\Users\USER\Desktop\ai_dataset\forestry_dataset_splitted\test\bamboo_forest\bamboo_220.webp
bamboo_221.webp,bamboo_forest,test,C:\Users\USER\Desktop\ai_dataset\forestry_dataset_splitted\test\bamboo_forest\bamboo_221.webp
bamboo_222.webp,bamboo_forest,test,C:\Users\USER\Desktop\ai_dataset\forestry_dataset_splitted\test\bamboo_forest\bamboo_222.webp
bamboo_223.webp,bamboo_forest,test,C:\Users\USER\Desktop\ai_dataset\forestry_dataset_splitted\test\bamboo_forest\bamboo_223.webp
bamboo_224.webp,bamboo_forest,test,C:\Users\USER\Desktop\ai_dataset\forestry_dataset_splitted\test\bamboo_forest\bamboo_224.webp
bamboo_225.jpg,bamboo_forest,test,C:\Users\USER\Desktop\ai_dataset\forestry_dataset_splitted\test\bamboo_forest\bamboo_225.jpg
bamboo_226.webp,bamboo_forest,test,C:\Users\USER\Desktop\ai_dataset\forestry_dataset_splitted\test\bamboo_forest\bamboo_226.webp
bamboo_227.jpg,bamboo_forest,test,C:\Users\USER\Desktop\ai_dataset\forestry_dataset_splitted\test\bamboo_forest\bamboo_227.jpg
bamboo_228.webp,bamboo_forest,test,C:\Users\USER\Desktop\ai_dataset\forestry_dataset_splitted\test\bamboo_forest\bamboo_228.webp
bamboo_229.webp,bamboo_forest,test,C:\Users\USER\Desktop\ai_dataset\forestry_dataset_splitted\test\bamboo_forest\bamboo_229.webp
bamboo_23.jpg,bamboo_forest,test,C:\Users\USER\Desktop\ai_dataset\forestry_dataset_splitted\test\bamboo_forest\bamboo_23.jpg
bamboo_230.webp,bamboo_forest,test,C:\Users\USER\Desktop\ai_dataset\forestry_dataset_splitted\test\bamboo_forest\bamboo_230.webp
bamboo_231.webp,bamboo_forest,test,C:\Users\USER\Desktop\ai_dataset\forestry_dataset_splitted\test\bamboo_forest\bamboo_231.webp
bamboo_232.webp,bamboo_forest,test,C:\Users\USER\Desktop\ai_dataset\forestry_dataset_splitted\test\bamboo_forest\bamboo_232.webp
bamboo_233.jpg,bamboo_forest,test,C:\Users\USER\Desktop\ai_dataset\forestry_dataset_splitted\test\bamboo_forest\bamboo_233.jpg
bamboo_234.jpg,bamboo_forest,test,C:\Users\USER\Desktop\ai_dataset\forestry_dataset_splitted\test\bamboo_forest\bamboo_234.jpg
bamboo_235.jpg,bamboo_forest,test,C:\Users\USER\Desktop\ai_dataset\forestry_dataset_splitted\test\bamboo_forest\bamboo_235.jpg
bamboo_236.webp,bamboo_forest,test,C:\Users\USER\Desktop\ai_dataset\forestry_dataset_splitted\test\bamboo_forest\bamboo_236.webp
bamboo_237.jpg,bamboo_forest,test,C:\Users\USER\Desktop\ai_dataset\forestry_dataset_splitted\test\bamboo_forest\bamboo_237.jpg
bamboo_238.webp,bamboo_forest,test,C:\Users\USER\Desktop\ai_dataset\forestry_dataset_splitted\test\bamboo_forest\bamboo_238.webp
bamboo_239.webp,bamboo_forest,test,C:\Users\USER\Desktop\ai_dataset\forestry_dataset_splitted\test\bamboo_forest\bamboo_239.webp
bamboo_24.jpg,bamboo_forest,test,C:\Users\USER\Desktop\ai_dataset\forestry_dataset_splitted\test\bamboo_forest\bamboo_24.jpg
bamboo_240.jpg,bamboo_forest,test,C:\Users\USER\Desktop\ai_dataset\forestry_dataset_splitted\test\bamboo_forest\bamboo_240.jpg
bamboo_241.webp,bamboo_forest,test,C:\Users\USER\Desktop\ai_dataset\forestry_dataset_splitted\test\bamboo_forest\bamboo_241.webp
bamboo_242.jpg,bamboo_forest,test,C:\Users\USER\Desktop\ai_dataset\forestry_dataset_splitted\test\bamboo_forest\bamboo_242.jpg
bamboo_243.jpg,bamboo_forest,test,C:\Users\USER\Desktop\ai_dataset\forestry_dataset_splitted\test\bamboo_forest\bamboo_243.jpg
bamboo_244.webp,bamboo_forest,test,C:\Users\USER\Desktop\ai_dataset\forestry_dataset_splitted\test\bamboo_forest\bamboo_244.webp
bamboo_245.jpg,bamboo_forest,test,C:\Users\USER\Desktop\ai_dataset\forestry_dataset_splitted\test\bamboo_forest\bamboo_245.jpg
bamboo_246.webp,bamboo_forest,test,C:\Users\USER\Desktop\ai_dataset\forestry_dataset_splitted\test\bamboo_forest\bamboo_246.webp
bamboo_247.webp,bamboo_forest,test,C:\Users\USER\Desktop\ai_dataset\forestry_dataset_splitted\test\bamboo_forest\bamboo_247.webp
bamboo_248.webp,bamboo_forest,test,C:\Users\USER\Desktop\ai_dataset\forestry_dataset_splitted\test\bamboo_forest\bamboo_248.webp
bamboo_249.webp,bamboo_forest,test,C:\Users\USER\Desktop\ai_dataset\forestry_dataset_splitted\test\bamboo_forest\bamboo_249.webp
bamboo_25.jpg,bamboo_forest,test,C:\Users\USER\Desktop\ai_dataset\forestry_dataset_splitted\test\bamboo_forest\bamboo_25.jpg
bamboo_250.webp,bamboo_forest,test,C:\Users\USER\Desktop\ai_dataset\forestry_dataset_splitted\test\bamboo_forest\bamboo_250.webp
bamboo_251.webp,bamboo_forest,test,C:\Users\USER\Desktop\ai_dataset\forestry_dataset_splitted\test\bamboo_forest\bamboo_251.webp
bamboo_252.webp,bamboo_forest,test,C:\Users\USER\Desktop\ai_dataset\forestry_dataset_splitted\test\bamboo_forest\bamboo_252.webp
bamboo_253.webp,bamboo_forest,test,C:\Users\USER\Desktop\ai_dataset\forestry_dataset_splitted\test\bamboo_forest\bamboo_253.webp
bamboo_254.jpg,bamboo_forest,test,C:\Users\USER\Desktop\ai_dataset\forestry_dataset_splitted\test\bamboo_forest\bamboo_254.jpg
bamboo_255.jpg,bamboo_forest,test,C:\Users\USER\Desktop\ai_dataset\forestry_dataset_splitted\test\bamboo_forest\bamboo_255.jpg
bamboo_256.jpg,bamboo_forest,test,C:\Users\USER\Desktop\ai_dataset\forestry_dataset_splitted\test\bamboo_forest\bamboo_256.jpg
bamboo_257.jpg,bamboo_forest,test,C:\Users\USER\Desktop\ai_dataset\forestry_dataset_splitted\test\bamboo_forest\bamboo_257.jpg
bamboo_258.webp,bamboo_forest,test,C:\Users\USER\Desktop\ai_dataset\forestry_dataset_splitted\test\bamboo_forest\bamboo_258.webp
bamboo_259.webp,bamboo_forest,test,C:\Users\USER\Desktop\ai_dataset\forestry_dataset_splitted\test\bamboo_forest\bamboo_259.webp
bamboo_26.jpg,bamboo_forest,test,C:\Users\USER\Desktop\ai_dataset\forestry_dataset_splitted\test\bamboo_forest\bamboo_26.jpg
bamboo_260.jpg,bamboo_forest,test,C:\Users\USER\Desktop\ai_dataset\forestry_dataset_splitted\test\bamboo_forest\bamboo_260.jpg
bamboo_261.webp,bamboo_forest,test,C:\Users\USER\Desktop\ai_dataset\forestry_dataset_splitted\test\bamboo_forest\bamboo_261.webp
bamboo_262.webp,bamboo_forest,test,C:\Users\USER\Desktop\ai_dataset\forestry_dataset_splitted\test\bamboo_forest\bamboo_262.webp
bamboo_263.jpg,bamboo_forest,test,C:\Users\USER\Desktop\ai_dataset\forestry_dataset_splitted\test\bamboo_forest\bamboo_263.jpg
bamboo_264.jpg,bamboo_forest,test,C:\Users\USER\Desktop\ai_dataset\forestry_dataset_splitted\test\bamboo_forest\bamboo_264.jpg
bamboo_265.jpg,bamboo_forest,test,C:\Users\USER\Desktop\ai_dataset\forestry_dataset_splitted\test\bamboo_forest\bamboo_265.jpg
bamboo_266.jpg,bamboo_forest,test,C:\Users\USER\Desktop\ai_dataset\forestry_dataset_splitted\test\bamboo_forest\bamboo_266.jpg
bamboo_267.webp,bamboo_forest,test,C:\Users\USER\Desktop\ai_dataset\forestry_dataset_splitted\test\bamboo_forest\bamboo_267.webp
bamboo_268.jpg,bamboo_forest,test,C:\Users\USER\Desktop\ai_dataset\forestry_dataset_splitted\test\bamboo_forest\bamboo_268.jpg
bamboo_269.jpg,bamboo_forest,test,C:\Users\USER\Desktop\ai_dataset\forestry_dataset_splitted\test\bamboo_forest\bamboo_269.jpg
bamboo_27.jpg,bamboo_forest,test,C:\Users\USER\Desktop\ai_dataset\forestry_dataset_splitted\test\bamboo_forest\bamboo_27.jpg
bamboo_270.jpg,bamboo_forest,test,C:\Users\USER\Desktop\ai_dataset\forestry_dataset_splitted\test\bamboo_forest\bamboo_270.jpg
bamboo_271.webp,bamboo_forest,test,C:\Users\USER\Desktop\ai_dataset\forestry_dataset_splitted\test\bamboo_forest\bamboo_271.webp
bamboo_272.webp,bamboo_forest,test,C:\Users\USER\Desktop\ai_dataset\forestry_dataset_splitted\test\bamboo_forest\bamboo_272.webp
bamboo_273.webp,bamboo_forest,test,C:\Users\USER\Desktop\ai_dataset\forestry_dataset_splitted\test\bamboo_forest\bamboo_273.webp
bamboo_274.webp,bamboo_forest,test,C:\Users\USER\Desktop\ai_dataset\forestry_dataset_splitted\test\bamboo_forest\bamboo_274.webp
bamboo_275.jpg,bamboo_forest,test,C:\Users\USER\Desktop\ai_dataset\forestry_dataset_splitted\test\bamboo_forest\bamboo_275.jpg
bamboo_276.webp,bamboo_forest,test,C:\Users\USER\Desktop\ai_dataset\forestry_dataset_splitted\test\bamboo_forest\bamboo_276.webp
bamboo_28.webp,bamboo_forest,test,C:\Users\USER\Desktop\ai_dataset\forestry_dataset_splitted\test\bamboo_forest\bamboo_28.webp
bamboo_29.jpg,bamboo_forest,test,C:\Users\USER\Desktop\ai_dataset\forestry_dataset_splitted\test\bamboo_forest\bamboo_29.jpg
bamboo_3.jpg,bamboo_forest,test,C:\Users\USER\Desktop\ai_dataset\forestry_dataset_splitted\test\bamboo_forest\bamboo_3.jpg
bamboo_30.jpg,bamboo_forest,test,C:\Users\USER\Desktop\ai_dataset\forestry_dataset_splitted\test\bamboo_forest\bamboo_30.jpg
bamboo_31.jpg,bamboo_forest,test,C:\Users\USER\Desktop\ai_dataset\forestry_dataset_splitted\test\bamboo_forest\bamboo_31.jpg
bamboo_32.jpg,bamboo_forest,test,C:\Users\USER\Desktop\ai_dataset\forestry_dataset_splitted\test\bamboo_forest\bamboo_32.jpg
bamboo_33.jpg,bamboo_forest,test,C:\Users\USER\Desktop\ai_dataset\forestry_dataset_splitted\test\bamboo_forest\bamboo_33.jpg
bamboo_34.jpg,bamboo_forest,test,C:\Users\USER\Desktop\ai_dataset\forestry_dataset_splitted\test\bamboo_forest\bamboo_34.jpg
bamboo_35.jpg,bamboo_forest,test,C:\Users\USER\Desktop\ai_dataset\forestry_dataset_splitted\test\bamboo_forest\bamboo_35.jpg
bamboo_36.jpg,bamboo_forest,test,C:\Users\USER\Desktop\ai_dataset\forestry_dataset_splitted\test\bamboo_forest\bamboo_36.jpg
bamboo_37.jpg,bamboo_forest,test,C:\Users\USER\Desktop\ai_dataset\forestry_dataset_splitted\test\bamboo_forest\bamboo_37.jpg
bamboo_38.jpg,bamboo_forest,test,C:\Users\USER\Desktop\ai_dataset\forestry_dataset_splitted\test\bamboo_forest\bamboo_38.jpg
bamboo_39.jpg,bamboo_forest,test,C:\Users\USER\Desktop\ai_dataset\forestry_dataset_splitted\test\bamboo_forest\bamboo_39.jpg
bamboo_4.webp,bamboo_forest,test,C:\Users\USER\Desktop\ai_dataset\forestry_dataset_splitted\test\bamboo_forest\bamboo_4.webp
bamboo_40.png,bamboo_forest,test,C:\Users\USER\Desktop\ai_dataset\forestry_dataset_splitted\test\bamboo_forest\bamboo_40.png
bamboo_41.webp,bamboo_forest,test,C:\Users\USER\Desktop\ai_dataset\forestry_dataset_splitted\test\bamboo_forest\bamboo_41.webp
bamboo_42.jpg,bamboo_forest,test,C:\Users\USER\Desktop\ai_dataset\forestry_dataset_splitted\test\bamboo_forest\bamboo_42.jpg
bamboo_43.jpg,bamboo_forest,test,C:\Users\USER\Desktop\ai_dataset\forestry_dataset_splitted\test\bamboo_forest\bamboo_43.jpg
bamboo_44.jpg,bamboo_forest,test,C:\Users\USER\Desktop\ai_dataset\forestry_dataset_splitted\test\bamboo_forest\bamboo_44.jpg
bamboo_45.webp,bamboo_forest,test,C:\Users\USER\Desktop\ai_dataset\forestry_dataset_splitted\test\bamboo_forest\bamboo_45.webp
bamboo_46.jpg,bamboo_forest,test,C:\Users\USER\Desktop\ai_dataset\forestry_dataset_splitted\test\bamboo_forest\bamboo_46.jpg
bamboo_47.jpg,bamboo_forest,test,C:\Users\USER\Desktop\ai_dataset\forestry_dataset_splitted\test\bamboo_forest\bamboo_47.jpg
bamboo_48.jpg,bamboo_forest,test,C:\Users\USER\Desktop\ai_dataset\forestry_dataset_splitted\test\bamboo_forest\bamboo_48.jpg
bamboo_49.jpg,bamboo_forest,test,C:\Users\USER\Desktop\ai_dataset\forestry_dataset_splitted\test\bamboo_forest\bamboo_49.jpg
bamboo_5.webp,bamboo_forest,test,C:\Users\USER\Desktop\ai_dataset\forestry_dataset_splitted\test\bamboo_forest\bamboo_5.webp
bamboo_50.jpg,bamboo_forest,test,C:\Users\USER\Desktop\ai_dataset\forestry_dataset_splitted\test\bamboo_forest\bamboo_50.jpg
bamboo_51.jpg,bamboo_forest,test,C:\Users\USER\Desktop\ai_dataset\forestry_dataset_splitted\test\bamboo_forest\bamboo_51.jpg
bamboo_52.webp,bamboo_forest,test,C:\Users\USER\Desktop\ai_dataset\forestry_dataset_splitted\test\bamboo_forest\bamboo_52.webp
bamboo_53.jpg,bamboo_forest,test,C:\Users\USER\Desktop\ai_dataset\forestry_dataset_splitted\test\bamboo_forest\bamboo_53.jpg
bamboo_54.jpg,bamboo_forest,test,C:\Users\USER\Desktop\ai_dataset\forestry_dataset_splitted\test\bamboo_forest\bamboo_54.jpg
bamboo_55.jpg,bamboo_forest,test,C:\Users\USER\Desktop\ai_dataset\forestry_dataset_splitted\test\bamboo_forest\bamboo_55.jpg
bamboo_56.jpg,bamboo_forest,test,C:\Users\USER\Desktop\ai_dataset\forestry_dataset_splitted\test\bamboo_forest\bamboo_56.jpg
bamboo_57.jpg,bamboo_forest,test,C:\Users\USER\Desktop\ai_dataset\forestry_dataset_splitted\test\bamboo_forest\bamboo_57.jpg
bamboo_58.jpg,bamboo_forest,test,C:\Users\USER\Desktop\ai_dataset\forestry_dataset_splitted\test\bamboo_forest\bamboo_58.jpg
bamboo_59.jpg,bamboo_forest,test,C:\Users\USER\Desktop\ai_dataset\forestry_dataset_splitted\test\bamboo_forest\bamboo_59.jpg
bamboo_6.webp,bamboo_forest,test,C:\Users\USER\Desktop\ai_dataset\forestry_dataset_splitted\test\bamboo_forest\bamboo_6.webp
bamboo_60.jpg,bamboo_forest,test,C:\Users\USER\Desktop\ai_dataset\forestry_dataset_splitted\test\bamboo_forest\bamboo_60.jpg
bamboo_61.webp,bamboo_forest,test,C:\Users\USER\Desktop\ai_dataset\forestry_dataset_splitted\test\bamboo_forest\bamboo_61.webp
bamboo_62.jpg,bamboo_forest,test,C:\Users\USER\Desktop\ai_dataset\forestry_dataset_splitted\test\bamboo_forest\bamboo_62.jpg
bamboo_63.webp,bamboo_forest,test,C:\Users\USER\Desktop\ai_dataset\forestry_dataset_splitted\test\bamboo_forest\bamboo_63.webp
bamboo_64.jpg,bamboo_forest,test,C:\Users\USER\Desktop\ai_dataset\forestry_dataset_splitted\test\bamboo_forest\bamboo_64.jpg
bamboo_65.jpg,bamboo_forest,test,C:\Users\USER\Desktop\ai_dataset\forestry_dataset_splitted\test\bamboo_forest\bamboo_65.jpg
bamboo_66.jpg,bamboo_forest,test,C:\Users\USER\Desktop\ai_dataset\forestry_dataset_splitted\test\bamboo_forest\bamboo_66.jpg
bamboo_67.jpg,bamboo_forest,test,C:\Users\USER\Desktop\ai_dataset\forestry_dataset_splitted\test\bamboo_forest\bamboo_67.jpg
bamboo_68.webp,bamboo_forest,test,C:\Users\USER\Desktop\ai_dataset\forestry_dataset_splitted\test\bamboo_forest\bamboo_68.webp
bamboo_69.jpg,bamboo_forest,test,C:\Users\USER\Desktop\ai_dataset\forestry_dataset_splitted\test\bamboo_forest\bamboo_69.jpg
bamboo_7.jpg,bamboo_forest,test,C:\Users\USER\Desktop\ai_dataset\forestry_dataset_splitted\test\bamboo_forest\bamboo_7.jpg
bamboo_70.jpg,bamboo_forest,test,C:\Users\USER\Desktop\ai_dataset\forestry_dataset_splitted\test\bamboo_forest\bamboo_70.jpg
bamboo_71.jpg,bamboo_forest,test,C:\Users\USER\Desktop\ai_dataset\forestry_dataset_splitted\test\bamboo_forest\bamboo_71.jpg
bamboo_72.jpg,bamboo_forest,test,C:\Users\USER\Desktop\ai_dataset\forestry_dataset_splitted\test\bamboo_forest\bamboo_72.jpg
bamboo_73.webp,bamboo_forest,test,C:\Users\USER\Desktop\ai_dataset\forestry_dataset_splitted\test\bamboo_forest\bamboo_73.webp
bamboo_74.webp,bamboo_forest,test,C:\Users\USER\Desktop\ai_dataset\forestry_dataset_splitted\test\bamboo_forest\bamboo_74.webp
bamboo_75.jpg,bamboo_forest,test,C:\Users\USER\Desktop\ai_dataset\forestry_dataset_splitted\test\bamboo_forest\bamboo_75.jpg
bamboo_76.jpg,bamboo_forest,test,C:\Users\USER\Desktop\ai_dataset\forestry_dataset_splitted\test\bamboo_forest\bamboo_76.jpg
bamboo_77.jpg,bamboo_forest,test,C:\Users\USER\Desktop\ai_dataset\forestry_dataset_splitted\test\bamboo_forest\bamboo_77.jpg
bamboo_78.jpg,bamboo_forest,test,C:\Users\USER\Desktop\ai_dataset\forestry_dataset_splitted\test\bamboo_forest\bamboo_78.jpg
bamboo_79.jpg,bamboo_forest,test,C:\Users\USER\Desktop\ai_dataset\forestry_dataset_splitted\test\bamboo_forest\bamboo_79.jpg
bamboo_8.jpg,bamboo_forest,test,C:\Users\USER\Desktop\ai_dataset\forestry_dataset_splitted\test\bamboo_forest\bamboo_8.jpg
bamboo_80.jpg,bamboo_forest,test,C:\Users\USER\Desktop\ai_dataset\forestry_dataset_splitted\test\bamboo_forest\bamboo_80.jpg
bamboo_81.png,bamboo_forest,test,C:\Users\USER\Desktop\ai_dataset\forestry_dataset_splitted\test\bamboo_forest\bamboo_81.png
bamboo_82.webp,bamboo_forest,test,C:\Users\USER\Desktop\ai_dataset\forestry_dataset_splitted\test\bamboo_forest\bamboo_82.webp
bamboo_83.jpg,bamboo_forest,test,C:\Users\USER\Desktop\ai_dataset\forestry_dataset_splitted\test\bamboo_forest\bamboo_83.jpg
bamboo_84.jpg,bamboo_forest,test,C:\Users\USER\Desktop\ai_dataset\forestry_dataset_splitted\test\bamboo_forest\bamboo_84.jpg
bamboo_85.jpg,bamboo_forest,test,C:\Users\USER\Desktop\ai_dataset\forestry_dataset_splitted\test\bamboo_forest\bamboo_85.jpg
bamboo_86.jpg,bamboo_forest,test,C:\Users\USER\Desktop\ai_dataset\forestry_dataset_splitted\test\bamboo_forest\bamboo_86.jpg
bamboo_87.jpg,bamboo_forest,test,C:\Users\USER\Desktop\ai_dataset\forestry_dataset_splitted\test\bamboo_forest\bamboo_87.jpg
bamboo_88.jpg,bamboo_forest,test,C:\Users\USER\Desktop\ai_dataset\forestry_dataset_splitted\test\bamboo_forest\bamboo_88.jpg
bamboo_89.jpg,bamboo_forest,test,C:\Users\USER\Desktop\ai_dataset\forestry_dataset_splitted\test\bamboo_forest\bamboo_89.jpg
bamboo_9.webp,bamboo_forest,test,C:\Users\USER\Desktop\ai_dataset\forestry_dataset_splitted\test\bamboo_forest\bamboo_9.webp
bamboo_90.jpg,bamboo_forest,test,C:\Users\USER\Desktop\ai_dataset\forestry_dataset_splitted\test\bamboo_forest\bamboo_90.jpg
bamboo_91.jpg,bamboo_forest,test,C:\Users\USER\Desktop\ai_dataset\forestry_dataset_splitted\test\bamboo_forest\bamboo_91.jpg
bamboo_92.jpg,bamboo_forest,test,C:\Users\USER\Desktop\ai_dataset\forestry_dataset_splitted\test\bamboo_forest\bamboo_92.jpg
bamboo_93.jpg,bamboo_forest,test,C:\Users\USER\Desktop\ai_dataset\forestry_dataset_splitted\test\bamboo_forest\bamboo_93.jpg
bamboo_94.webp,bamboo_forest,test,C:\Users\USER\Desktop\ai_dataset\forestry_dataset_splitted\test\bamboo_forest\bamboo_94.webp
bamboo_95.jpg,bamboo_forest,test,C:\Users\USER\Desktop\ai_dataset\forestry_dataset_splitted\test\bamboo_forest\bamboo_95.jpg
bamboo_96.jpg,bamboo_forest,test,C:\Users\USER\Desktop\ai_dataset\forestry_dataset_splitted\test\bamboo_forest\bamboo_96.jpg
bamboo_97.jpg,bamboo_forest,test,C:\Users\USER\Desktop\ai_dataset\forestry_dataset_splitted\test\bamboo_forest\bamboo_97.jpg
bamboo_98.jpg,bamboo_forest,test,C:\Users\USER\Desktop\ai_dataset\forestry_dataset_splitted\test\bamboo_forest\bamboo_98.jpg
bamboo_99.jpg,bamboo_forest,test,C:\Users\USER\Desktop\ai_dataset\forestry_dataset_splitted\test\bamboo_forest\bamboo_99.jpg
coniferous_1.webp,coniferous_pine_forest,test,C:\Users\USER\Desktop\ai_dataset\forestry_dataset_splitted\test\coniferous_pine_forest\coniferous_1.webp
coniferous_10.jpg,coniferous_pine_forest,test,C:\Users\USER\Desktop\ai_dataset\forestry_dataset_splitted\test\coniferous_pine_forest\coniferous_10.jpg
coniferous_100.webp,coniferous_pine_forest,test,C:\Users\USER\Desktop\ai_dataset\forestry_dataset_splitted\test\coniferous_pine_forest\coniferous_100.webp
coniferous_101.webp,coniferous_pine_forest,test,C:\Users\USER\Desktop\ai_dataset\forestry_dataset_splitted\test\coniferous_pine_forest\coniferous_101.webp
coniferous_102.png,coniferous_pine_forest,test,C:\Users\USER\Desktop\ai_dataset\forestry_dataset_splitted\test\coniferous_pine_forest\coniferous_102.png
coniferous_103.jpg,coniferous_pine_forest,test,C:\Users\USER\Desktop\ai_dataset\forestry_dataset_splitted\test\coniferous_pine_forest\coniferous_103.jpg
coniferous_104.webp,coniferous_pine_forest,test,C:\Users\USER\Desktop\ai_dataset\forestry_dataset_splitted\test\coniferous_pine_forest\coniferous_104.webp
coniferous_105.jpg,coniferous_pine_forest,test,C:\Users\USER\Desktop\ai_dataset\forestry_dataset_splitted\test\coniferous_pine_forest\coniferous_105.jpg
coniferous_106.webp,coniferous_pine_forest,test,C:\Users\USER\Desktop\ai_dataset\forestry_dataset_splitted\test\coniferous_pine_forest\coniferous_106.webp
coniferous_107.webp,coniferous_pine_forest,test,C:\Users\USER\Desktop\ai_dataset\forestry_dataset_splitted\test\coniferous_pine_forest\coniferous_107.webp
coniferous_108.jpg,coniferous_pine_forest,test,C:\Users\USER\Desktop\ai_dataset\forestry_dataset_splitted\test\coniferous_pine_forest\coniferous_108.jpg
coniferous_109.webp,coniferous_pine_forest,test,C:\Users\USER\Desktop\ai_dataset\forestry_dataset_splitted\test\coniferous_pine_forest\coniferous_109.webp
coniferous_11.jpg,coniferous_pine_forest,test,C:\Users\USER\Desktop\ai_dataset\forestry_dataset_splitted\test\coniferous_pine_forest\coniferous_11.jpg
coniferous_110.webp,coniferous_pine_forest,test,C:\Users\USER\Desktop\ai_dataset\forestry_dataset_splitted\test\coniferous_pine_forest\coniferous_110.webp
coniferous_111.webp,coniferous_pine_forest,test,C:\Users\USER\Desktop\ai_dataset\forestry_dataset_splitted\test\coniferous_pine_forest\coniferous_111.webp
coniferous_112.webp,coniferous_pine_forest,test,C:\Users\USER\Desktop\ai_dataset\forestry_dataset_splitted\test\coniferous_pine_forest\coniferous_112.webp
coniferous_113.webp,coniferous_pine_forest,test,C:\Users\USER\Desktop\ai_dataset\forestry_dataset_splitted\test\coniferous_pine_forest\coniferous_113.webp
coniferous_114.webp,coniferous_pine_forest,test,C:\Users\USER\Desktop\ai_dataset\forestry_dataset_splitted\test\coniferous_pine_forest\coniferous_114.webp
coniferous_115.webp,coniferous_pine_forest,test,C:\Users\USER\Desktop\ai_dataset\forestry_dataset_splitted\test\coniferous_pine_forest\coniferous_115.webp
coniferous_116.webp,coniferous_pine_forest,test,C:\Users\USER\Desktop\ai_dataset\forestry_dataset_splitted\test\coniferous_pine_forest\coniferous_116.webp
coniferous_117.jpg,coniferous_pine_forest,test,C:\Users\USER\Desktop\ai_dataset\forestry_dataset_splitted\test\coniferous_pine_forest\coniferous_117.jpg
coniferous_118.webp,coniferous_pine_forest,test,C:\Users\USER\Desktop\ai_dataset\forestry_dataset_splitted\test\coniferous_pine_forest\coniferous_118.webp
coniferous_119.jpg,coniferous_pine_forest,test,C:\Users\USER\Desktop\ai_dataset\forestry_dataset_splitted\test\coniferous_pine_forest\coniferous_119.jpg
coniferous_12.jpg,coniferous_pine_forest,test,C:\Users\USER\Desktop\ai_dataset\forestry_dataset_splitted\test\coniferous_pine_forest\coniferous_12.jpg
coniferous_120.webp,coniferous_pine_forest,test,C:\Users\USER\Desktop\ai_dataset\forestry_dataset_splitted\test\coniferous_pine_forest\coniferous_120.webp
coniferous_121.webp,coniferous_pine_forest,test,C:\Users\USER\Desktop\ai_dataset\forestry_dataset_splitted\test\coniferous_pine_forest\coniferous_121.webp
coniferous_122.webp,coniferous_pine_forest,test,C:\Users\USER\Desktop\ai_dataset\forestry_dataset_splitted\test\coniferous_pine_forest\coniferous_122.webp
coniferous_123.webp,coniferous_pine_forest,test,C:\Users\USER\Desktop\ai_dataset\forestry_dataset_splitted\test\coniferous_pine_forest\coniferous_123.webp
coniferous_124.jpg,coniferous_pine_forest,test,C:\Users\USER\Desktop\ai_dataset\forestry_dataset_splitted\test\coniferous_pine_forest\coniferous_124.jpg
coniferous_125.webp,coniferous_pine_forest,test,C:\Users\USER\Desktop\ai_dataset\forestry_dataset_splitted\test\coniferous_pine_forest\coniferous_125.webp
coniferous_126.webp,coniferous_pine_forest,test,C:\Users\USER\Desktop\ai_dataset\forestry_dataset_splitted\test\coniferous_pine_forest\coniferous_126.webp
coniferous_127.webp,coniferous_pine_forest,test,C:\Users\USER\Desktop\ai_dataset\forestry_dataset_splitted\test\coniferous_pine_forest\coniferous_127.webp
coniferous_128.webp,coniferous_pine_forest,test,C:\Users\USER\Desktop\ai_dataset\forestry_dataset_splitted\test\coniferous_pine_forest\coniferous_128.webp
coniferous_129.webp,coniferous_pine_forest,test,C:\Users\USER\Desktop\ai_dataset\forestry_dataset_splitted\test\coniferous_pine_forest\coniferous_129.webp
coniferous_13.jpg,coniferous_pine_forest,test,C:\Users\USER\Desktop\ai_dataset\forestry_dataset_splitted\test\coniferous_pine_forest\coniferous_13.jpg
coniferous_130.webp,coniferous_pine_forest,test,C:\Users\USER\Desktop\ai_dataset\forestry_dataset_splitted\test\coniferous_pine_forest\coniferous_130.webp
coniferous_131.jpg,coniferous_pine_forest,test,C:\Users\USER\Desktop\ai_dataset\forestry_dataset_splitted\test\coniferous_pine_forest\coniferous_131.jpg
coniferous_132.webp,coniferous_pine_forest,test,C:\Users\USER\Desktop\ai_dataset\forestry_dataset_splitted\test\coniferous_pine_forest\coniferous_132.webp
coniferous_133.webp,coniferous_pine_forest,test,C:\Users\USER\Desktop\ai_dataset\forestry_dataset_splitted\test\coniferous_pine_forest\coniferous_133.webp
coniferous_134.webp,coniferous_pine_forest,test,C:\Users\USER\Desktop\ai_dataset\forestry_dataset_splitted\test\coniferous_pine_forest\coniferous_134.webp
coniferous_135.webp,coniferous_pine_forest,test,C:\Users\USER\Desktop\ai_dataset\forestry_dataset_splitted\test\coniferous_pine_forest\coniferous_135.webp
coniferous_136.jpg,coniferous_pine_forest,test,C:\Users\USER\Desktop\ai_dataset\forestry_dataset_splitted\test\coniferous_pine_forest\coniferous_136.jpg
coniferous_137.webp,coniferous_pine_forest,test,C:\Users\USER\Desktop\ai_dataset\forestry_dataset_splitted\test\coniferous_pine_forest\coniferous_137.webp
coniferous_138.webp,coniferous_pine_forest,test,C:\Users\USER\Desktop\ai_dataset\forestry_dataset_splitted\test\coniferous_pine_forest\coniferous_138.webp
coniferous_139.webp,coniferous_pine_forest,test,C:\Users\USER\Desktop\ai_dataset\forestry_dataset_splitted\test\coniferous_pine_forest\coniferous_139.webp
coniferous_14.jpg,coniferous_pine_forest,test,C:\Users\USER\Desktop\ai_dataset\forestry_dataset_splitted\test\coniferous_pine_forest\coniferous_14.jpg
coniferous_140.webp,coniferous_pine_forest,test,C:\Users\USER\Desktop\ai_dataset\forestry_dataset_splitted\test\coniferous_pine_forest\coniferous_140.webp
coniferous_141.jpg,coniferous_pine_forest,test,C:\Users\USER\Desktop\ai_dataset\forestry_dataset_splitted\test\coniferous_pine_forest\coniferous_141.jpg
coniferous_142.jpg,coniferous_pine_forest,test,C:\Users\USER\Desktop\ai_dataset\forestry_dataset_splitted\test\coniferous_pine_forest\coniferous_142.jpg
coniferous_143.jpg,coniferous_pine_forest,test,C:\Users\USER\Desktop\ai_dataset\forestry_dataset_splitted\test\coniferous_pine_forest\coniferous_143.jpg
coniferous_144.webp,coniferous_pine_forest,test,C:\Users\USER\Desktop\ai_dataset\forestry_dataset_splitted\test\coniferous_pine_forest\coniferous_144.webp
coniferous_145.webp,coniferous_pine_forest,test,C:\Users\USER\Desktop\ai_dataset\forestry_dataset_splitted\test\coniferous_pine_forest\coniferous_145.webp
coniferous_146.webp,coniferous_pine_forest,test,C:\Users\USER\Desktop\ai_dataset\forestry_dataset_splitted\test\coniferous_pine_forest\coniferous_146.webp
coniferous_147.webp,coniferous_pine_forest,test,C:\Users\USER\Desktop\ai_dataset\forestry_dataset_splitted\test\coniferous_pine_forest\coniferous_147.webp
coniferous_148.webp,coniferous_pine_forest,test,C:\Users\USER\Desktop\ai_dataset\forestry_dataset_splitted\test\coniferous_pine_forest\coniferous_148.webp
coniferous_149.webp,coniferous_pine_forest,test,C:\Users\USER\Desktop\ai_dataset\forestry_dataset_splitted\test\coniferous_pine_forest\coniferous_149.webp
coniferous_15.webp,coniferous_pine_forest,test,C:\Users\USER\Desktop\ai_dataset\forestry_dataset_splitted\test\coniferous_pine_forest\coniferous_15.webp
coniferous_150.webp,coniferous_pine_forest,test,C:\Users\USER\Desktop\ai_dataset\forestry_dataset_splitted\test\coniferous_pine_forest\coniferous_150.webp
coniferous_151.webp,coniferous_pine_forest,test,C:\Users\USER\Desktop\ai_dataset\forestry_dataset_splitted\test\coniferous_pine_forest\coniferous_151.webp
coniferous_152.webp,coniferous_pine_forest,test,C:\Users\USER\Desktop\ai_dataset\forestry_dataset_splitted\test\coniferous_pine_forest\coniferous_152.webp
coniferous_153.jpg,coniferous_pine_forest,test,C:\Users\USER\Desktop\ai_dataset\forestry_dataset_splitted\test\coniferous_pine_forest\coniferous_153.jpg
coniferous_154.jpg,coniferous_pine_forest,test,C:\Users\USER\Desktop\ai_dataset\forestry_dataset_splitted\test\coniferous_pine_forest\coniferous_154.jpg
coniferous_155.webp,coniferous_pine_forest,test,C:\Users\USER\Desktop\ai_dataset\forestry_dataset_splitted\test\coniferous_pine_forest\coniferous_155.webp
coniferous_156.jpg,coniferous_pine_forest,test,C:\Users\USER\Desktop\ai_dataset\forestry_dataset_splitted\test\coniferous_pine_forest\coniferous_156.jpg
coniferous_157.webp,coniferous_pine_forest,test,C:\Users\USER\Desktop\ai_dataset\forestry_dataset_splitted\test\coniferous_pine_forest\coniferous_157.webp
coniferous_158.webp,coniferous_pine_forest,test,C:\Users\USER\Desktop\ai_dataset\forestry_dataset_splitted\test\coniferous_pine_forest\coniferous_158.webp
coniferous_159.webp,coniferous_pine_forest,test,C:\Users\USER\Desktop\ai_dataset\forestry_dataset_splitted\test\coniferous_pine_forest\coniferous_159.webp
coniferous_16.webp,coniferous_pine_forest,test,C:\Users\USER\Desktop\ai_dataset\forestry_dataset_splitted\test\coniferous_pine_forest\coniferous_16.webp
coniferous_160.jpg,coniferous_pine_forest,test,C:\Users\USER\Desktop\ai_dataset\forestry_dataset_splitted\test\coniferous_pine_forest\coniferous_160.jpg
coniferous_161.webp,coniferous_pine_forest,test,C:\Users\USER\Desktop\ai_dataset\forestry_dataset_splitted\test\coniferous_pine_forest\coniferous_161.webp
coniferous_162.webp,coniferous_pine_forest,test,C:\Users\USER\Desktop\ai_dataset\forestry_dataset_splitted\test\coniferous_pine_forest\coniferous_162.webp
coniferous_163.jpg,coniferous_pine_forest,test,C:\Users\USER\Desktop\ai_dataset\forestry_dataset_splitted\test\coniferous_pine_forest\coniferous_163.jpg
coniferous_164.jpg,coniferous_pine_forest,test,C:\Users\USER\Desktop\ai_dataset\forestry_dataset_splitted\test\coniferous_pine_forest\coniferous_164.jpg
coniferous_165.webp,coniferous_pine_forest,test,C:\Users\USER\Desktop\ai_dataset\forestry_dataset_splitted\test\coniferous_pine_forest\coniferous_165.webp
coniferous_166.webp,coniferous_pine_forest,test,C:\Users\USER\Desktop\ai_dataset\forestry_dataset_splitted\test\coniferous_pine_forest\coniferous_166.webp
coniferous_167.jpg,coniferous_pine_forest,test,C:\Users\USER\Desktop\ai_dataset\forestry_dataset_splitted\test\coniferous_pine_forest\coniferous_167.jpg
coniferous_168.jpg,coniferous_pine_forest,test,C:\Users\USER\Desktop\ai_dataset\forestry_dataset_splitted\test\coniferous_pine_forest\coniferous_168.jpg
coniferous_169.jpg,coniferous_pine_forest,test,C:\Users\USER\Desktop\ai_dataset\forestry_dataset_splitted\test\coniferous_pine_forest\coniferous_169.jpg
coniferous_17.jpg,coniferous_pine_forest,test,C:\Users\USER\Desktop\ai_dataset\forestry_dataset_splitted\test\coniferous_pine_forest\coniferous_17.jpg
coniferous_170.jpg,coniferous_pine_forest,test,C:\Users\USER\Desktop\ai_dataset\forestry_dataset_splitted\test\coniferous_pine_forest\coniferous_170.jpg
coniferous_171.webp,coniferous_pine_forest,test,C:\Users\USER\Desktop\ai_dataset\forestry_dataset_splitted\test\coniferous_pine_forest\coniferous_171.webp
coniferous_172.jpg,coniferous_pine_forest,test,C:\Users\USER\Desktop\ai_dataset\forestry_dataset_splitted\test\coniferous_pine_forest\coniferous_172.jpg
coniferous_173.jpg,coniferous_pine_forest,test,C:\Users\USER\Desktop\ai_dataset\forestry_dataset_splitted\test\coniferous_pine_forest\coniferous_173.jpg
coniferous_174.jpg,coniferous_pine_forest,test,C:\Users\USER\Desktop\ai_dataset\forestry_dataset_splitted\test\coniferous_pine_forest\coniferous_174.jpg
coniferous_175.jpg,coniferous_pine_forest,test,C:\Users\USER\Desktop\ai_dataset\forestry_dataset_splitted\test\coniferous_pine_forest\coniferous_175.jpg
coniferous_176.jpg,coniferous_pine_forest,test,C:\Users\USER\Desktop\ai_dataset\forestry_dataset_splitted\test\coniferous_pine_forest\coniferous_176.jpg
coniferous_177.jpg,coniferous_pine_forest,test,C:\Users\USER\Desktop\ai_dataset\forestry_dataset_splitted\test\coniferous_pine_forest\coniferous_177.jpg
coniferous_178.jpg,coniferous_pine_forest,test,C:\Users\USER\Desktop\ai_dataset\forestry_dataset_splitted\test\coniferous_pine_forest\coniferous_178.jpg
coniferous_179.jpg,coniferous_pine_forest,test,C:\Users\USER\Desktop\ai_dataset\forestry_dataset_splitted\test\coniferous_pine_forest\coniferous_179.jpg
coniferous_18.jpg,coniferous_pine_forest,test,C:\Users\USER\Desktop\ai_dataset\forestry_dataset_splitted\test\coniferous_pine_forest\coniferous_18.jpg
coniferous_180.jpg,coniferous_pine_forest,test,C:\Users\USER\Desktop\ai_dataset\forestry_dataset_splitted\test\coniferous_pine_forest\coniferous_180.jpg
coniferous_181.webp,coniferous_pine_forest,test,C:\Users\USER\Desktop\ai_dataset\forestry_dataset_splitted\test\coniferous_pine_forest\coniferous_181.webp
coniferous_182.jpg,coniferous_pine_forest,test,C:\Users\USER\Desktop\ai_dataset\forestry_dataset_splitted\test\coniferous_pine_forest\coniferous_182.jpg
coniferous_183.jpg,coniferous_pine_forest,test,C:\Users\USER\Desktop\ai_dataset\forestry_dataset_splitted\test\coniferous_pine_forest\coniferous_183.jpg
coniferous_184.jpg,coniferous_pine_forest,test,C:\Users\USER\Desktop\ai_dataset\forestry_dataset_splitted\test\coniferous_pine_forest\coniferous_184.jpg
coniferous_185.jpg,coniferous_pine_forest,test,C:\Users\USER\Desktop\ai_dataset\forestry_dataset_splitted\test\coniferous_pine_forest\coniferous_185.jpg
coniferous_186.webp,coniferous_pine_forest,test,C:\Users\USER\Desktop\ai_dataset\forestry_dataset_splitted\test\coniferous_pine_forest\coniferous_186.webp
coniferous_187.jpg,coniferous_pine_forest,test,C:\Users\USER\Desktop\ai_dataset\forestry_dataset_splitted\test\coniferous_pine_forest\coniferous_187.jpg
coniferous_188.jpg,coniferous_pine_forest,test,C:\Users\USER\Desktop\ai_dataset\forestry_dataset_splitted\test\coniferous_pine_forest\coniferous_188.jpg
coniferous_189.jpg,coniferous_pine_forest,test,C:\Users\USER\Desktop\ai_dataset\forestry_dataset_splitted\test\coniferous_pine_forest\coniferous_189.jpg
coniferous_19.jpg,coniferous_pine_forest,test,C:\Users\USER\Desktop\ai_dataset\forestry_dataset_splitted\test\coniferous_pine_forest\coniferous_19.jpg
coniferous_190.jpg,coniferous_pine_forest,test,C:\Users\USER\Desktop\ai_dataset\forestry_dataset_splitted\test\coniferous_pine_forest\coniferous_190.jpg
coniferous_191.jpg,coniferous_pine_forest,test,C:\Users\USER\Desktop\ai_dataset\forestry_dataset_splitted\test\coniferous_pine_forest\coniferous_191.jpg
coniferous_192.jpg,coniferous_pine_forest,test,C:\Users\USER\Desktop\ai_dataset\forestry_dataset_splitted\test\coniferous_pine_forest\coniferous_192.jpg
coniferous_193.jpg,coniferous_pine_forest,test,C:\Users\USER\Desktop\ai_dataset\forestry_dataset_splitted\test\coniferous_pine_forest\coniferous_193.jpg
coniferous_194.jpg,coniferous_pine_forest,test,C:\Users\USER\Desktop\ai_dataset\forestry_dataset_splitted\test\coniferous_pine_forest\coniferous_194.jpg
coniferous_195.jpg,coniferous_pine_forest,test,C:\Users\USER\Desktop\ai_dataset\forestry_dataset_splitted\test\coniferous_pine_forest\coniferous_195.jpg
coniferous_196.jpg,coniferous_pine_forest,test,C:\Users\USER\Desktop\ai_dataset\forestry_dataset_splitted\test\coniferous_pine_forest\coniferous_196.jpg
coniferous_197.jpg,coniferous_pine_forest,test,C:\Users\USER\Desktop\ai_dataset\forestry_dataset_splitted\test\coniferous_pine_forest\coniferous_197.jpg
coniferous_198.jpg,coniferous_pine_forest,test,C:\Users\USER\Desktop\ai_dataset\forestry_dataset_splitted\test\coniferous_pine_forest\coniferous_198.jpg
coniferous_199.jpg,coniferous_pine_forest,test,C:\Users\USER\Desktop\ai_dataset\forestry_dataset_splitted\test\coniferous_pine_forest\coniferous_199.jpg
coniferous_2.jpg,coniferous_pine_forest,test,C:\Users\USER\Desktop\ai_dataset\forestry_dataset_splitted\test\coniferous_pine_forest\coniferous_2.jpg
coniferous_20.jpg,coniferous_pine_forest,test,C:\Users\USER\Desktop\ai_dataset\forestry_dataset_splitted\test\coniferous_pine_forest\coniferous_20.jpg
coniferous_200.jpg,coniferous_pine_forest,test,C:\Users\USER\Desktop\ai_dataset\forestry_dataset_splitted\test\coniferous_pine_forest\coniferous_200.jpg
coniferous_201.jpg,coniferous_pine_forest,test,C:\Users\USER\Desktop\ai_dataset\forestry_dataset_splitted\test\coniferous_pine_forest\coniferous_201.jpg
coniferous_202.webp,coniferous_pine_forest,test,C:\Users\USER\Desktop\ai_dataset\forestry_dataset_splitted\test\coniferous_pine_forest\coniferous_202.webp
coniferous_203.jpg,coniferous_pine_forest,test,C:\Users\USER\Desktop\ai_dataset\forestry_dataset_splitted\test\coniferous_pine_forest\coniferous_203.jpg
coniferous_204.jpg,coniferous_pine_forest,test,C:\Users\USER\Desktop\ai_dataset\forestry_dataset_splitted\test\coniferous_pine_forest\coniferous_204.jpg
coniferous_205.jpg,coniferous_pine_forest,test,C:\Users\USER\Desktop\ai_dataset\forestry_dataset_splitted\test\coniferous_pine_forest\coniferous_205.jpg
coniferous_206.jpg,coniferous_pine_forest,test,C:\Users\USER\Desktop\ai_dataset\forestry_dataset_splitted\test\coniferous_pine_forest\coniferous_206.jpg
coniferous_207.jpg,coniferous_pine_forest,test,C:\Users\USER\Desktop\ai_dataset\forestry_dataset_splitted\test\coniferous_pine_forest\coniferous_207.jpg
coniferous_208.jpg,coniferous_pine_forest,test,C:\Users\USER\Desktop\ai_dataset\forestry_dataset_splitted\test\coniferous_pine_forest\coniferous_208.jpg
coniferous_209.webp,coniferous_pine_forest,test,C:\Users\USER\Desktop\ai_dataset\forestry_dataset_splitted\test\coniferous_pine_forest\coniferous_209.webp
coniferous_21.jpg,coniferous_pine_forest,test,C:\Users\USER\Desktop\ai_dataset\forestry_dataset_splitted\test\coniferous_pine_forest\coniferous_21.jpg
coniferous_210.jpg,coniferous_pine_forest,test,C:\Users\USER\Desktop\ai_dataset\forestry_dataset_splitted\test\coniferous_pine_forest\coniferous_210.jpg
coniferous_211.jpg,coniferous_pine_forest,test,C:\Users\USER\Desktop\ai_dataset\forestry_dataset_splitted\test\coniferous_pine_forest\coniferous_211.jpg
coniferous_212.jpg,coniferous_pine_forest,test,C:\Users\USER\Desktop\ai_dataset\forestry_dataset_splitted\test\coniferous_pine_forest\coniferous_212.jpg
coniferous_213.jpg,coniferous_pine_forest,test,C:\Users\USER\Desktop\ai_dataset\forestry_dataset_splitted\test\coniferous_pine_forest\coniferous_213.jpg
coniferous_214.jpg,coniferous_pine_forest,test,C:\Users\USER\Desktop\ai_dataset\forestry_dataset_splitted\test\coniferous_pine_forest\coniferous_214.jpg
coniferous_215.jpg,coniferous_pine_forest,test,C:\Users\USER\Desktop\ai_dataset\forestry_dataset_splitted\test\coniferous_pine_forest\coniferous_215.jpg
coniferous_216.jpg,coniferous_pine_forest,test,C:\Users\USER\Desktop\ai_dataset\forestry_dataset_splitted\test\coniferous_pine_forest\coniferous_216.jpg
coniferous_217.jpg,coniferous_pine_forest,test,C:\Users\USER\Desktop\ai_dataset\forestry_dataset_splitted\test\coniferous_pine_forest\coniferous_217.jpg
coniferous_218.jpg,coniferous_pine_forest,test,C:\Users\USER\Desktop\ai_dataset\forestry_dataset_splitted\test\coniferous_pine_forest\coniferous_218.jpg
coniferous_219.jpg,coniferous_pine_forest,test,C:\Users\USER\Desktop\ai_dataset\forestry_dataset_splitted\test\coniferous_pine_forest\coniferous_219.jpg
coniferous_22.jpg,coniferous_pine_forest,test,C:\Users\USER\Desktop\ai_dataset\forestry_dataset_splitted\test\coniferous_pine_forest\coniferous_22.jpg
coniferous_220.webp,coniferous_pine_forest,test,C:\Users\USER\Desktop\ai_dataset\forestry_dataset_splitted\test\coniferous_pine_forest\coniferous_220.webp
coniferous_221.jpg,coniferous_pine_forest,test,C:\Users\USER\Desktop\ai_dataset\forestry_dataset_splitted\test\coniferous_pine_forest\coniferous_221.jpg
coniferous_222.jpg,coniferous_pine_forest,test,C:\Users\USER\Desktop\ai_dataset\forestry_dataset_splitted\test\coniferous_pine_forest\coniferous_222.jpg
coniferous_223.jpg,coniferous_pine_forest,test,C:\Users\USER\Desktop\ai_dataset\forestry_dataset_splitted\test\coniferous_pine_forest\coniferous_223.jpg
coniferous_224.jpg,coniferous_pine_forest,test,C:\Users\USER\Desktop\ai_dataset\forestry_dataset_splitted\test\coniferous_pine_forest\coniferous_224.jpg
coniferous_225.jpg,coniferous_pine_forest,test,C:\Users\USER\Desktop\ai_dataset\forestry_dataset_splitted\test\coniferous_pine_forest\coniferous_225.jpg
coniferous_226.jpg,coniferous_pine_forest,test,C:\Users\USER\Desktop\ai_dataset\forestry_dataset_splitted\test\coniferous_pine_forest\coniferous_226.jpg
coniferous_227.jpg,coniferous_pine_forest,test,C:\Users\USER\Desktop\ai_dataset\forestry_dataset_splitted\test\coniferous_pine_forest\coniferous_227.jpg
coniferous_228.jpg,coniferous_pine_forest,test,C:\Users\USER\Desktop\ai_dataset\forestry_dataset_splitted\test\coniferous_pine_forest\coniferous_228.jpg
coniferous_229.jpg,coniferous_pine_forest,test,C:\Users\USER\Desktop\ai_dataset\forestry_dataset_splitted\test\coniferous_pine_forest\coniferous_229.jpg
coniferous_23.jpg,coniferous_pine_forest,test,C:\Users\USER\Desktop\ai_dataset\forestry_dataset_splitted\test\coniferous_pine_forest\coniferous_23.jpg
coniferous_230.jpg,coniferous_pine_forest,test,C:\Users\USER\Desktop\ai_dataset\forestry_dataset_splitted\test\coniferous_pine_forest\coniferous_230.jpg
coniferous_231.jpg,coniferous_pine_forest,test,C:\Users\USER\Desktop\ai_dataset\forestry_dataset_splitted\test\coniferous_pine_forest\coniferous_231.jpg
coniferous_232.webp,coniferous_pine_forest,test,C:\Users\USER\Desktop\ai_dataset\forestry_dataset_splitted\test\coniferous_pine_forest\coniferous_232.webp
coniferous_233.webp,coniferous_pine_forest,test,C:\Users\USER\Desktop\ai_dataset\forestry_dataset_splitted\test\coniferous_pine_forest\coniferous_233.webp
coniferous_234.jpg,coniferous_pine_forest,test,C:\Users\USER\Desktop\ai_dataset\forestry_dataset_splitted\test\coniferous_pine_forest\coniferous_234.jpg
coniferous_235.jpg,coniferous_pine_forest,test,C:\Users\USER\Desktop\ai_dataset\forestry_dataset_splitted\test\coniferous_pine_forest\coniferous_235.jpg
coniferous_236.jpg,coniferous_pine_forest,test,C:\Users\USER\Desktop\ai_dataset\forestry_dataset_splitted\test\coniferous_pine_forest\coniferous_236.jpg
coniferous_237.webp,coniferous_pine_forest,test,C:\Users\USER\Desktop\ai_dataset\forestry_dataset_splitted\test\coniferous_pine_forest\coniferous_237.webp
coniferous_238.jpg,coniferous_pine_forest,test,C:\Users\USER\Desktop\ai_dataset\forestry_dataset_splitted\test\coniferous_pine_forest\coniferous_238.jpg
coniferous_239.jpg,coniferous_pine_forest,test,C:\Users\USER\Desktop\ai_dataset\forestry_dataset_splitted\test\coniferous_pine_forest\coniferous_239.jpg
coniferous_24.jpg,coniferous_pine_forest,test,C:\Users\USER\Desktop\ai_dataset\forestry_dataset_splitted\test\coniferous_pine_forest\coniferous_24.jpg
coniferous_240.jpg,coniferous_pine_forest,test,C:\Users\USER\Desktop\ai_dataset\forestry_dataset_splitted\test\coniferous_pine_forest\coniferous_240.jpg
coniferous_241.jpg,coniferous_pine_forest,test,C:\Users\USER\Desktop\ai_dataset\forestry_dataset_splitted\test\coniferous_pine_forest\coniferous_241.jpg
coniferous_242.jpg,coniferous_pine_forest,test,C:\Users\USER\Desktop\ai_dataset\forestry_dataset_splitted\test\coniferous_pine_forest\coniferous_242.jpg
coniferous_243.jpg,coniferous_pine_forest,test,C:\Users\USER\Desktop\ai_dataset\forestry_dataset_splitted\test\coniferous_pine_forest\coniferous_243.jpg
coniferous_244.jpg,coniferous_pine_forest,test,C:\Users\USER\Desktop\ai_dataset\forestry_dataset_splitted\test\coniferous_pine_forest\coniferous_244.jpg
coniferous_245.jpg,coniferous_pine_forest,test,C:\Users\USER\Desktop\ai_dataset\forestry_dataset_splitted\test\coniferous_pine_forest\coniferous_245.jpg
coniferous_246.jpg,coniferous_pine_forest,test,C:\Users\USER\Desktop\ai_dataset\forestry_dataset_splitted\test\coniferous_pine_forest\coniferous_246.jpg
coniferous_247.jpg,coniferous_pine_forest,test,C:\Users\USER\Desktop\ai_dataset\forestry_dataset_splitted\test\coniferous_pine_forest\coniferous_247.jpg
coniferous_248.jpg,coniferous_pine_forest,test,C:\Users\USER\Desktop\ai_dataset\forestry_dataset_splitted\test\coniferous_pine_forest\coniferous_248.jpg
coniferous_249.jpg,coniferous_pine_forest,test,C:\Users\USER\Desktop\ai_dataset\forestry_dataset_splitted\test\coniferous_pine_forest\coniferous_249.jpg
coniferous_25.webp,coniferous_pine_forest,test,C:\Users\USER\Desktop\ai_dataset\forestry_dataset_splitted\test\coniferous_pine_forest\coniferous_25.webp
coniferous_250.jpg,coniferous_pine_forest,test,C:\Users\USER\Desktop\ai_dataset\forestry_dataset_splitted\test\coniferous_pine_forest\coniferous_250.jpg
coniferous_251.jpg,coniferous_pine_forest,test,C:\Users\USER\Desktop\ai_dataset\forestry_dataset_splitted\test\coniferous_pine_forest\coniferous_251.jpg
coniferous_252.webp,coniferous_pine_forest,test,C:\Users\USER\Desktop\ai_dataset\forestry_dataset_splitted\test\coniferous_pine_forest\coniferous_252.webp
coniferous_253.jpg,coniferous_pine_forest,test,C:\Users\USER\Desktop\ai_dataset\forestry_dataset_splitted\test\coniferous_pine_forest\coniferous_253.jpg
coniferous_254.jpg,coniferous_pine_forest,test,C:\Users\USER\Desktop\ai_dataset\forestry_dataset_splitted\test\coniferous_pine_forest\coniferous_254.jpg
coniferous_255.jpg,coniferous_pine_forest,test,C:\Users\USER\Desktop\ai_dataset\forestry_dataset_splitted\test\coniferous_pine_forest\coniferous_255.jpg
coniferous_256.jpg,coniferous_pine_forest,test,C:\Users\USER\Desktop\ai_dataset\forestry_dataset_splitted\test\coniferous_pine_forest\coniferous_256.jpg
coniferous_257.jpg,coniferous_pine_forest,test,C:\Users\USER\Desktop\ai_dataset\forestry_dataset_splitted\test\coniferous_pine_forest\coniferous_257.jpg
coniferous_258.jpg,coniferous_pine_forest,test,C:\Users\USER\Desktop\ai_dataset\forestry_dataset_splitted\test\coniferous_pine_forest\coniferous_258.jpg
coniferous_259.jpg,coniferous_pine_forest,test,C:\Users\USER\Desktop\ai_dataset\forestry_dataset_splitted\test\coniferous_pine_forest\coniferous_259.jpg
coniferous_26.jpg,coniferous_pine_forest,test,C:\Users\USER\Desktop\ai_dataset\forestry_dataset_splitted\test\coniferous_pine_forest\coniferous_26.jpg
coniferous_260.jpg,coniferous_pine_forest,test,C:\Users\USER\Desktop\ai_dataset\forestry_dataset_splitted\test\coniferous_pine_forest\coniferous_260.jpg
coniferous_261.jpg,coniferous_pine_forest,test,C:\Users\USER\Desktop\ai_dataset\forestry_dataset_splitted\test\coniferous_pine_forest\coniferous_261.jpg
coniferous_27.jpg,coniferous_pine_forest,test,C:\Users\USER\Desktop\ai_dataset\forestry_dataset_splitted\test\coniferous_pine_forest\coniferous_27.jpg
coniferous_28.jpg,coniferous_pine_forest,test,C:\Users\USER\Desktop\ai_dataset\forestry_dataset_splitted\test\coniferous_pine_forest\coniferous_28.jpg
coniferous_29.jpg,coniferous_pine_forest,test,C:\Users\USER\Desktop\ai_dataset\forestry_dataset_splitted\test\coniferous_pine_forest\coniferous_29.jpg
coniferous_3.webp,coniferous_pine_forest,test,C:\Users\USER\Desktop\ai_dataset\forestry_dataset_splitted\test\coniferous_pine_forest\coniferous_3.webp
coniferous_30.jpg,coniferous_pine_forest,test,C:\Users\USER\Desktop\ai_dataset\forestry_dataset_splitted\test\coniferous_pine_forest\coniferous_30.jpg
coniferous_31.webp,coniferous_pine_forest,test,C:\Users\USER\Desktop\ai_dataset\forestry_dataset_splitted\test\coniferous_pine_forest\coniferous_31.webp
coniferous_32.jpg,coniferous_pine_forest,test,C:\Users\USER\Desktop\ai_dataset\forestry_dataset_splitted\test\coniferous_pine_forest\coniferous_32.jpg
coniferous_33.jpg,coniferous_pine_forest,test,C:\Users\USER\Desktop\ai_dataset\forestry_dataset_splitted\test\coniferous_pine_forest\coniferous_33.jpg
coniferous_34.jpg,coniferous_pine_forest,test,C:\Users\USER\Desktop\ai_dataset\forestry_dataset_splitted\test\coniferous_pine_forest\coniferous_34.jpg
coniferous_35.jpg,coniferous_pine_forest,test,C:\Users\USER\Desktop\ai_dataset\forestry_dataset_splitted\test\coniferous_pine_forest\coniferous_35.jpg
coniferous_36.jpg,coniferous_pine_forest,test,C:\Users\USER\Desktop\ai_dataset\forestry_dataset_splitted\test\coniferous_pine_forest\coniferous_36.jpg
coniferous_37.jpg,coniferous_pine_forest,test,C:\Users\USER\Desktop\ai_dataset\forestry_dataset_splitted\test\coniferous_pine_forest\coniferous_37.jpg
coniferous_38.jpg,coniferous_pine_forest,test,C:\Users\USER\Desktop\ai_dataset\forestry_dataset_splitted\test\coniferous_pine_forest\coniferous_38.jpg
coniferous_39.jpg,coniferous_pine_forest,test,C:\Users\USER\Desktop\ai_dataset\forestry_dataset_splitted\test\coniferous_pine_forest\coniferous_39.jpg
coniferous_4.jpg,coniferous_pine_forest,test,C:\Users\USER\Desktop\ai_dataset\forestry_dataset_splitted\test\coniferous_pine_forest\coniferous_4.jpg
coniferous_40.webp,coniferous_pine_forest,test,C:\Users\USER\Desktop\ai_dataset\forestry_dataset_splitted\test\coniferous_pine_forest\coniferous_40.webp
coniferous_41.jpg,coniferous_pine_forest,test,C:\Users\USER\Desktop\ai_dataset\forestry_dataset_splitted\test\coniferous_pine_forest\coniferous_41.jpg
coniferous_42.jpg,coniferous_pine_forest,test,C:\Users\USER\Desktop\ai_dataset\forestry_dataset_splitted\test\coniferous_pine_forest\coniferous_42.jpg
coniferous_43.jpg,coniferous_pine_forest,test,C:\Users\USER\Desktop\ai_dataset\forestry_dataset_splitted\test\coniferous_pine_forest\coniferous_43.jpg
coniferous_44.jpg,coniferous_pine_forest,test,C:\Users\USER\Desktop\ai_dataset\forestry_dataset_splitted\test\coniferous_pine_forest\coniferous_44.jpg
coniferous_45.jpg,coniferous_pine_forest,test,C:\Users\USER\Desktop\ai_dataset\forestry_dataset_splitted\test\coniferous_pine_forest\coniferous_45.jpg
coniferous_46.jpg,coniferous_pine_forest,test,C:\Users\USER\Desktop\ai_dataset\forestry_dataset_splitted\test\coniferous_pine_forest\coniferous_46.jpg
coniferous_47.jpg,coniferous_pine_forest,test,C:\Users\USER\Desktop\ai_dataset\forestry_dataset_splitted\test\coniferous_pine_forest\coniferous_47.jpg
coniferous_48.jpg,coniferous_pine_forest,test,C:\Users\USER\Desktop\ai_dataset\forestry_dataset_splitted\test\coniferous_pine_forest\coniferous_48.jpg
coniferous_49.jpg,coniferous_pine_forest,test,C:\Users\USER\Desktop\ai_dataset\forestry_dataset_splitted\test\coniferous_pine_forest\coniferous_49.jpg
coniferous_5.webp,coniferous_pine_forest,test,C:\Users\USER\Desktop\ai_dataset\forestry_dataset_splitted\test\coniferous_pine_forest\coniferous_5.webp
coniferous_50.jpg,coniferous_pine_forest,test,C:\Users\USER\Desktop\ai_dataset\forestry_dataset_splitted\test\coniferous_pine_forest\coniferous_50.jpg
coniferous_51.jpg,coniferous_pine_forest,test,C:\Users\USER\Desktop\ai_dataset\forestry_dataset_splitted\test\coniferous_pine_forest\coniferous_51.jpg
coniferous_52.jpg,coniferous_pine_forest,test,C:\Users\USER\Desktop\ai_dataset\forestry_dataset_splitted\test\coniferous_pine_forest\coniferous_52.jpg
coniferous_53.jpg,coniferous_pine_forest,test,C:\Users\USER\Desktop\ai_dataset\forestry_dataset_splitted\test\coniferous_pine_forest\coniferous_53.jpg
coniferous_54.jpg,coniferous_pine_forest,test,C:\Users\USER\Desktop\ai_dataset\forestry_dataset_splitted\test\coniferous_pine_forest\coniferous_54.jpg
coniferous_55.jpg,coniferous_pine_forest,test,C:\Users\USER\Desktop\ai_dataset\forestry_dataset_splitted\test\coniferous_pine_forest\coniferous_55.jpg
coniferous_56.jpg,coniferous_pine_forest,test,C:\Users\USER\Desktop\ai_dataset\forestry_dataset_splitted\test\coniferous_pine_forest\coniferous_56.jpg
coniferous_57.jpg,coniferous_pine_forest,test,C:\Users\USER\Desktop\ai_dataset\forestry_dataset_splitted\test\coniferous_pine_forest\coniferous_57.jpg
coniferous_58.jpg,coniferous_pine_forest,test,C:\Users\USER\Desktop\ai_dataset\forestry_dataset_splitted\test\coniferous_pine_forest\coniferous_58.jpg
coniferous_59.jpg,coniferous_pine_forest,test,C:\Users\USER\Desktop\ai_dataset\forestry_dataset_splitted\test\coniferous_pine_forest\coniferous_59.jpg
coniferous_6.jpg,coniferous_pine_forest,test,C:\Users\USER\Desktop\ai_dataset\forestry_dataset_splitted\test\coniferous_pine_forest\coniferous_6.jpg
coniferous_60.jpg,coniferous_pine_forest,test,C:\Users\USER\Desktop\ai_dataset\forestry_dataset_splitted\test\coniferous_pine_forest\coniferous_60.jpg
coniferous_61.jpg,coniferous_pine_forest,test,C:\Users\USER\Desktop\ai_dataset\forestry_dataset_splitted\test\coniferous_pine_forest\coniferous_61.jpg
coniferous_62.jpg,coniferous_pine_forest,test,C:\Users\USER\Desktop\ai_dataset\forestry_dataset_splitted\test\coniferous_pine_forest\coniferous_62.jpg
coniferous_63.webp,coniferous_pine_forest,test,C:\Users\USER\Desktop\ai_dataset\forestry_dataset_splitted\test\coniferous_pine_forest\coniferous_63.webp
coniferous_64.jpg,coniferous_pine_forest,test,C:\Users\USER\Desktop\ai_dataset\forestry_dataset_splitted\test\coniferous_pine_forest\coniferous_64.jpg
coniferous_65.webp,coniferous_pine_forest,test,C:\Users\USER\Desktop\ai_dataset\forestry_dataset_splitted\test\coniferous_pine_forest\coniferous_65.webp
coniferous_66.jpg,coniferous_pine_forest,test,C:\Users\USER\Desktop\ai_dataset\forestry_dataset_splitted\test\coniferous_pine_forest\coniferous_66.jpg
coniferous_67.jpg,coniferous_pine_forest,test,C:\Users\USER\Desktop\ai_dataset\forestry_dataset_splitted\test\coniferous_pine_forest\coniferous_67.jpg
coniferous_68.jpg,coniferous_pine_forest,test,C:\Users\USER\Desktop\ai_dataset\forestry_dataset_splitted\test\coniferous_pine_forest\coniferous_68.jpg
coniferous_69.jpg,coniferous_pine_forest,test,C:\Users\USER\Desktop\ai_dataset\forestry_dataset_splitted\test\coniferous_pine_forest\coniferous_69.jpg
coniferous_7.jpg,coniferous_pine_forest,test,C:\Users\USER\Desktop\ai_dataset\forestry_dataset_splitted\test\coniferous_pine_forest\coniferous_7.jpg
coniferous_70.jpg,coniferous_pine_forest,test,C:\Users\USER\Desktop\ai_dataset\forestry_dataset_splitted\test\coniferous_pine_forest\coniferous_70.jpg
coniferous_71.jpg,coniferous_pine_forest,test,C:\Users\USER\Desktop\ai_dataset\forestry_dataset_splitted\test\coniferous_pine_forest\coniferous_71.jpg
coniferous_72.jpg,coniferous_pine_forest,test,C:\Users\USER\Desktop\ai_dataset\forestry_dataset_splitted\test\coniferous_pine_forest\coniferous_72.jpg
coniferous_73.webp,coniferous_pine_forest,test,C:\Users\USER\Desktop\ai_dataset\forestry_dataset_splitted\test\coniferous_pine_forest\coniferous_73.webp
coniferous_74.webp,coniferous_pine_forest,test,C:\Users\USER\Desktop\ai_dataset\forestry_dataset_splitted\test\coniferous_pine_forest\coniferous_74.webp
coniferous_75.jpg,coniferous_pine_forest,test,C:\Users\USER\Desktop\ai_dataset\forestry_dataset_splitted\test\coniferous_pine_forest\coniferous_75.jpg
coniferous_76.webp,coniferous_pine_forest,test,C:\Users\USER\Desktop\ai_dataset\forestry_dataset_splitted\test\coniferous_pine_forest\coniferous_76.webp
coniferous_77.jpg,coniferous_pine_forest,test,C:\Users\USER\Desktop\ai_dataset\forestry_dataset_splitted\test\coniferous_pine_forest\coniferous_77.jpg
coniferous_78.jpg,coniferous_pine_forest,test,C:\Users\USER\Desktop\ai_dataset\forestry_dataset_splitted\test\coniferous_pine_forest\coniferous_78.jpg
coniferous_79.jpg,coniferous_pine_forest,test,C:\Users\USER\Desktop\ai_dataset\forestry_dataset_splitted\test\coniferous_pine_forest\coniferous_79.jpg
coniferous_8.jpg,coniferous_pine_forest,test,C:\Users\USER\Desktop\ai_dataset\forestry_dataset_splitted\test\coniferous_pine_forest\coniferous_8.jpg
coniferous_80.png,coniferous_pine_forest,test,C:\Users\USER\Desktop\ai_dataset\forestry_dataset_splitted\test\coniferous_pine_forest\coniferous_80.png
coniferous_81.jpg,coniferous_pine_forest,test,C:\Users\USER\Desktop\ai_dataset\forestry_dataset_splitted\test\coniferous_pine_forest\coniferous_81.jpg
coniferous_82.jpg,coniferous_pine_forest,test,C:\Users\USER\Desktop\ai_dataset\forestry_dataset_splitted\test\coniferous_pine_forest\coniferous_82.jpg
coniferous_83.webp,coniferous_pine_forest,test,C:\Users\USER\Desktop\ai_dataset\forestry_dataset_splitted\test\coniferous_pine_forest\coniferous_83.webp
coniferous_84.webp,coniferous_pine_forest,test,C:\Users\USER\Desktop\ai_dataset\forestry_dataset_splitted\test\coniferous_pine_forest\coniferous_84.webp
coniferous_85.jpg,coniferous_pine_forest,test,C:\Users\USER\Desktop\ai_dataset\forestry_dataset_splitted\test\coniferous_pine_forest\coniferous_85.jpg
coniferous_86.webp,coniferous_pine_forest,test,C:\Users\USER\Desktop\ai_dataset\forestry_dataset_splitted\test\coniferous_pine_forest\coniferous_86.webp
coniferous_87.jpg,coniferous_pine_forest,test,C:\Users\USER\Desktop\ai_dataset\forestry_dataset_splitted\test\coniferous_pine_forest\coniferous_87.jpg
coniferous_88.jpg,coniferous_pine_forest,test,C:\Users\USER\Desktop\ai_dataset\forestry_dataset_splitted\test\coniferous_pine_forest\coniferous_88.jpg
coniferous_89.jpg,coniferous_pine_forest,test,C:\Users\USER\Desktop\ai_dataset\forestry_dataset_splitted\test\coniferous_pine_forest\coniferous_89.jpg
coniferous_9.jpg,coniferous_pine_forest,test,C:\Users\USER\Desktop\ai_dataset\forestry_dataset_splitted\test\coniferous_pine_forest\coniferous_9.jpg
coniferous_90.webp,coniferous_pine_forest,test,C:\Users\USER\Desktop\ai_dataset\forestry_dataset_splitted\test\coniferous_pine_forest\coniferous_90.webp
coniferous_91.webp,coniferous_pine_forest,test,C:\Users\USER\Desktop\ai_dataset\forestry_dataset_splitted\test\coniferous_pine_forest\coniferous_91.webp
coniferous_92.webp,coniferous_pine_forest,test,C:\Users\USER\Desktop\ai_dataset\forestry_dataset_splitted\test\coniferous_pine_forest\coniferous_92.webp
coniferous_93.webp,coniferous_pine_forest,test,C:\Users\USER\Desktop\ai_dataset\forestry_dataset_splitted\test\coniferous_pine_forest\coniferous_93.webp
coniferous_94.webp,coniferous_pine_forest,test,C:\Users\USER\Desktop\ai_dataset\forestry_dataset_splitted\test\coniferous_pine_forest\coniferous_94.webp
coniferous_95.webp,coniferous_pine_forest,test,C:\Users\USER\Desktop\ai_dataset\forestry_dataset_splitted\test\coniferous_pine_forest\coniferous_95.webp
coniferous_96.webp,coniferous_pine_forest,test,C:\Users\USER\Desktop\ai_dataset\forestry_dataset_splitted\test\coniferous_pine_forest\coniferous_96.webp
coniferous_97.webp,coniferous_pine_forest,test,C:\Users\USER\Desktop\ai_dataset\forestry_dataset_splitted\test\coniferous_pine_forest\coniferous_97.webp
coniferous_98.webp,coniferous_pine_forest,test,C:\Users\USER\Desktop\ai_dataset\forestry_dataset_splitted\test\coniferous_pine_forest\coniferous_98.webp
coniferous_99.webp,coniferous_pine_forest,test,C:\Users\USER\Desktop\ai_dataset\forestry_dataset_splitted\test\coniferous_pine_forest\coniferous_99.webp
mangrove_1.webp,mangrove_forest,test,C:\Users\USER\Desktop\ai_dataset\forestry_dataset_splitted\test\mangrove_forest\mangrove_1.webp
mangrove_10.jpg,mangrove_forest,test,C:\Users\USER\Desktop\ai_dataset\forestry_dataset_splitted\test\mangrove_forest\mangrove_10.jpg
mangrove_100.webp,mangrove_forest,test,C:\Users\USER\Desktop\ai_dataset\forestry_dataset_splitted\test\mangrove_forest\mangrove_100.webp
mangrove_101.jpg,mangrove_forest,test,C:\Users\USER\Desktop\ai_dataset\forestry_dataset_splitted\test\mangrove_forest\mangrove_101.jpg
mangrove_102.webp,mangrove_forest,test,C:\Users\USER\Desktop\ai_dataset\forestry_dataset_splitted\test\mangrove_forest\mangrove_102.webp
mangrove_103.webp,mangrove_forest,test,C:\Users\USER\Desktop\ai_dataset\forestry_dataset_splitted\test\mangrove_forest\mangrove_103.webp
mangrove_104.jpg,mangrove_forest,test,C:\Users\USER\Desktop\ai_dataset\forestry_dataset_splitted\test\mangrove_forest\mangrove_104.jpg
mangrove_105.webp,mangrove_forest,test,C:\Users\USER\Desktop\ai_dataset\forestry_dataset_splitted\test\mangrove_forest\mangrove_105.webp
mangrove_106.webp,mangrove_forest,test,C:\Users\USER\Desktop\ai_dataset\forestry_dataset_splitted\test\mangrove_forest\mangrove_106.webp
mangrove_107.webp,mangrove_forest,test,C:\Users\USER\Desktop\ai_dataset\forestry_dataset_splitted\test\mangrove_forest\mangrove_107.webp
mangrove_108.jpg,mangrove_forest,test,C:\Users\USER\Desktop\ai_dataset\forestry_dataset_splitted\test\mangrove_forest\mangrove_108.jpg
mangrove_109.jpg,mangrove_forest,test,C:\Users\USER\Desktop\ai_dataset\forestry_dataset_splitted\test\mangrove_forest\mangrove_109.jpg
mangrove_11.webp,mangrove_forest,test,C:\Users\USER\Desktop\ai_dataset\forestry_dataset_splitted\test\mangrove_forest\mangrove_11.webp
mangrove_110.webp,mangrove_forest,test,C:\Users\USER\Desktop\ai_dataset\forestry_dataset_splitted\test\mangrove_forest\mangrove_110.webp
mangrove_111.webp,mangrove_forest,test,C:\Users\USER\Desktop\ai_dataset\forestry_dataset_splitted\test\mangrove_forest\mangrove_111.webp
mangrove_112.webp,mangrove_forest,test,C:\Users\USER\Desktop\ai_dataset\forestry_dataset_splitted\test\mangrove_forest\mangrove_112.webp
mangrove_113.webp,mangrove_forest,test,C:\Users\USER\Desktop\ai_dataset\forestry_dataset_splitted\test\mangrove_forest\mangrove_113.webp
mangrove_114.webp,mangrove_forest,test,C:\Users\USER\Desktop\ai_dataset\forestry_dataset_splitted\test\mangrove_forest\mangrove_114.webp
mangrove_115.jpg,mangrove_forest,test,C:\Users\USER\Desktop\ai_dataset\forestry_dataset_splitted\test\mangrove_forest\mangrove_115.jpg
mangrove_116.webp,mangrove_forest,test,C:\Users\USER\Desktop\ai_dataset\forestry_dataset_splitted\test\mangrove_forest\mangrove_116.webp
mangrove_117.webp,mangrove_forest,test,C:\Users\USER\Desktop\ai_dataset\forestry_dataset_splitted\test\mangrove_forest\mangrove_117.webp
mangrove_118.webp,mangrove_forest,test,C:\Users\USER\Desktop\ai_dataset\forestry_dataset_splitted\test\mangrove_forest\mangrove_118.webp
mangrove_119.webp,mangrove_forest,test,C:\Users\USER\Desktop\ai_dataset\forestry_dataset_splitted\test\mangrove_forest\mangrove_119.webp
mangrove_12.jpg,mangrove_forest,test,C:\Users\USER\Desktop\ai_dataset\forestry_dataset_splitted\test\mangrove_forest\mangrove_12.jpg
mangrove_120.webp,mangrove_forest,test,C:\Users\USER\Desktop\ai_dataset\forestry_dataset_splitted\test\mangrove_forest\mangrove_120.webp
mangrove_121.webp,mangrove_forest,test,C:\Users\USER\Desktop\ai_dataset\forestry_dataset_splitted\test\mangrove_forest\mangrove_121.webp
mangrove_122.webp,mangrove_forest,test,C:\Users\USER\Desktop\ai_dataset\forestry_dataset_splitted\test\mangrove_forest\mangrove_122.webp
mangrove_123.webp,mangrove_forest,test,C:\Users\USER\Desktop\ai_dataset\forestry_dataset_splitted\test\mangrove_forest\mangrove_123.webp
mangrove_124.jpg,mangrove_forest,test,C:\Users\USER\Desktop\ai_dataset\forestry_dataset_splitted\test\mangrove_forest\mangrove_124.jpg
mangrove_125.jpg,mangrove_forest,test,C:\Users\USER\Desktop\ai_dataset\forestry_dataset_splitted\test\mangrove_forest\mangrove_125.jpg
mangrove_126.webp,mangrove_forest,test,C:\Users\USER\Desktop\ai_dataset\forestry_dataset_splitted\test\mangrove_forest\mangrove_126.webp
mangrove_127.webp,mangrove_forest,test,C:\Users\USER\Desktop\ai_dataset\forestry_dataset_splitted\test\mangrove_forest\mangrove_127.webp
mangrove_128.webp,mangrove_forest,test,C:\Users\USER\Desktop\ai_dataset\forestry_dataset_splitted\test\mangrove_forest\mangrove_128.webp
mangrove_129.jpg,mangrove_forest,test,C:\Users\USER\Desktop\ai_dataset\forestry_dataset_splitted\test\mangrove_forest\mangrove_129.jpg
mangrove_13.webp,mangrove_forest,test,C:\Users\USER\Desktop\ai_dataset\forestry_dataset_splitted\test\mangrove_forest\mangrove_13.webp
mangrove_130.webp,mangrove_forest,test,C:\Users\USER\Desktop\ai_dataset\forestry_dataset_splitted\test\mangrove_forest\mangrove_130.webp
mangrove_131.webp,mangrove_forest,test,C:\Users\USER\Desktop\ai_dataset\forestry_dataset_splitted\test\mangrove_forest\mangrove_131.webp
mangrove_132.webp,mangrove_forest,test,C:\Users\USER\Desktop\ai_dataset\forestry_dataset_splitted\test\mangrove_forest\mangrove_132.webp
mangrove_133.webp,mangrove_forest,test,C:\Users\USER\Desktop\ai_dataset\forestry_dataset_splitted\test\mangrove_forest\mangrove_133.webp
mangrove_134.webp,mangrove_forest,test,C:\Users\USER\Desktop\ai_dataset\forestry_dataset_splitted\test\mangrove_forest\mangrove_134.webp
mangrove_135.jpg,mangrove_forest,test,C:\Users\USER\Desktop\ai_dataset\forestry_dataset_splitted\test\mangrove_forest\mangrove_135.jpg
mangrove_136.webp,mangrove_forest,test,C:\Users\USER\Desktop\ai_dataset\forestry_dataset_splitted\test\mangrove_forest\mangrove_136.webp
mangrove_137.webp,mangrove_forest,test,C:\Users\USER\Desktop\ai_dataset\forestry_dataset_splitted\test\mangrove_forest\mangrove_137.webp
mangrove_138.webp,mangrove_forest,test,C:\Users\USER\Desktop\ai_dataset\forestry_dataset_splitted\test\mangrove_forest\mangrove_138.webp
mangrove_139.webp,mangrove_forest,test,C:\Users\USER\Desktop\ai_dataset\forestry_dataset_splitted\test\mangrove_forest\mangrove_139.webp
mangrove_14.jpg,mangrove_forest,test,C:\Users\USER\Desktop\ai_dataset\forestry_dataset_splitted\test\mangrove_forest\mangrove_14.jpg
mangrove_140.webp,mangrove_forest,test,C:\Users\USER\Desktop\ai_dataset\forestry_dataset_splitted\test\mangrove_forest\mangrove_140.webp
mangrove_141.webp,mangrove_forest,test,C:\Users\USER\Desktop\ai_dataset\forestry_dataset_splitted\test\mangrove_forest\mangrove_141.webp
mangrove_142.webp,mangrove_forest,test,C:\Users\USER\Desktop\ai_dataset\forestry_dataset_splitted\test\mangrove_forest\mangrove_142.webp
mangrove_143.webp,mangrove_forest,test,C:\Users\USER\Desktop\ai_dataset\forestry_dataset_splitted\test\mangrove_forest\mangrove_143.webp
mangrove_144.webp,mangrove_forest,test,C:\Users\USER\Desktop\ai_dataset\forestry_dataset_splitted\test\mangrove_forest\mangrove_144.webp
mangrove_145.webp,mangrove_forest,test,C:\Users\USER\Desktop\ai_dataset\forestry_dataset_splitted\test\mangrove_forest\mangrove_145.webp
mangrove_146.webp,mangrove_forest,test,C:\Users\USER\Desktop\ai_dataset\forestry_dataset_splitted\test\mangrove_forest\mangrove_146.webp
mangrove_147.jpg,mangrove_forest,test,C:\Users\USER\Desktop\ai_dataset\forestry_dataset_splitted\test\mangrove_forest\mangrove_147.jpg
mangrove_148.jpg,mangrove_forest,test,C:\Users\USER\Desktop\ai_dataset\forestry_dataset_splitted\test\mangrove_forest\mangrove_148.jpg
mangrove_149.jpg,mangrove_forest,test,C:\Users\USER\Desktop\ai_dataset\forestry_dataset_splitted\test\mangrove_forest\mangrove_149.jpg
mangrove_15.jpg,mangrove_forest,test,C:\Users\USER\Desktop\ai_dataset\forestry_dataset_splitted\test\mangrove_forest\mangrove_15.jpg
mangrove_150.webp,mangrove_forest,test,C:\Users\USER\Desktop\ai_dataset\forestry_dataset_splitted\test\mangrove_forest\mangrove_150.webp
mangrove_151.webp,mangrove_forest,test,C:\Users\USER\Desktop\ai_dataset\forestry_dataset_splitted\test\mangrove_forest\mangrove_151.webp
mangrove_152.webp,mangrove_forest,test,C:\Users\USER\Desktop\ai_dataset\forestry_dataset_splitted\test\mangrove_forest\mangrove_152.webp
mangrove_153.jpg,mangrove_forest,test,C:\Users\USER\Desktop\ai_dataset\forestry_dataset_splitted\test\mangrove_forest\mangrove_153.jpg
mangrove_154.jpg,mangrove_forest,test,C:\Users\USER\Desktop\ai_dataset\forestry_dataset_splitted\test\mangrove_forest\mangrove_154.jpg
mangrove_155.webp,mangrove_forest,test,C:\Users\USER\Desktop\ai_dataset\forestry_dataset_splitted\test\mangrove_forest\mangrove_155.webp
mangrove_156.webp,mangrove_forest,test,C:\Users\USER\Desktop\ai_dataset\forestry_dataset_splitted\test\mangrove_forest\mangrove_156.webp
mangrove_157.webp,mangrove_forest,test,C:\Users\USER\Desktop\ai_dataset\forestry_dataset_splitted\test\mangrove_forest\mangrove_157.webp
mangrove_158.jpg,mangrove_forest,test,C:\Users\USER\Desktop\ai_dataset\forestry_dataset_splitted\test\mangrove_forest\mangrove_158.jpg
mangrove_159.webp,mangrove_forest,test,C:\Users\USER\Desktop\ai_dataset\forestry_dataset_splitted\test\mangrove_forest\mangrove_159.webp
mangrove_16.jpg,mangrove_forest,test,C:\Users\USER\Desktop\ai_dataset\forestry_dataset_splitted\test\mangrove_forest\mangrove_16.jpg
mangrove_160.webp,mangrove_forest,test,C:\Users\USER\Desktop\ai_dataset\forestry_dataset_splitted\test\mangrove_forest\mangrove_160.webp
mangrove_161.webp,mangrove_forest,test,C:\Users\USER\Desktop\ai_dataset\forestry_dataset_splitted\test\mangrove_forest\mangrove_161.webp
mangrove_162.webp,mangrove_forest,test,C:\Users\USER\Desktop\ai_dataset\forestry_dataset_splitted\test\mangrove_forest\mangrove_162.webp
mangrove_163.webp,mangrove_forest,test,C:\Users\USER\Desktop\ai_dataset\forestry_dataset_splitted\test\mangrove_forest\mangrove_163.webp
mangrove_164.webp,mangrove_forest,test,C:\Users\USER\Desktop\ai_dataset\forestry_dataset_splitted\test\mangrove_forest\mangrove_164.webp
mangrove_165.webp,mangrove_forest,test,C:\Users\USER\Desktop\ai_dataset\forestry_dataset_splitted\test\mangrove_forest\mangrove_165.webp
mangrove_166.webp,mangrove_forest,test,C:\Users\USER\Desktop\ai_dataset\forestry_dataset_splitted\test\mangrove_forest\mangrove_166.webp
mangrove_167.webp,mangrove_forest,test,C:\Users\USER\Desktop\ai_dataset\forestry_dataset_splitted\test\mangrove_forest\mangrove_167.webp
mangrove_168.webp,mangrove_forest,test,C:\Users\USER\Desktop\ai_dataset\forestry_dataset_splitted\test\mangrove_forest\mangrove_168.webp
mangrove_169.jpg,mangrove_forest,test,C:\Users\USER\Desktop\ai_dataset\forestry_dataset_splitted\test\mangrove_forest\mangrove_169.jpg
mangrove_17.jpg,mangrove_forest,test,C:\Users\USER\Desktop\ai_dataset\forestry_dataset_splitted\test\mangrove_forest\mangrove_17.jpg
mangrove_170.jpg,mangrove_forest,test,C:\Users\USER\Desktop\ai_dataset\forestry_dataset_splitted\test\mangrove_forest\mangrove_170.jpg
mangrove_171.jpg,mangrove_forest,test,C:\Users\USER\Desktop\ai_dataset\forestry_dataset_splitted\test\mangrove_forest\mangrove_171.jpg
mangrove_172.webp,mangrove_forest,test,C:\Users\USER\Desktop\ai_dataset\forestry_dataset_splitted\test\mangrove_forest\mangrove_172.webp
mangrove_173.jpg,mangrove_forest,test,C:\Users\USER\Desktop\ai_dataset\forestry_dataset_splitted\test\mangrove_forest\mangrove_173.jpg
mangrove_174.jpg,mangrove_forest,test,C:\Users\USER\Desktop\ai_dataset\forestry_dataset_splitted\test\mangrove_forest\mangrove_174.jpg
mangrove_175.webp,mangrove_forest,test,C:\Users\USER\Desktop\ai_dataset\forestry_dataset_splitted\test\mangrove_forest\mangrove_175.webp
mangrove_176.webp,mangrove_forest,test,C:\Users\USER\Desktop\ai_dataset\forestry_dataset_splitted\test\mangrove_forest\mangrove_176.webp
mangrove_177.webp,mangrove_forest,test,C:\Users\USER\Desktop\ai_dataset\forestry_dataset_splitted\test\mangrove_forest\mangrove_177.webp
mangrove_178.jpg,mangrove_forest,test,C:\Users\USER\Desktop\ai_dataset\forestry_dataset_splitted\test\mangrove_forest\mangrove_178.jpg
mangrove_179.webp,mangrove_forest,test,C:\Users\USER\Desktop\ai_dataset\forestry_dataset_splitted\test\mangrove_forest\mangrove_179.webp
mangrove_18.jpg,mangrove_forest,test,C:\Users\USER\Desktop\ai_dataset\forestry_dataset_splitted\test\mangrove_forest\mangrove_18.jpg
mangrove_180.jpg,mangrove_forest,test,C:\Users\USER\Desktop\ai_dataset\forestry_dataset_splitted\test\mangrove_forest\mangrove_180.jpg
mangrove_181.webp,mangrove_forest,test,C:\Users\USER\Desktop\ai_dataset\forestry_dataset_splitted\test\mangrove_forest\mangrove_181.webp
mangrove_182.webp,mangrove_forest,test,C:\Users\USER\Desktop\ai_dataset\forestry_dataset_splitted\test\mangrove_forest\mangrove_182.webp
mangrove_183.webp,mangrove_forest,test,C:\Users\USER\Desktop\ai_dataset\forestry_dataset_splitted\test\mangrove_forest\mangrove_183.webp
mangrove_184.jpg,mangrove_forest,test,C:\Users\USER\Desktop\ai_dataset\forestry_dataset_splitted\test\mangrove_forest\mangrove_184.jpg
mangrove_185.webp,mangrove_forest,test,C:\Users\USER\Desktop\ai_dataset\forestry_dataset_splitted\test\mangrove_forest\mangrove_185.webp
mangrove_186.jpg,mangrove_forest,test,C:\Users\USER\Desktop\ai_dataset\forestry_dataset_splitted\test\mangrove_forest\mangrove_186.jpg
mangrove_187.webp,mangrove_forest,test,C:\Users\USER\Desktop\ai_dataset\forestry_dataset_splitted\test\mangrove_forest\mangrove_187.webp
mangrove_188.webp,mangrove_forest,test,C:\Users\USER\Desktop\ai_dataset\forestry_dataset_splitted\test\mangrove_forest\mangrove_188.webp
mangrove_189.webp,mangrove_forest,test,C:\Users\USER\Desktop\ai_dataset\forestry_dataset_splitted\test\mangrove_forest\mangrove_189.webp
mangrove_19.jpg,mangrove_forest,test,C:\Users\USER\Desktop\ai_dataset\forestry_dataset_splitted\test\mangrove_forest\mangrove_19.jpg
mangrove_190.jpg,mangrove_forest,test,C:\Users\USER\Desktop\ai_dataset\forestry_dataset_splitted\test\mangrove_forest\mangrove_190.jpg
mangrove_191.jpg,mangrove_forest,test,C:\Users\USER\Desktop\ai_dataset\forestry_dataset_splitted\test\mangrove_forest\mangrove_191.jpg
mangrove_192.jpg,mangrove_forest,test,C:\Users\USER\Desktop\ai_dataset\forestry_dataset_splitted\test\mangrove_forest\mangrove_192.jpg
mangrove_193.webp,mangrove_forest,test,C:\Users\USER\Desktop\ai_dataset\forestry_dataset_splitted\test\mangrove_forest\mangrove_193.webp
mangrove_194.jpg,mangrove_forest,test,C:\Users\USER\Desktop\ai_dataset\forestry_dataset_splitted\test\mangrove_forest\mangrove_194.jpg
mangrove_195.webp,mangrove_forest,test,C:\Users\USER\Desktop\ai_dataset\forestry_dataset_splitted\test\mangrove_forest\mangrove_195.webp
mangrove_196.jpg,mangrove_forest,test,C:\Users\USER\Desktop\ai_dataset\forestry_dataset_splitted\test\mangrove_forest\mangrove_196.jpg
mangrove_197.webp,mangrove_forest,test,C:\Users\USER\Desktop\ai_dataset\forestry_dataset_splitted\test\mangrove_forest\mangrove_197.webp
mangrove_198.jpg,mangrove_forest,test,C:\Users\USER\Desktop\ai_dataset\forestry_dataset_splitted\test\mangrove_forest\mangrove_198.jpg
mangrove_199.jpg,mangrove_forest,test,C:\Users\USER\Desktop\ai_dataset\forestry_dataset_splitted\test\mangrove_forest\mangrove_199.jpg
mangrove_2.jpg,mangrove_forest,test,C:\Users\USER\Desktop\ai_dataset\forestry_dataset_splitted\test\mangrove_forest\mangrove_2.jpg
mangrove_20.png,mangrove_forest,test,C:\Users\USER\Desktop\ai_dataset\forestry_dataset_splitted\test\mangrove_forest\mangrove_20.png
mangrove_200.jpg,mangrove_forest,test,C:\Users\USER\Desktop\ai_dataset\forestry_dataset_splitted\test\mangrove_forest\mangrove_200.jpg
mangrove_201.jpg,mangrove_forest,test,C:\Users\USER\Desktop\ai_dataset\forestry_dataset_splitted\test\mangrove_forest\mangrove_201.jpg
mangrove_202.webp,mangrove_forest,test,C:\Users\USER\Desktop\ai_dataset\forestry_dataset_splitted\test\mangrove_forest\mangrove_202.webp
mangrove_203.webp,mangrove_forest,test,C:\Users\USER\Desktop\ai_dataset\forestry_dataset_splitted\test\mangrove_forest\mangrove_203.webp
mangrove_204.jpg,mangrove_forest,test,C:\Users\USER\Desktop\ai_dataset\forestry_dataset_splitted\test\mangrove_forest\mangrove_204.jpg
mangrove_205.webp,mangrove_forest,test,C:\Users\USER\Desktop\ai_dataset\forestry_dataset_splitted\test\mangrove_forest\mangrove_205.webp
mangrove_206.jpg,mangrove_forest,test,C:\Users\USER\Desktop\ai_dataset\forestry_dataset_splitted\test\mangrove_forest\mangrove_206.jpg
mangrove_207.jpg,mangrove_forest,test,C:\Users\USER\Desktop\ai_dataset\forestry_dataset_splitted\test\mangrove_forest\mangrove_207.jpg
mangrove_208.webp,mangrove_forest,test,C:\Users\USER\Desktop\ai_dataset\forestry_dataset_splitted\test\mangrove_forest\mangrove_208.webp
mangrove_209.webp,mangrove_forest,test,C:\Users\USER\Desktop\ai_dataset\forestry_dataset_splitted\test\mangrove_forest\mangrove_209.webp
mangrove_21.jpg,mangrove_forest,test,C:\Users\USER\Desktop\ai_dataset\forestry_dataset_splitted\test\mangrove_forest\mangrove_21.jpg
mangrove_210.webp,mangrove_forest,test,C:\Users\USER\Desktop\ai_dataset\forestry_dataset_splitted\test\mangrove_forest\mangrove_210.webp
mangrove_211.jpg,mangrove_forest,test,C:\Users\USER\Desktop\ai_dataset\forestry_dataset_splitted\test\mangrove_forest\mangrove_211.jpg
mangrove_212.jpg,mangrove_forest,test,C:\Users\USER\Desktop\ai_dataset\forestry_dataset_splitted\test\mangrove_forest\mangrove_212.jpg
mangrove_213.webp,mangrove_forest,test,C:\Users\USER\Desktop\ai_dataset\forestry_dataset_splitted\test\mangrove_forest\mangrove_213.webp
mangrove_214.webp,mangrove_forest,test,C:\Users\USER\Desktop\ai_dataset\forestry_dataset_splitted\test\mangrove_forest\mangrove_214.webp
mangrove_215.jpg,mangrove_forest,test,C:\Users\USER\Desktop\ai_dataset\forestry_dataset_splitted\test\mangrove_forest\mangrove_215.jpg
mangrove_216.webp,mangrove_forest,test,C:\Users\USER\Desktop\ai_dataset\forestry_dataset_splitted\test\mangrove_forest\mangrove_216.webp
mangrove_217.jpg,mangrove_forest,test,C:\Users\USER\Desktop\ai_dataset\forestry_dataset_splitted\test\mangrove_forest\mangrove_217.jpg
mangrove_218.jpg,mangrove_forest,test,C:\Users\USER\Desktop\ai_dataset\forestry_dataset_splitted\test\mangrove_forest\mangrove_218.jpg
mangrove_219.jpg,mangrove_forest,test,C:\Users\USER\Desktop\ai_dataset\forestry_dataset_splitted\test\mangrove_forest\mangrove_219.jpg
mangrove_22.jpg,mangrove_forest,test,C:\Users\USER\Desktop\ai_dataset\forestry_dataset_splitted\test\mangrove_forest\mangrove_22.jpg
mangrove_220.jpg,mangrove_forest,test,C:\Users\USER\Desktop\ai_dataset\forestry_dataset_splitted\test\mangrove_forest\mangrove_220.jpg
mangrove_221.jpg,mangrove_forest,test,C:\Users\USER\Desktop\ai_dataset\forestry_dataset_splitted\test\mangrove_forest\mangrove_221.jpg
mangrove_222.webp,mangrove_forest,test,C:\Users\USER\Desktop\ai_dataset\forestry_dataset_splitted\test\mangrove_forest\mangrove_222.webp
mangrove_223.jpg,mangrove_forest,test,C:\Users\USER\Desktop\ai_dataset\forestry_dataset_splitted\test\mangrove_forest\mangrove_223.jpg
mangrove_224.jpg,mangrove_forest,test,C:\Users\USER\Desktop\ai_dataset\forestry_dataset_splitted\test\mangrove_forest\mangrove_224.jpg
mangrove_225.jpg,mangrove_forest,test,C:\Users\USER\Desktop\ai_dataset\forestry_dataset_splitted\test\mangrove_forest\mangrove_225.jpg
mangrove_226.jpg,mangrove_forest,test,C:\Users\USER\Desktop\ai_dataset\forestry_dataset_splitted\test\mangrove_forest\mangrove_226.jpg
mangrove_227.webp,mangrove_forest,test,C:\Users\USER\Desktop\ai_dataset\forestry_dataset_splitted\test\mangrove_forest\mangrove_227.webp
mangrove_228.jpg,mangrove_forest,test,C:\Users\USER\Desktop\ai_dataset\forestry_dataset_splitted\test\mangrove_forest\mangrove_228.jpg
mangrove_229.jpg,mangrove_forest,test,C:\Users\USER\Desktop\ai_dataset\forestry_dataset_splitted\test\mangrove_forest\mangrove_229.jpg
mangrove_23.jpg,mangrove_forest,test,C:\Users\USER\Desktop\ai_dataset\forestry_dataset_splitted\test\mangrove_forest\mangrove_23.jpg
mangrove_230.jpg,mangrove_forest,test,C:\Users\USER\Desktop\ai_dataset\forestry_dataset_splitted\test\mangrove_forest\mangrove_230.jpg
mangrove_231.jpg,mangrove_forest,test,C:\Users\USER\Desktop\ai_dataset\forestry_dataset_splitted\test\mangrove_forest\mangrove_231.jpg
mangrove_232.jpg,mangrove_forest,test,C:\Users\USER\Desktop\ai_dataset\forestry_dataset_splitted\test\mangrove_forest\mangrove_232.jpg
mangrove_233.jpg,mangrove_forest,test,C:\Users\USER\Desktop\ai_dataset\forestry_dataset_splitted\test\mangrove_forest\mangrove_233.jpg
mangrove_234.webp,mangrove_forest,test,C:\Users\USER\Desktop\ai_dataset\forestry_dataset_splitted\test\mangrove_forest\mangrove_234.webp
mangrove_235.jpg,mangrove_forest,test,C:\Users\USER\Desktop\ai_dataset\forestry_dataset_splitted\test\mangrove_forest\mangrove_235.jpg
mangrove_236.jpg,mangrove_forest,test,C:\Users\USER\Desktop\ai_dataset\forestry_dataset_splitted\test\mangrove_forest\mangrove_236.jpg
mangrove_237.jpg,mangrove_forest,test,C:\Users\USER\Desktop\ai_dataset\forestry_dataset_splitted\test\mangrove_forest\mangrove_237.jpg
mangrove_238.jpg,mangrove_forest,test,C:\Users\USER\Desktop\ai_dataset\forestry_dataset_splitted\test\mangrove_forest\mangrove_238.jpg
mangrove_239.webp,mangrove_forest,test,C:\Users\USER\Desktop\ai_dataset\forestry_dataset_splitted\test\mangrove_forest\mangrove_239.webp
mangrove_24.jpg,mangrove_forest,test,C:\Users\USER\Desktop\ai_dataset\forestry_dataset_splitted\test\mangrove_forest\mangrove_24.jpg
mangrove_240.webp,mangrove_forest,test,C:\Users\USER\Desktop\ai_dataset\forestry_dataset_splitted\test\mangrove_forest\mangrove_240.webp
mangrove_241.jpg,mangrove_forest,test,C:\Users\USER\Desktop\ai_dataset\forestry_dataset_splitted\test\mangrove_forest\mangrove_241.jpg
mangrove_242.jpg,mangrove_forest,test,C:\Users\USER\Desktop\ai_dataset\forestry_dataset_splitted\test\mangrove_forest\mangrove_242.jpg
mangrove_243.jpg,mangrove_forest,test,C:\Users\USER\Desktop\ai_dataset\forestry_dataset_splitted\test\mangrove_forest\mangrove_243.jpg
mangrove_244.jpg,mangrove_forest,test,C:\Users\USER\Desktop\ai_dataset\forestry_dataset_splitted\test\mangrove_forest\mangrove_244.jpg
mangrove_245.jpg,mangrove_forest,test,C:\Users\USER\Desktop\ai_dataset\forestry_dataset_splitted\test\mangrove_forest\mangrove_245.jpg
mangrove_246.jpg,mangrove_forest,test,C:\Users\USER\Desktop\ai_dataset\forestry_dataset_splitted\test\mangrove_forest\mangrove_246.jpg
mangrove_247.jpg,mangrove_forest,test,C:\Users\USER\Desktop\ai_dataset\forestry_dataset_splitted\test\mangrove_forest\mangrove_247.jpg
mangrove_248.jpg,mangrove_forest,test,C:\Users\USER\Desktop\ai_dataset\forestry_dataset_splitted\test\mangrove_forest\mangrove_248.jpg
mangrove_249.jpg,mangrove_forest,test,C:\Users\USER\Desktop\ai_dataset\forestry_dataset_splitted\test\mangrove_forest\mangrove_249.jpg
mangrove_25.jpg,mangrove_forest,test,C:\Users\USER\Desktop\ai_dataset\forestry_dataset_splitted\test\mangrove_forest\mangrove_25.jpg
mangrove_250.jpg,mangrove_forest,test,C:\Users\USER\Desktop\ai_dataset\forestry_dataset_splitted\test\mangrove_forest\mangrove_250.jpg
mangrove_251.jpg,mangrove_forest,test,C:\Users\USER\Desktop\ai_dataset\forestry_dataset_splitted\test\mangrove_forest\mangrove_251.jpg
mangrove_252.jpg,mangrove_forest,test,C:\Users\USER\Desktop\ai_dataset\forestry_dataset_splitted\test\mangrove_forest\mangrove_252.jpg
mangrove_253.webp,mangrove_forest,test,C:\Users\USER\Desktop\ai_dataset\forestry_dataset_splitted\test\mangrove_forest\mangrove_253.webp
mangrove_254.jpg,mangrove_forest,test,C:\Users\USER\Desktop\ai_dataset\forestry_dataset_splitted\test\mangrove_forest\mangrove_254.jpg
mangrove_255.jpg,mangrove_forest,test,C:\Users\USER\Desktop\ai_dataset\forestry_dataset_splitted\test\mangrove_forest\mangrove_255.jpg
mangrove_256.jpg,mangrove_forest,test,C:\Users\USER\Desktop\ai_dataset\forestry_dataset_splitted\test\mangrove_forest\mangrove_256.jpg
mangrove_257.jpg,mangrove_forest,test,C:\Users\USER\Desktop\ai_dataset\forestry_dataset_splitted\test\mangrove_forest\mangrove_257.jpg
mangrove_258.jpg,mangrove_forest,test,C:\Users\USER\Desktop\ai_dataset\forestry_dataset_splitted\test\mangrove_forest\mangrove_258.jpg
mangrove_259.jpg,mangrove_forest,test,C:\Users\USER\Desktop\ai_dataset\forestry_dataset_splitted\test\mangrove_forest\mangrove_259.jpg
mangrove_26.jpg,mangrove_forest,test,C:\Users\USER\Desktop\ai_dataset\forestry_dataset_splitted\test\mangrove_forest\mangrove_26.jpg
mangrove_260.jpg,mangrove_forest,test,C:\Users\USER\Desktop\ai_dataset\forestry_dataset_splitted\test\mangrove_forest\mangrove_260.jpg
mangrove_261.jpg,mangrove_forest,test,C:\Users\USER\Desktop\ai_dataset\forestry_dataset_splitted\test\mangrove_forest\mangrove_261.jpg
mangrove_262.jpg,mangrove_forest,test,C:\Users\USER\Desktop\ai_dataset\forestry_dataset_splitted\test\mangrove_forest\mangrove_262.jpg
mangrove_263.jpg,mangrove_forest,test,C:\Users\USER\Desktop\ai_dataset\forestry_dataset_splitted\test\mangrove_forest\mangrove_263.jpg
mangrove_264.webp,mangrove_forest,test,C:\Users\USER\Desktop\ai_dataset\forestry_dataset_splitted\test\mangrove_forest\mangrove_264.webp
mangrove_265.webp,mangrove_forest,test,C:\Users\USER\Desktop\ai_dataset\forestry_dataset_splitted\test\mangrove_forest\mangrove_265.webp
mangrove_266.jpg,mangrove_forest,test,C:\Users\USER\Desktop\ai_dataset\forestry_dataset_splitted\test\mangrove_forest\mangrove_266.jpg
mangrove_267.webp,mangrove_forest,test,C:\Users\USER\Desktop\ai_dataset\forestry_dataset_splitted\test\mangrove_forest\mangrove_267.webp
mangrove_268.jpg,mangrove_forest,test,C:\Users\USER\Desktop\ai_dataset\forestry_dataset_splitted\test\mangrove_forest\mangrove_268.jpg
mangrove_269.jpg,mangrove_forest,test,C:\Users\USER\Desktop\ai_dataset\forestry_dataset_splitted\test\mangrove_forest\mangrove_269.jpg
mangrove_27.jpg,mangrove_forest,test,C:\Users\USER\Desktop\ai_dataset\forestry_dataset_splitted\test\mangrove_forest\mangrove_27.jpg
mangrove_270.jpg,mangrove_forest,test,C:\Users\USER\Desktop\ai_dataset\forestry_dataset_splitted\test\mangrove_forest\mangrove_270.jpg
mangrove_271.jpg,mangrove_forest,test,C:\Users\USER\Desktop\ai_dataset\forestry_dataset_splitted\test\mangrove_forest\mangrove_271.jpg
mangrove_272.jpg,mangrove_forest,test,C:\Users\USER\Desktop\ai_dataset\forestry_dataset_splitted\test\mangrove_forest\mangrove_272.jpg
mangrove_28.jpg,mangrove_forest,test,C:\Users\USER\Desktop\ai_dataset\forestry_dataset_splitted\test\mangrove_forest\mangrove_28.jpg
mangrove_29.png,mangrove_forest,test,C:\Users\USER\Desktop\ai_dataset\forestry_dataset_splitted\test\mangrove_forest\mangrove_29.png
mangrove_3.jpg,mangrove_forest,test,C:\Users\USER\Desktop\ai_dataset\forestry_dataset_splitted\test\mangrove_forest\mangrove_3.jpg
mangrove_30.webp,mangrove_forest,test,C:\Users\USER\Desktop\ai_dataset\forestry_dataset_splitted\test\mangrove_forest\mangrove_30.webp
mangrove_31.jpg,mangrove_forest,test,C:\Users\USER\Desktop\ai_dataset\forestry_dataset_splitted\test\mangrove_forest\mangrove_31.jpg
mangrove_32.jpg,mangrove_forest,test,C:\Users\USER\Desktop\ai_dataset\forestry_dataset_splitted\test\mangrove_forest\mangrove_32.jpg
mangrove_33.webp,mangrove_forest,test,C:\Users\USER\Desktop\ai_dataset\forestry_dataset_splitted\test\mangrove_forest\mangrove_33.webp
mangrove_34.jpg,mangrove_forest,test,C:\Users\USER\Desktop\ai_dataset\forestry_dataset_splitted\test\mangrove_forest\mangrove_34.jpg
mangrove_35.jpg,mangrove_forest,test,C:\Users\USER\Desktop\ai_dataset\forestry_dataset_splitted\test\mangrove_forest\mangrove_35.jpg
mangrove_36.jpg,mangrove_forest,test,C:\Users\USER\Desktop\ai_dataset\forestry_dataset_splitted\test\mangrove_forest\mangrove_36.jpg
mangrove_37.webp,mangrove_forest,test,C:\Users\USER\Desktop\ai_dataset\forestry_dataset_splitted\test\mangrove_forest\mangrove_37.webp
mangrove_38.jpg,mangrove_forest,test,C:\Users\USER\Desktop\ai_dataset\forestry_dataset_splitted\test\mangrove_forest\mangrove_38.jpg
mangrove_39.jpg,mangrove_forest,test,C:\Users\USER\Desktop\ai_dataset\forestry_dataset_splitted\test\mangrove_forest\mangrove_39.jpg
mangrove_4.jpg,mangrove_forest,test,C:\Users\USER\Desktop\ai_dataset\forestry_dataset_splitted\test\mangrove_forest\mangrove_4.jpg
mangrove_40.jpg,mangrove_forest,test,C:\Users\USER\Desktop\ai_dataset\forestry_dataset_splitted\test\mangrove_forest\mangrove_40.jpg
mangrove_41.jpg,mangrove_forest,test,C:\Users\USER\Desktop\ai_dataset\forestry_dataset_splitted\test\mangrove_forest\mangrove_41.jpg
mangrove_42.webp,mangrove_forest,test,C:\Users\USER\Desktop\ai_dataset\forestry_dataset_splitted\test\mangrove_forest\mangrove_42.webp
mangrove_43.jpg,mangrove_forest,test,C:\Users\USER\Desktop\ai_dataset\forestry_dataset_splitted\test\mangrove_forest\mangrove_43.jpg
mangrove_44.jpg,mangrove_forest,test,C:\Users\USER\Desktop\ai_dataset\forestry_dataset_splitted\test\mangrove_forest\mangrove_44.jpg
mangrove_45.webp,mangrove_forest,test,C:\Users\USER\Desktop\ai_dataset\forestry_dataset_splitted\test\mangrove_forest\mangrove_45.webp
mangrove_46.jpg,mangrove_forest,test,C:\Users\USER\Desktop\ai_dataset\forestry_dataset_splitted\test\mangrove_forest\mangrove_46.jpg
mangrove_47.jpg,mangrove_forest,test,C:\Users\USER\Desktop\ai_dataset\forestry_dataset_splitted\test\mangrove_forest\mangrove_47.jpg
mangrove_48.jpg,mangrove_forest,test,C:\Users\USER\Desktop\ai_dataset\forestry_dataset_splitted\test\mangrove_forest\mangrove_48.jpg
mangrove_49.jpg,mangrove_forest,test,C:\Users\USER\Desktop\ai_dataset\forestry_dataset_splitted\test\mangrove_forest\mangrove_49.jpg
mangrove_5.webp,mangrove_forest,test,C:\Users\USER\Desktop\ai_dataset\forestry_dataset_splitted\test\mangrove_forest\mangrove_5.webp
mangrove_50.jpg,mangrove_forest,test,C:\Users\USER\Desktop\ai_dataset\forestry_dataset_splitted\test\mangrove_forest\mangrove_50.jpg
mangrove_51.jpg,mangrove_forest,test,C:\Users\USER\Desktop\ai_dataset\forestry_dataset_splitted\test\mangrove_forest\mangrove_51.jpg
mangrove_52.jpg,mangrove_forest,test,C:\Users\USER\Desktop\ai_dataset\forestry_dataset_splitted\test\mangrove_forest\mangrove_52.jpg
mangrove_53.jpg,mangrove_forest,test,C:\Users\USER\Desktop\ai_dataset\forestry_dataset_splitted\test\mangrove_forest\mangrove_53.jpg
mangrove_54.webp,mangrove_forest,test,C:\Users\USER\Desktop\ai_dataset\forestry_dataset_splitted\test\mangrove_forest\mangrove_54.webp
mangrove_55.jpg,mangrove_forest,test,C:\Users\USER\Desktop\ai_dataset\forestry_dataset_splitted\test\mangrove_forest\mangrove_55.jpg
mangrove_56.jpg,mangrove_forest,test,C:\Users\USER\Desktop\ai_dataset\forestry_dataset_splitted\test\mangrove_forest\mangrove_56.jpg
mangrove_57.webp,mangrove_forest,test,C:\Users\USER\Desktop\ai_dataset\forestry_dataset_splitted\test\mangrove_forest\mangrove_57.webp
mangrove_58.png,mangrove_forest,test,C:\Users\USER\Desktop\ai_dataset\forestry_dataset_splitted\test\mangrove_forest\mangrove_58.png
mangrove_59.webp,mangrove_forest,test,C:\Users\USER\Desktop\ai_dataset\forestry_dataset_splitted\test\mangrove_forest\mangrove_59.webp
mangrove_6.jpg,mangrove_forest,test,C:\Users\USER\Desktop\ai_dataset\forestry_dataset_splitted\test\mangrove_forest\mangrove_6.jpg
mangrove_60.webp,mangrove_forest,test,C:\Users\USER\Desktop\ai_dataset\forestry_dataset_splitted\test\mangrove_forest\mangrove_60.webp
mangrove_61.jpg,mangrove_forest,test,C:\Users\USER\Desktop\ai_dataset\forestry_dataset_splitted\test\mangrove_forest\mangrove_61.jpg
mangrove_62.jpg,mangrove_forest,test,C:\Users\USER\Desktop\ai_dataset\forestry_dataset_splitted\test\mangrove_forest\mangrove_62.jpg
mangrove_63.jpg,mangrove_forest,test,C:\Users\USER\Desktop\ai_dataset\forestry_dataset_splitted\test\mangrove_forest\mangrove_63.jpg
mangrove_64.jpg,mangrove_forest,test,C:\Users\USER\Desktop\ai_dataset\forestry_dataset_splitted\test\mangrove_forest\mangrove_64.jpg
mangrove_65.webp,mangrove_forest,test,C:\Users\USER\Desktop\ai_dataset\forestry_dataset_splitted\test\mangrove_forest\mangrove_65.webp
mangrove_66.jpg,mangrove_forest,test,C:\Users\USER\Desktop\ai_dataset\forestry_dataset_splitted\test\mangrove_forest\mangrove_66.jpg
mangrove_67.jpg,mangrove_forest,test,C:\Users\USER\Desktop\ai_dataset\forestry_dataset_splitted\test\mangrove_forest\mangrove_67.jpg
mangrove_68.jpg,mangrove_forest,test,C:\Users\USER\Desktop\ai_dataset\forestry_dataset_splitted\test\mangrove_forest\mangrove_68.jpg
mangrove_69.webp,mangrove_forest,test,C:\Users\USER\Desktop\ai_dataset\forestry_dataset_splitted\test\mangrove_forest\mangrove_69.webp
mangrove_7.jpg,mangrove_forest,test,C:\Users\USER\Desktop\ai_dataset\forestry_dataset_splitted\test\mangrove_forest\mangrove_7.jpg
mangrove_70.jpg,mangrove_forest,test,C:\Users\USER\Desktop\ai_dataset\forestry_dataset_splitted\test\mangrove_forest\mangrove_70.jpg
mangrove_71.jpg,mangrove_forest,test,C:\Users\USER\Desktop\ai_dataset\forestry_dataset_splitted\test\mangrove_forest\mangrove_71.jpg
mangrove_72.jpg,mangrove_forest,test,C:\Users\USER\Desktop\ai_dataset\forestry_dataset_splitted\test\mangrove_forest\mangrove_72.jpg
mangrove_73.jpg,mangrove_forest,test,C:\Users\USER\Desktop\ai_dataset\forestry_dataset_splitted\test\mangrove_forest\mangrove_73.jpg
mangrove_74.webp,mangrove_forest,test,C:\Users\USER\Desktop\ai_dataset\forestry_dataset_splitted\test\mangrove_forest\mangrove_74.webp
mangrove_75.jpg,mangrove_forest,test,C:\Users\USER\Desktop\ai_dataset\forestry_dataset_splitted\test\mangrove_forest\mangrove_75.jpg
mangrove_76.jpg,mangrove_forest,test,C:\Users\USER\Desktop\ai_dataset\forestry_dataset_splitted\test\mangrove_forest\mangrove_76.jpg
mangrove_77.jpg,mangrove_forest,test,C:\Users\USER\Desktop\ai_dataset\forestry_dataset_splitted\test\mangrove_forest\mangrove_77.jpg
mangrove_78.jpg,mangrove_forest,test,C:\Users\USER\Desktop\ai_dataset\forestry_dataset_splitted\test\mangrove_forest\mangrove_78.jpg
mangrove_79.jpg,mangrove_forest,test,C:\Users\USER\Desktop\ai_dataset\forestry_dataset_splitted\test\mangrove_forest\mangrove_79.jpg
mangrove_8.jpg,mangrove_forest,test,C:\Users\USER\Desktop\ai_dataset\forestry_dataset_splitted\test\mangrove_forest\mangrove_8.jpg
mangrove_80.jpg,mangrove_forest,test,C:\Users\USER\Desktop\ai_dataset\forestry_dataset_splitted\test\mangrove_forest\mangrove_80.jpg
mangrove_81.jpg,mangrove_forest,test,C:\Users\USER\Desktop\ai_dataset\forestry_dataset_splitted\test\mangrove_forest\mangrove_81.jpg
mangrove_82.jpg,mangrove_forest,test,C:\Users\USER\Desktop\ai_dataset\forestry_dataset_splitted\test\mangrove_forest\mangrove_82.jpg
mangrove_83.webp,mangrove_forest,test,C:\Users\USER\Desktop\ai_dataset\forestry_dataset_splitted\test\mangrove_forest\mangrove_83.webp
mangrove_84.webp,mangrove_forest,test,C:\Users\USER\Desktop\ai_dataset\forestry_dataset_splitted\test\mangrove_forest\mangrove_84.webp
mangrove_85.jpg,mangrove_forest,test,C:\Users\USER\Desktop\ai_dataset\forestry_dataset_splitted\test\mangrove_forest\mangrove_85.jpg
mangrove_86.webp,mangrove_forest,test,C:\Users\USER\Desktop\ai_dataset\forestry_dataset_splitted\test\mangrove_forest\mangrove_86.webp
mangrove_87.jpg,mangrove_forest,test,C:\Users\USER\Desktop\ai_dataset\forestry_dataset_splitted\test\mangrove_forest\mangrove_87.jpg
mangrove_88.webp,mangrove_forest,test,C:\Users\USER\Desktop\ai_dataset\forestry_dataset_splitted\test\mangrove_forest\mangrove_88.webp
mangrove_89.jpg,mangrove_forest,test,C:\Users\USER\Desktop\ai_dataset\forestry_dataset_splitted\test\mangrove_forest\mangrove_89.jpg
mangrove_9.jpg,mangrove_forest,test,C:\Users\USER\Desktop\ai_dataset\forestry_dataset_splitted\test\mangrove_forest\mangrove_9.jpg
mangrove_90.jpg,mangrove_forest,test,C:\Users\USER\Desktop\ai_dataset\forestry_dataset_splitted\test\mangrove_forest\mangrove_90.jpg
mangrove_91.jpg,mangrove_forest,test,C:\Users\USER\Desktop\ai_dataset\forestry_dataset_splitted\test\mangrove_forest\mangrove_91.jpg
mangrove_92.jpg,mangrove_forest,test,C:\Users\USER\Desktop\ai_dataset\forestry_dataset_splitted\test\mangrove_forest\mangrove_92.jpg
mangrove_93.jpg,mangrove_forest,test,C:\Users\USER\Desktop\ai_dataset\forestry_dataset_splitted\test\mangrove_forest\mangrove_93.jpg
mangrove_94.jpg,mangrove_forest,test,C:\Users\USER\Desktop\ai_dataset\forestry_dataset_splitted\test\mangrove_forest\mangrove_94.jpg
mangrove_95.webp,mangrove_forest,test,C:\Users\USER\Desktop\ai_dataset\forestry_dataset_splitted\test\mangrove_forest\mangrove_95.webp
mangrove_96.webp,mangrove_forest,test,C:\Users\USER\Desktop\ai_dataset\forestry_dataset_splitted\test\mangrove_forest\mangrove_96.webp
mangrove_97.jpg,mangrove_forest,test,C:\Users\USER\Desktop\ai_dataset\forestry_dataset_splitted\test\mangrove_forest\mangrove_97.jpg
mangrove_98.webp,mangrove_forest,test,C:\Users\USER\Desktop\ai_dataset\forestry_dataset_splitted\test\mangrove_forest\mangrove_98.webp
mangrove_99.jpg,mangrove_forest,test,C:\Users\USER\Desktop\ai_dataset\forestry_dataset_splitted\test\mangrove_forest\mangrove_99.jpg
tropical_1.webp,tropical_rainforest,test,C:\Users\USER\Desktop\ai_dataset\forestry_dataset_splitted\test\tropical_rainforest\tropical_1.webp
tropical_10.jpg,tropical_rainforest,test,C:\Users\USER\Desktop\ai_dataset\forestry_dataset_splitted\test\tropical_rainforest\tropical_10.jpg
tropical_100.jpg,tropical_rainforest,test,C:\Users\USER\Desktop\ai_dataset\forestry_dataset_splitted\test\tropical_rainforest\tropical_100.jpg
tropical_101.jpg,tropical_rainforest,test,C:\Users\USER\Desktop\ai_dataset\forestry_dataset_splitted\test\tropical_rainforest\tropical_101.jpg
tropical_102.jpg,tropical_rainforest,test,C:\Users\USER\Desktop\ai_dataset\forestry_dataset_splitted\test\tropical_rainforest\tropical_102.jpg
tropical_103.jpg,tropical_rainforest,test,C:\Users\USER\Desktop\ai_dataset\forestry_dataset_splitted\test\tropical_rainforest\tropical_103.jpg
tropical_104.jpg,tropical_rainforest,test,C:\Users\USER\Desktop\ai_dataset\forestry_dataset_splitted\test\tropical_rainforest\tropical_104.jpg
tropical_105.jpg,tropical_rainforest,test,C:\Users\USER\Desktop\ai_dataset\forestry_dataset_splitted\test\tropical_rainforest\tropical_105.jpg
tropical_106.webp,tropical_rainforest,test,C:\Users\USER\Desktop\ai_dataset\forestry_dataset_splitted\test\tropical_rainforest\tropical_106.webp
tropical_107.webp,tropical_rainforest,test,C:\Users\USER\Desktop\ai_dataset\forestry_dataset_splitted\test\tropical_rainforest\tropical_107.webp
tropical_108.webp,tropical_rainforest,test,C:\Users\USER\Desktop\ai_dataset\forestry_dataset_splitted\test\tropical_rainforest\tropical_108.webp
tropical_109.webp,tropical_rainforest,test,C:\Users\USER\Desktop\ai_dataset\forestry_dataset_splitted\test\tropical_rainforest\tropical_109.webp
tropical_11.jpg,tropical_rainforest,test,C:\Users\USER\Desktop\ai_dataset\forestry_dataset_splitted\test\tropical_rainforest\tropical_11.jpg
tropical_110.webp,tropical_rainforest,test,C:\Users\USER\Desktop\ai_dataset\forestry_dataset_splitted\test\tropical_rainforest\tropical_110.webp
tropical_111.jpg,tropical_rainforest,test,C:\Users\USER\Desktop\ai_dataset\forestry_dataset_splitted\test\tropical_rainforest\tropical_111.jpg
tropical_112.jpg,tropical_rainforest,test,C:\Users\USER\Desktop\ai_dataset\forestry_dataset_splitted\test\tropical_rainforest\tropical_112.jpg
tropical_113.webp,tropical_rainforest,test,C:\Users\USER\Desktop\ai_dataset\forestry_dataset_splitted\test\tropical_rainforest\tropical_113.webp
tropical_114.jpg,tropical_rainforest,test,C:\Users\USER\Desktop\ai_dataset\forestry_dataset_splitted\test\tropical_rainforest\tropical_114.jpg
tropical_115.webp,tropical_rainforest,test,C:\Users\USER\Desktop\ai_dataset\forestry_dataset_splitted\test\tropical_rainforest\tropical_115.webp
tropical_116.jpg,tropical_rainforest,test,C:\Users\USER\Desktop\ai_dataset\forestry_dataset_splitted\test\tropical_rainforest\tropical_116.jpg
tropical_117.webp,tropical_rainforest,test,C:\Users\USER\Desktop\ai_dataset\forestry_dataset_splitted\test\tropical_rainforest\tropical_117.webp
tropical_118.webp,tropical_rainforest,test,C:\Users\USER\Desktop\ai_dataset\forestry_dataset_splitted\test\tropical_rainforest\tropical_118.webp
tropical_119.webp,tropical_rainforest,test,C:\Users\USER\Desktop\ai_dataset\forestry_dataset_splitted\test\tropical_rainforest\tropical_119.webp
tropical_12.jpg,tropical_rainforest,test,C:\Users\USER\Desktop\ai_dataset\forestry_dataset_splitted\test\tropical_rainforest\tropical_12.jpg
tropical_120.jpg,tropical_rainforest,test,C:\Users\USER\Desktop\ai_dataset\forestry_dataset_splitted\test\tropical_rainforest\tropical_120.jpg
tropical_121.jpg,tropical_rainforest,test,C:\Users\USER\Desktop\ai_dataset\forestry_dataset_splitted\test\tropical_rainforest\tropical_121.jpg
tropical_122.webp,tropical_rainforest,test,C:\Users\USER\Desktop\ai_dataset\forestry_dataset_splitted\test\tropical_rainforest\tropical_122.webp
tropical_123.jpg,tropical_rainforest,test,C:\Users\USER\Desktop\ai_dataset\forestry_dataset_splitted\test\tropical_rainforest\tropical_123.jpg
tropical_124.webp,tropical_rainforest,test,C:\Users\USER\Desktop\ai_dataset\forestry_dataset_splitted\test\tropical_rainforest\tropical_124.webp
tropical_125.webp,tropical_rainforest,test,C:\Users\USER\Desktop\ai_dataset\forestry_dataset_splitted\test\tropical_rainforest\tropical_125.webp
tropical_126.jpg,tropical_rainforest,test,C:\Users\USER\Desktop\ai_dataset\forestry_dataset_splitted\test\tropical_rainforest\tropical_126.jpg
tropical_127.webp,tropical_rainforest,test,C:\Users\USER\Desktop\ai_dataset\forestry_dataset_splitted\test\tropical_rainforest\tropical_127.webp
tropical_128.jpg,tropical_rainforest,test,C:\Users\USER\Desktop\ai_dataset\forestry_dataset_splitted\test\tropical_rainforest\tropical_128.jpg
tropical_129.webp,tropical_rainforest,test,C:\Users\USER\Desktop\ai_dataset\forestry_dataset_splitted\test\tropical_rainforest\tropical_129.webp
tropical_13.jpg,tropical_rainforest,test,C:\Users\USER\Desktop\ai_dataset\forestry_dataset_splitted\test\tropical_rainforest\tropical_13.jpg
tropical_130.webp,tropical_rainforest,test,C:\Users\USER\Desktop\ai_dataset\forestry_dataset_splitted\test\tropical_rainforest\tropical_130.webp
tropical_131.jpg,tropical_rainforest,test,C:\Users\USER\Desktop\ai_dataset\forestry_dataset_splitted\test\tropical_rainforest\tropical_131.jpg
tropical_132.jpg,tropical_rainforest,test,C:\Users\USER\Desktop\ai_dataset\forestry_dataset_splitted\test\tropical_rainforest\tropical_132.jpg
tropical_133.webp,tropical_rainforest,test,C:\Users\USER\Desktop\ai_dataset\forestry_dataset_splitted\test\tropical_rainforest\tropical_133.webp
tropical_134.webp,tropical_rainforest,test,C:\Users\USER\Desktop\ai_dataset\forestry_dataset_splitted\test\tropical_rainforest\tropical_134.webp
tropical_135.webp,tropical_rainforest,test,C:\Users\USER\Desktop\ai_dataset\forestry_dataset_splitted\test\tropical_rainforest\tropical_135.webp
tropical_136.jpg,tropical_rainforest,test,C:\Users\USER\Desktop\ai_dataset\forestry_dataset_splitted\test\tropical_rainforest\tropical_136.jpg
tropical_137.webp,tropical_rainforest,test,C:\Users\USER\Desktop\ai_dataset\forestry_dataset_splitted\test\tropical_rainforest\tropical_137.webp
tropical_138.webp,tropical_rainforest,test,C:\Users\USER\Desktop\ai_dataset\forestry_dataset_splitted\test\tropical_rainforest\tropical_138.webp
tropical_139.webp,tropical_rainforest,test,C:\Users\USER\Desktop\ai_dataset\forestry_dataset_splitted\test\tropical_rainforest\tropical_139.webp
tropical_14.jpg,tropical_rainforest,test,C:\Users\USER\Desktop\ai_dataset\forestry_dataset_splitted\test\tropical_rainforest\tropical_14.jpg
tropical_140.webp,tropical_rainforest,test,C:\Users\USER\Desktop\ai_dataset\forestry_dataset_splitted\test\tropical_rainforest\tropical_140.webp
tropical_141.webp,tropical_rainforest,test,C:\Users\USER\Desktop\ai_dataset\forestry_dataset_splitted\test\tropical_rainforest\tropical_141.webp
tropical_142.jpg,tropical_rainforest,test,C:\Users\USER\Desktop\ai_dataset\forestry_dataset_splitted\test\tropical_rainforest\tropical_142.jpg
tropical_143.webp,tropical_rainforest,test,C:\Users\USER\Desktop\ai_dataset\forestry_dataset_splitted\test\tropical_rainforest\tropical_143.webp
tropical_144.webp,tropical_rainforest,test,C:\Users\USER\Desktop\ai_dataset\forestry_dataset_splitted\test\tropical_rainforest\tropical_144.webp
tropical_145.webp,tropical_rainforest,test,C:\Users\USER\Desktop\ai_dataset\forestry_dataset_splitted\test\tropical_rainforest\tropical_145.webp
tropical_146.webp,tropical_rainforest,test,C:\Users\USER\Desktop\ai_dataset\forestry_dataset_splitted\test\tropical_rainforest\tropical_146.webp
tropical_147.webp,tropical_rainforest,test,C:\Users\USER\Desktop\ai_dataset\forestry_dataset_splitted\test\tropical_rainforest\tropical_147.webp
tropical_148.webp,tropical_rainforest,test,C:\Users\USER\Desktop\ai_dataset\forestry_dataset_splitted\test\tropical_rainforest\tropical_148.webp
tropical_149.jpg,tropical_rainforest,test,C:\Users\USER\Desktop\ai_dataset\forestry_dataset_splitted\test\tropical_rainforest\tropical_149.jpg
tropical_15.jpg,tropical_rainforest,test,C:\Users\USER\Desktop\ai_dataset\forestry_dataset_splitted\test\tropical_rainforest\tropical_15.jpg
tropical_150.webp,tropical_rainforest,test,C:\Users\USER\Desktop\ai_dataset\forestry_dataset_splitted\test\tropical_rainforest\tropical_150.webp
tropical_151.webp,tropical_rainforest,test,C:\Users\USER\Desktop\ai_dataset\forestry_dataset_splitted\test\tropical_rainforest\tropical_151.webp
tropical_152.webp,tropical_rainforest,test,C:\Users\USER\Desktop\ai_dataset\forestry_dataset_splitted\test\tropical_rainforest\tropical_152.webp
tropical_153.webp,tropical_rainforest,test,C:\Users\USER\Desktop\ai_dataset\forestry_dataset_splitted\test\tropical_rainforest\tropical_153.webp
tropical_154.webp,tropical_rainforest,test,C:\Users\USER\Desktop\ai_dataset\forestry_dataset_splitted\test\tropical_rainforest\tropical_154.webp
tropical_155.webp,tropical_rainforest,test,C:\Users\USER\Desktop\ai_dataset\forestry_dataset_splitted\test\tropical_rainforest\tropical_155.webp
tropical_156.webp,tropical_rainforest,test,C:\Users\USER\Desktop\ai_dataset\forestry_dataset_splitted\test\tropical_rainforest\tropical_156.webp
tropical_157.jpg,tropical_rainforest,test,C:\Users\USER\Desktop\ai_dataset\forestry_dataset_splitted\test\tropical_rainforest\tropical_157.jpg
tropical_158.webp,tropical_rainforest,test,C:\Users\USER\Desktop\ai_dataset\forestry_dataset_splitted\test\tropical_rainforest\tropical_158.webp
tropical_159.webp,tropical_rainforest,test,C:\Users\USER\Desktop\ai_dataset\forestry_dataset_splitted\test\tropical_rainforest\tropical_159.webp
tropical_16.webp,tropical_rainforest,test,C:\Users\USER\Desktop\ai_dataset\forestry_dataset_splitted\test\tropical_rainforest\tropical_16.webp
tropical_160.webp,tropical_rainforest,test,C:\Users\USER\Desktop\ai_dataset\forestry_dataset_splitted\test\tropical_rainforest\tropical_160.webp
tropical_161.webp,tropical_rainforest,test,C:\Users\USER\Desktop\ai_dataset\forestry_dataset_splitted\test\tropical_rainforest\tropical_161.webp
tropical_162.webp,tropical_rainforest,test,C:\Users\USER\Desktop\ai_dataset\forestry_dataset_splitted\test\tropical_rainforest\tropical_162.webp
tropical_163.webp,tropical_rainforest,test,C:\Users\USER\Desktop\ai_dataset\forestry_dataset_splitted\test\tropical_rainforest\tropical_163.webp
tropical_164.webp,tropical_rainforest,test,C:\Users\USER\Desktop\ai_dataset\forestry_dataset_splitted\test\tropical_rainforest\tropical_164.webp
tropical_165.jpg,tropical_rainforest,test,C:\Users\USER\Desktop\ai_dataset\forestry_dataset_splitted\test\tropical_rainforest\tropical_165.jpg
tropical_166.webp,tropical_rainforest,test,C:\Users\USER\Desktop\ai_dataset\forestry_dataset_splitted\test\tropical_rainforest\tropical_166.webp
tropical_167.webp,tropical_rainforest,test,C:\Users\USER\Desktop\ai_dataset\forestry_dataset_splitted\test\tropical_rainforest\tropical_167.webp
tropical_168.webp,tropical_rainforest,test,C:\Users\USER\Desktop\ai_dataset\forestry_dataset_splitted\test\tropical_rainforest\tropical_168.webp
tropical_169.webp,tropical_rainforest,test,C:\Users\USER\Desktop\ai_dataset\forestry_dataset_splitted\test\tropical_rainforest\tropical_169.webp
tropical_17.jpg,tropical_rainforest,test,C:\Users\USER\Desktop\ai_dataset\forestry_dataset_splitted\test\tropical_rainforest\tropical_17.jpg
tropical_170.jpg,tropical_rainforest,test,C:\Users\USER\Desktop\ai_dataset\forestry_dataset_splitted\test\tropical_rainforest\tropical_170.jpg
tropical_171.webp,tropical_rainforest,test,C:\Users\USER\Desktop\ai_dataset\forestry_dataset_splitted\test\tropical_rainforest\tropical_171.webp
tropical_172.webp,tropical_rainforest,test,C:\Users\USER\Desktop\ai_dataset\forestry_dataset_splitted\test\tropical_rainforest\tropical_172.webp
tropical_173.jpg,tropical_rainforest,test,C:\Users\USER\Desktop\ai_dataset\forestry_dataset_splitted\test\tropical_rainforest\tropical_173.jpg
tropical_174.webp,tropical_rainforest,test,C:\Users\USER\Desktop\ai_dataset\forestry_dataset_splitted\test\tropical_rainforest\tropical_174.webp
tropical_175.png,tropical_rainforest,test,C:\Users\USER\Desktop\ai_dataset\forestry_dataset_splitted\test\tropical_rainforest\tropical_175.png
tropical_176.jpg,tropical_rainforest,test,C:\Users\USER\Desktop\ai_dataset\forestry_dataset_splitted\test\tropical_rainforest\tropical_176.jpg
tropical_177.webp,tropical_rainforest,test,C:\Users\USER\Desktop\ai_dataset\forestry_dataset_splitted\test\tropical_rainforest\tropical_177.webp
tropical_178.webp,tropical_rainforest,test,C:\Users\USER\Desktop\ai_dataset\forestry_dataset_splitted\test\tropical_rainforest\tropical_178.webp
tropical_179.webp,tropical_rainforest,test,C:\Users\USER\Desktop\ai_dataset\forestry_dataset_splitted\test\tropical_rainforest\tropical_179.webp
tropical_18.jpg,tropical_rainforest,test,C:\Users\USER\Desktop\ai_dataset\forestry_dataset_splitted\test\tropical_rainforest\tropical_18.jpg
tropical_180.webp,tropical_rainforest,test,C:\Users\USER\Desktop\ai_dataset\forestry_dataset_splitted\test\tropical_rainforest\tropical_180.webp
tropical_181.webp,tropical_rainforest,test,C:\Users\USER\Desktop\ai_dataset\forestry_dataset_splitted\test\tropical_rainforest\tropical_181.webp
tropical_182.webp,tropical_rainforest,test,C:\Users\USER\Desktop\ai_dataset\forestry_dataset_splitted\test\tropical_rainforest\tropical_182.webp
tropical_183.jpg,tropical_rainforest,test,C:\Users\USER\Desktop\ai_dataset\forestry_dataset_splitted\test\tropical_rainforest\tropical_183.jpg
tropical_184.jpg,tropical_rainforest,test,C:\Users\USER\Desktop\ai_dataset\forestry_dataset_splitted\test\tropical_rainforest\tropical_184.jpg
tropical_185.webp,tropical_rainforest,test,C:\Users\USER\Desktop\ai_dataset\forestry_dataset_splitted\test\tropical_rainforest\tropical_185.webp
tropical_186.webp,tropical_rainforest,test,C:\Users\USER\Desktop\ai_dataset\forestry_dataset_splitted\test\tropical_rainforest\tropical_186.webp
tropical_187.webp,tropical_rainforest,test,C:\Users\USER\Desktop\ai_dataset\forestry_dataset_splitted\test\tropical_rainforest\tropical_187.webp
tropical_188.webp,tropical_rainforest,test,C:\Users\USER\Desktop\ai_dataset\forestry_dataset_splitted\test\tropical_rainforest\tropical_188.webp
tropical_189.webp,tropical_rainforest,test,C:\Users\USER\Desktop\ai_dataset\forestry_dataset_splitted\test\tropical_rainforest\tropical_189.webp
tropical_19.jpg,tropical_rainforest,test,C:\Users\USER\Desktop\ai_dataset\forestry_dataset_splitted\test\tropical_rainforest\tropical_19.jpg
tropical_190.webp,tropical_rainforest,test,C:\Users\USER\Desktop\ai_dataset\forestry_dataset_splitted\test\tropical_rainforest\tropical_190.webp
tropical_191.webp,tropical_rainforest,test,C:\Users\USER\Desktop\ai_dataset\forestry_dataset_splitted\test\tropical_rainforest\tropical_191.webp
tropical_192.webp,tropical_rainforest,test,C:\Users\USER\Desktop\ai_dataset\forestry_dataset_splitted\test\tropical_rainforest\tropical_192.webp
tropical_193.webp,tropical_rainforest,test,C:\Users\USER\Desktop\ai_dataset\forestry_dataset_splitted\test\tropical_rainforest\tropical_193.webp
tropical_194.webp,tropical_rainforest,test,C:\Users\USER\Desktop\ai_dataset\forestry_dataset_splitted\test\tropical_rainforest\tropical_194.webp
tropical_195.jpg,tropical_rainforest,test,C:\Users\USER\Desktop\ai_dataset\forestry_dataset_splitted\test\tropical_rainforest\tropical_195.jpg
tropical_196.webp,tropical_rainforest,test,C:\Users\USER\Desktop\ai_dataset\forestry_dataset_splitted\test\tropical_rainforest\tropical_196.webp
tropical_197.webp,tropical_rainforest,test,C:\Users\USER\Desktop\ai_dataset\forestry_dataset_splitted\test\tropical_rainforest\tropical_197.webp
tropical_198.webp,tropical_rainforest,test,C:\Users\USER\Desktop\ai_dataset\forestry_dataset_splitted\test\tropical_rainforest\tropical_198.webp
tropical_199.webp,tropical_rainforest,test,C:\Users\USER\Desktop\ai_dataset\forestry_dataset_splitted\test\tropical_rainforest\tropical_199.webp
tropical_2.jpg,tropical_rainforest,test,C:\Users\USER\Desktop\ai_dataset\forestry_dataset_splitted\test\tropical_rainforest\tropical_2.jpg
tropical_20.webp,tropical_rainforest,test,C:\Users\USER\Desktop\ai_dataset\forestry_dataset_splitted\test\tropical_rainforest\tropical_20.webp
tropical_200.webp,tropical_rainforest,test,C:\Users\USER\Desktop\ai_dataset\forestry_dataset_splitted\test\tropical_rainforest\tropical_200.webp
tropical_201.webp,tropical_rainforest,test,C:\Users\USER\Desktop\ai_dataset\forestry_dataset_splitted\test\tropical_rainforest\tropical_201.webp
tropical_202.webp,tropical_rainforest,test,C:\Users\USER\Desktop\ai_dataset\forestry_dataset_splitted\test\tropical_rainforest\tropical_202.webp
tropical_203.webp,tropical_rainforest,test,C:\Users\USER\Desktop\ai_dataset\forestry_dataset_splitted\test\tropical_rainforest\tropical_203.webp
tropical_204.webp,tropical_rainforest,test,C:\Users\USER\Desktop\ai_dataset\forestry_dataset_splitted\test\tropical_rainforest\tropical_204.webp
tropical_205.webp,tropical_rainforest,test,C:\Users\USER\Desktop\ai_dataset\forestry_dataset_splitted\test\tropical_rainforest\tropical_205.webp
tropical_206.webp,tropical_rainforest,test,C:\Users\USER\Desktop\ai_dataset\forestry_dataset_splitted\test\tropical_rainforest\tropical_206.webp
tropical_207.webp,tropical_rainforest,test,C:\Users\USER\Desktop\ai_dataset\forestry_dataset_splitted\test\tropical_rainforest\tropical_207.webp
tropical_208.webp,tropical_rainforest,test,C:\Users\USER\Desktop\ai_dataset\forestry_dataset_splitted\test\tropical_rainforest\tropical_208.webp
tropical_209.webp,tropical_rainforest,test,C:\Users\USER\Desktop\ai_dataset\forestry_dataset_splitted\test\tropical_rainforest\tropical_209.webp
tropical_21.jpg,tropical_rainforest,test,C:\Users\USER\Desktop\ai_dataset\forestry_dataset_splitted\test\tropical_rainforest\tropical_21.jpg
tropical_210.jpg,tropical_rainforest,test,C:\Users\USER\Desktop\ai_dataset\forestry_dataset_splitted\test\tropical_rainforest\tropical_210.jpg
tropical_211.webp,tropical_rainforest,test,C:\Users\USER\Desktop\ai_dataset\forestry_dataset_splitted\test\tropical_rainforest\tropical_211.webp
tropical_212.jpg,tropical_rainforest,test,C:\Users\USER\Desktop\ai_dataset\forestry_dataset_splitted\test\tropical_rainforest\tropical_212.jpg
tropical_213.jpg,tropical_rainforest,test,C:\Users\USER\Desktop\ai_dataset\forestry_dataset_splitted\test\tropical_rainforest\tropical_213.jpg
tropical_214.webp,tropical_rainforest,test,C:\Users\USER\Desktop\ai_dataset\forestry_dataset_splitted\test\tropical_rainforest\tropical_214.webp
tropical_215.jpg,tropical_rainforest,test,C:\Users\USER\Desktop\ai_dataset\forestry_dataset_splitted\test\tropical_rainforest\tropical_215.jpg
tropical_216.webp,tropical_rainforest,test,C:\Users\USER\Desktop\ai_dataset\forestry_dataset_splitted\test\tropical_rainforest\tropical_216.webp
tropical_217.jpg,tropical_rainforest,test,C:\Users\USER\Desktop\ai_dataset\forestry_dataset_splitted\test\tropical_rainforest\tropical_217.jpg
tropical_218.jpg,tropical_rainforest,test,C:\Users\USER\Desktop\ai_dataset\forestry_dataset_splitted\test\tropical_rainforest\tropical_218.jpg
tropical_219.webp,tropical_rainforest,test,C:\Users\USER\Desktop\ai_dataset\forestry_dataset_splitted\test\tropical_rainforest\tropical_219.webp
tropical_22.jpg,tropical_rainforest,test,C:\Users\USER\Desktop\ai_dataset\forestry_dataset_splitted\test\tropical_rainforest\tropical_22.jpg
tropical_220.jpg,tropical_rainforest,test,C:\Users\USER\Desktop\ai_dataset\forestry_dataset_splitted\test\tropical_rainforest\tropical_220.jpg
tropical_221.webp,tropical_rainforest,test,C:\Users\USER\Desktop\ai_dataset\forestry_dataset_splitted\test\tropical_rainforest\tropical_221.webp
tropical_222.webp,tropical_rainforest,test,C:\Users\USER\Desktop\ai_dataset\forestry_dataset_splitted\test\tropical_rainforest\tropical_222.webp
tropical_223.webp,tropical_rainforest,test,C:\Users\USER\Desktop\ai_dataset\forestry_dataset_splitted\test\tropical_rainforest\tropical_223.webp
tropical_224.webp,tropical_rainforest,test,C:\Users\USER\Desktop\ai_dataset\forestry_dataset_splitted\test\tropical_rainforest\tropical_224.webp
tropical_225.webp,tropical_rainforest,test,C:\Users\USER\Desktop\ai_dataset\forestry_dataset_splitted\test\tropical_rainforest\tropical_225.webp
tropical_226.webp,tropical_rainforest,test,C:\Users\USER\Desktop\ai_dataset\forestry_dataset_splitted\test\tropical_rainforest\tropical_226.webp
tropical_227.webp,tropical_rainforest,test,C:\Users\USER\Desktop\ai_dataset\forestry_dataset_splitted\test\tropical_rainforest\tropical_227.webp
tropical_228.webp,tropical_rainforest,test,C:\Users\USER\Desktop\ai_dataset\forestry_dataset_splitted\test\tropical_rainforest\tropical_228.webp
tropical_229.jpg,tropical_rainforest,test,C:\Users\USER\Desktop\ai_dataset\forestry_dataset_splitted\test\tropical_rainforest\tropical_229.jpg
tropical_23.jpg,tropical_rainforest,test,C:\Users\USER\Desktop\ai_dataset\forestry_dataset_splitted\test\tropical_rainforest\tropical_23.jpg
tropical_230.webp,tropical_rainforest,test,C:\Users\USER\Desktop\ai_dataset\forestry_dataset_splitted\test\tropical_rainforest\tropical_230.webp
tropical_231.jpg,tropical_rainforest,test,C:\Users\USER\Desktop\ai_dataset\forestry_dataset_splitted\test\tropical_rainforest\tropical_231.jpg
tropical_232.jpg,tropical_rainforest,test,C:\Users\USER\Desktop\ai_dataset\forestry_dataset_splitted\test\tropical_rainforest\tropical_232.jpg
tropical_233.jpg,tropical_rainforest,test,C:\Users\USER\Desktop\ai_dataset\forestry_dataset_splitted\test\tropical_rainforest\tropical_233.jpg
tropical_234.webp,tropical_rainforest,test,C:\Users\USER\Desktop\ai_dataset\forestry_dataset_splitted\test\tropical_rainforest\tropical_234.webp
tropical_235.jpg,tropical_rainforest,test,C:\Users\USER\Desktop\ai_dataset\forestry_dataset_splitted\test\tropical_rainforest\tropical_235.jpg
tropical_236.webp,tropical_rainforest,test,C:\Users\USER\Desktop\ai_dataset\forestry_dataset_splitted\test\tropical_rainforest\tropical_236.webp
tropical_237.jpg,tropical_rainforest,test,C:\Users\USER\Desktop\ai_dataset\forestry_dataset_splitted\test\tropical_rainforest\tropical_237.jpg
tropical_238.webp,tropical_rainforest,test,C:\Users\USER\Desktop\ai_dataset\forestry_dataset_splitted\test\tropical_rainforest\tropical_238.webp
tropical_239.jpg,tropical_rainforest,test,C:\Users\USER\Desktop\ai_dataset\forestry_dataset_splitted\test\tropical_rainforest\tropical_239.jpg
tropical_24.jpg,tropical_rainforest,test,C:\Users\USER\Desktop\ai_dataset\forestry_dataset_splitted\test\tropical_rainforest\tropical_24.jpg
tropical_240.jpg,tropical_rainforest,test,C:\Users\USER\Desktop\ai_dataset\forestry_dataset_splitted\test\tropical_rainforest\tropical_240.jpg
tropical_241.webp,tropical_rainforest,test,C:\Users\USER\Desktop\ai_dataset\forestry_dataset_splitted\test\tropical_rainforest\tropical_241.webp
tropical_242.jpg,tropical_rainforest,test,C:\Users\USER\Desktop\ai_dataset\forestry_dataset_splitted\test\tropical_rainforest\tropical_242.jpg
tropical_243.webp,tropical_rainforest,test,C:\Users\USER\Desktop\ai_dataset\forestry_dataset_splitted\test\tropical_rainforest\tropical_243.webp
tropical_244.jpg,tropical_rainforest,test,C:\Users\USER\Desktop\ai_dataset\forestry_dataset_splitted\test\tropical_rainforest\tropical_244.jpg
tropical_245.jpg,tropical_rainforest,test,C:\Users\USER\Desktop\ai_dataset\forestry_dataset_splitted\test\tropical_rainforest\tropical_245.jpg
tropical_246.webp,tropical_rainforest,test,C:\Users\USER\Desktop\ai_dataset\forestry_dataset_splitted\test\tropical_rainforest\tropical_246.webp
tropical_247.webp,tropical_rainforest,test,C:\Users\USER\Desktop\ai_dataset\forestry_dataset_splitted\test\tropical_rainforest\tropical_247.webp
tropical_248.jpg,tropical_rainforest,test,C:\Users\USER\Desktop\ai_dataset\forestry_dataset_splitted\test\tropical_rainforest\tropical_248.jpg
tropical_249.jpg,tropical_rainforest,test,C:\Users\USER\Desktop\ai_dataset\forestry_dataset_splitted\test\tropical_rainforest\tropical_249.jpg
tropical_25.webp,tropical_rainforest,test,C:\Users\USER\Desktop\ai_dataset\forestry_dataset_splitted\test\tropical_rainforest\tropical_25.webp
tropical_250.jpg,tropical_rainforest,test,C:\Users\USER\Desktop\ai_dataset\forestry_dataset_splitted\test\tropical_rainforest\tropical_250.jpg
tropical_251.jpg,tropical_rainforest,test,C:\Users\USER\Desktop\ai_dataset\forestry_dataset_splitted\test\tropical_rainforest\tropical_251.jpg
tropical_252.jpg,tropical_rainforest,test,C:\Users\USER\Desktop\ai_dataset\forestry_dataset_splitted\test\tropical_rainforest\tropical_252.jpg
tropical_253.webp,tropical_rainforest,test,C:\Users\USER\Desktop\ai_dataset\forestry_dataset_splitted\test\tropical_rainforest\tropical_253.webp
tropical_254.jpg,tropical_rainforest,test,C:\Users\USER\Desktop\ai_dataset\forestry_dataset_splitted\test\tropical_rainforest\tropical_254.jpg
tropical_255.jpg,tropical_rainforest,test,C:\Users\USER\Desktop\ai_dataset\forestry_dataset_splitted\test\tropical_rainforest\tropical_255.jpg
tropical_256.webp,tropical_rainforest,test,C:\Users\USER\Desktop\ai_dataset\forestry_dataset_splitted\test\tropical_rainforest\tropical_256.webp
tropical_257.jpg,tropical_rainforest,test,C:\Users\USER\Desktop\ai_dataset\forestry_dataset_splitted\test\tropical_rainforest\tropical_257.jpg
tropical_258.jpg,tropical_rainforest,test,C:\Users\USER\Desktop\ai_dataset\forestry_dataset_splitted\test\tropical_rainforest\tropical_258.jpg
tropical_259.webp,tropical_rainforest,test,C:\Users\USER\Desktop\ai_dataset\forestry_dataset_splitted\test\tropical_rainforest\tropical_259.webp
tropical_26.jpg,tropical_rainforest,test,C:\Users\USER\Desktop\ai_dataset\forestry_dataset_splitted\test\tropical_rainforest\tropical_26.jpg
tropical_260.webp,tropical_rainforest,test,C:\Users\USER\Desktop\ai_dataset\forestry_dataset_splitted\test\tropical_rainforest\tropical_260.webp
tropical_261.jpg,tropical_rainforest,test,C:\Users\USER\Desktop\ai_dataset\forestry_dataset_splitted\test\tropical_rainforest\tropical_261.jpg
tropical_262.webp,tropical_rainforest,test,C:\Users\USER\Desktop\ai_dataset\forestry_dataset_splitted\test\tropical_rainforest\tropical_262.webp
tropical_263.webp,tropical_rainforest,test,C:\Users\USER\Desktop\ai_dataset\forestry_dataset_splitted\test\tropical_rainforest\tropical_263.webp
tropical_264.jpg,tropical_rainforest,test,C:\Users\USER\Desktop\ai_dataset\forestry_dataset_splitted\test\tropical_rainforest\tropical_264.jpg
tropical_265.jpg,tropical_rainforest,test,C:\Users\USER\Desktop\ai_dataset\forestry_dataset_splitted\test\tropical_rainforest\tropical_265.jpg
tropical_266.jpg,tropical_rainforest,test,C:\Users\USER\Desktop\ai_dataset\forestry_dataset_splitted\test\tropical_rainforest\tropical_266.jpg
tropical_267.jpg,tropical_rainforest,test,C:\Users\USER\Desktop\ai_dataset\forestry_dataset_splitted\test\tropical_rainforest\tropical_267.jpg
tropical_268.webp,tropical_rainforest,test,C:\Users\USER\Desktop\ai_dataset\forestry_dataset_splitted\test\tropical_rainforest\tropical_268.webp
tropical_269.webp,tropical_rainforest,test,C:\Users\USER\Desktop\ai_dataset\forestry_dataset_splitted\test\tropical_rainforest\tropical_269.webp
tropical_27.png,tropical_rainforest,test,C:\Users\USER\Desktop\ai_dataset\forestry_dataset_splitted\test\tropical_rainforest\tropical_27.png
tropical_270.jpg,tropical_rainforest,test,C:\Users\USER\Desktop\ai_dataset\forestry_dataset_splitted\test\tropical_rainforest\tropical_270.jpg
tropical_271.jpg,tropical_rainforest,test,C:\Users\USER\Desktop\ai_dataset\forestry_dataset_splitted\test\tropical_rainforest\tropical_271.jpg
tropical_272.jpg,tropical_rainforest,test,C:\Users\USER\Desktop\ai_dataset\forestry_dataset_splitted\test\tropical_rainforest\tropical_272.jpg
tropical_273.webp,tropical_rainforest,test,C:\Users\USER\Desktop\ai_dataset\forestry_dataset_splitted\test\tropical_rainforest\tropical_273.webp
tropical_274.jpg,tropical_rainforest,test,C:\Users\USER\Desktop\ai_dataset\forestry_dataset_splitted\test\tropical_rainforest\tropical_274.jpg
tropical_275.jpg,tropical_rainforest,test,C:\Users\USER\Desktop\ai_dataset\forestry_dataset_splitted\test\tropical_rainforest\tropical_275.jpg
tropical_276.webp,tropical_rainforest,test,C:\Users\USER\Desktop\ai_dataset\forestry_dataset_splitted\test\tropical_rainforest\tropical_276.webp
tropical_277.jpg,tropical_rainforest,test,C:\Users\USER\Desktop\ai_dataset\forestry_dataset_splitted\test\tropical_rainforest\tropical_277.jpg
tropical_278.jpg,tropical_rainforest,test,C:\Users\USER\Desktop\ai_dataset\forestry_dataset_splitted\test\tropical_rainforest\tropical_278.jpg
tropical_279.jpg,tropical_rainforest,test,C:\Users\USER\Desktop\ai_dataset\forestry_dataset_splitted\test\tropical_rainforest\tropical_279.jpg
tropical_28.webp,tropical_rainforest,test,C:\Users\USER\Desktop\ai_dataset\forestry_dataset_splitted\test\tropical_rainforest\tropical_28.webp
tropical_280.jpg,tropical_rainforest,test,C:\Users\USER\Desktop\ai_dataset\forestry_dataset_splitted\test\tropical_rainforest\tropical_280.jpg
tropical_281.jpg,tropical_rainforest,test,C:\Users\USER\Desktop\ai_dataset\forestry_dataset_splitted\test\tropical_rainforest\tropical_281.jpg
tropical_282.jpg,tropical_rainforest,test,C:\Users\USER\Desktop\ai_dataset\forestry_dataset_splitted\test\tropical_rainforest\tropical_282.jpg
tropical_283.jpg,tropical_rainforest,test,C:\Users\USER\Desktop\ai_dataset\forestry_dataset_splitted\test\tropical_rainforest\tropical_283.jpg
tropical_284.webp,tropical_rainforest,test,C:\Users\USER\Desktop\ai_dataset\forestry_dataset_splitted\test\tropical_rainforest\tropical_284.webp
tropical_285.jpg,tropical_rainforest,test,C:\Users\USER\Desktop\ai_dataset\forestry_dataset_splitted\test\tropical_rainforest\tropical_285.jpg
tropical_286.jpg,tropical_rainforest,test,C:\Users\USER\Desktop\ai_dataset\forestry_dataset_splitted\test\tropical_rainforest\tropical_286.jpg
tropical_287.jpg,tropical_rainforest,test,C:\Users\USER\Desktop\ai_dataset\forestry_dataset_splitted\test\tropical_rainforest\tropical_287.jpg
tropical_288.jpg,tropical_rainforest,test,C:\Users\USER\Desktop\ai_dataset\forestry_dataset_splitted\test\tropical_rainforest\tropical_288.jpg
tropical_289.jpg,tropical_rainforest,test,C:\Users\USER\Desktop\ai_dataset\forestry_dataset_splitted\test\tropical_rainforest\tropical_289.jpg
tropical_29.jpg,tropical_rainforest,test,C:\Users\USER\Desktop\ai_dataset\forestry_dataset_splitted\test\tropical_rainforest\tropical_29.jpg
tropical_290.jpg,tropical_rainforest,test,C:\Users\USER\Desktop\ai_dataset\forestry_dataset_splitted\test\tropical_rainforest\tropical_290.jpg
tropical_291.webp,tropical_rainforest,test,C:\Users\USER\Desktop\ai_dataset\forestry_dataset_splitted\test\tropical_rainforest\tropical_291.webp
tropical_292.jpg,tropical_rainforest,test,C:\Users\USER\Desktop\ai_dataset\forestry_dataset_splitted\test\tropical_rainforest\tropical_292.jpg
tropical_293.jpg,tropical_rainforest,test,C:\Users\USER\Desktop\ai_dataset\forestry_dataset_splitted\test\tropical_rainforest\tropical_293.jpg
tropical_3.jpg,tropical_rainforest,test,C:\Users\USER\Desktop\ai_dataset\forestry_dataset_splitted\test\tropical_rainforest\tropical_3.jpg
tropical_30.jpg,tropical_rainforest,test,C:\Users\USER\Desktop\ai_dataset\forestry_dataset_splitted\test\tropical_rainforest\tropical_30.jpg
tropical_31.jpg,tropical_rainforest,test,C:\Users\USER\Desktop\ai_dataset\forestry_dataset_splitted\test\tropical_rainforest\tropical_31.jpg
tropical_32.jpg,tropical_rainforest,test,C:\Users\USER\Desktop\ai_dataset\forestry_dataset_splitted\test\tropical_rainforest\tropical_32.jpg
tropical_33.jpg,tropical_rainforest,test,C:\Users\USER\Desktop\ai_dataset\forestry_dataset_splitted\test\tropical_rainforest\tropical_33.jpg
tropical_34.jpg,tropical_rainforest,test,C:\Users\USER\Desktop\ai_dataset\forestry_dataset_splitted\test\tropical_rainforest\tropical_34.jpg
tropical_35.jpg,tropical_rainforest,test,C:\Users\USER\Desktop\ai_dataset\forestry_dataset_splitted\test\tropical_rainforest\tropical_35.jpg
tropical_36.jpg,tropical_rainforest,test,C:\Users\USER\Desktop\ai_dataset\forestry_dataset_splitted\test\tropical_rainforest\tropical_36.jpg
tropical_37.webp,tropical_rainforest,test,C:\Users\USER\Desktop\ai_dataset\forestry_dataset_splitted\test\tropical_rainforest\tropical_37.webp
tropical_38.jpg,tropical_rainforest,test,C:\Users\USER\Desktop\ai_dataset\forestry_dataset_splitted\test\tropical_rainforest\tropical_38.jpg
tropical_39.webp,tropical_rainforest,test,C:\Users\USER\Desktop\ai_dataset\forestry_dataset_splitted\test\tropical_rainforest\tropical_39.webp
tropical_4.jpg,tropical_rainforest,test,C:\Users\USER\Desktop\ai_dataset\forestry_dataset_splitted\test\tropical_rainforest\tropical_4.jpg
tropical_40.png,tropical_rainforest,test,C:\Users\USER\Desktop\ai_dataset\forestry_dataset_splitted\test\tropical_rainforest\tropical_40.png
tropical_41.webp,tropical_rainforest,test,C:\Users\USER\Desktop\ai_dataset\forestry_dataset_splitted\test\tropical_rainforest\tropical_41.webp
tropical_42.jpg,tropical_rainforest,test,C:\Users\USER\Desktop\ai_dataset\forestry_dataset_splitted\test\tropical_rainforest\tropical_42.jpg
tropical_43.jpg,tropical_rainforest,test,C:\Users\USER\Desktop\ai_dataset\forestry_dataset_splitted\test\tropical_rainforest\tropical_43.jpg
tropical_44.webp,tropical_rainforest,test,C:\Users\USER\Desktop\ai_dataset\forestry_dataset_splitted\test\tropical_rainforest\tropical_44.webp
tropical_45.jpg,tropical_rainforest,test,C:\Users\USER\Desktop\ai_dataset\forestry_dataset_splitted\test\tropical_rainforest\tropical_45.jpg
tropical_46.jpg,tropical_rainforest,test,C:\Users\USER\Desktop\ai_dataset\forestry_dataset_splitted\test\tropical_rainforest\tropical_46.jpg
tropical_47.jpg,tropical_rainforest,test,C:\Users\USER\Desktop\ai_dataset\forestry_dataset_splitted\test\tropical_rainforest\tropical_47.jpg
tropical_48.webp,tropical_rainforest,test,C:\Users\USER\Desktop\ai_dataset\forestry_dataset_splitted\test\tropical_rainforest\tropical_48.webp
tropical_49.webp,tropical_rainforest,test,C:\Users\USER\Desktop\ai_dataset\forestry_dataset_splitted\test\tropical_rainforest\tropical_49.webp
tropical_5.jpg,tropical_rainforest,test,C:\Users\USER\Desktop\ai_dataset\forestry_dataset_splitted\test\tropical_rainforest\tropical_5.jpg
tropical_50.jpg,tropical_rainforest,test,C:\Users\USER\Desktop\ai_dataset\forestry_dataset_splitted\test\tropical_rainforest\tropical_50.jpg
tropical_51.jpg,tropical_rainforest,test,C:\Users\USER\Desktop\ai_dataset\forestry_dataset_splitted\test\tropical_rainforest\tropical_51.jpg
tropical_52.jpg,tropical_rainforest,test,C:\Users\USER\Desktop\ai_dataset\forestry_dataset_splitted\test\tropical_rainforest\tropical_52.jpg
tropical_53.webp,tropical_rainforest,test,C:\Users\USER\Desktop\ai_dataset\forestry_dataset_splitted\test\tropical_rainforest\tropical_53.webp
tropical_54.jpg,tropical_rainforest,test,C:\Users\USER\Desktop\ai_dataset\forestry_dataset_splitted\test\tropical_rainforest\tropical_54.jpg
tropical_55.jpg,tropical_rainforest,test,C:\Users\USER\Desktop\ai_dataset\forestry_dataset_splitted\test\tropical_rainforest\tropical_55.jpg
tropical_56.jpg,tropical_rainforest,test,C:\Users\USER\Desktop\ai_dataset\forestry_dataset_splitted\test\tropical_rainforest\tropical_56.jpg
tropical_57.jpg,tropical_rainforest,test,C:\Users\USER\Desktop\ai_dataset\forestry_dataset_splitted\test\tropical_rainforest\tropical_57.jpg
tropical_58.jpg,tropical_rainforest,test,C:\Users\USER\Desktop\ai_dataset\forestry_dataset_splitted\test\tropical_rainforest\tropical_58.jpg
tropical_59.jpg,tropical_rainforest,test,C:\Users\USER\Desktop\ai_dataset\forestry_dataset_splitted\test\tropical_rainforest\tropical_59.jpg
tropical_6.jpg,tropical_rainforest,test,C:\Users\USER\Desktop\ai_dataset\forestry_dataset_splitted\test\tropical_rainforest\tropical_6.jpg
tropical_60.webp,tropical_rainforest,test,C:\Users\USER\Desktop\ai_dataset\forestry_dataset_splitted\test\tropical_rainforest\tropical_60.webp
tropical_61.jpg,tropical_rainforest,test,C:\Users\USER\Desktop\ai_dataset\forestry_dataset_splitted\test\tropical_rainforest\tropical_61.jpg
tropical_62.jpg,tropical_rainforest,test,C:\Users\USER\Desktop\ai_dataset\forestry_dataset_splitted\test\tropical_rainforest\tropical_62.jpg
tropical_63.webp,tropical_rainforest,test,C:\Users\USER\Desktop\ai_dataset\forestry_dataset_splitted\test\tropical_rainforest\tropical_63.webp
tropical_64.jpg,tropical_rainforest,test,C:\Users\USER\Desktop\ai_dataset\forestry_dataset_splitted\test\tropical_rainforest\tropical_64.jpg
tropical_65.jpg,tropical_rainforest,test,C:\Users\USER\Desktop\ai_dataset\forestry_dataset_splitted\test\tropical_rainforest\tropical_65.jpg
tropical_66.jpg,tropical_rainforest,test,C:\Users\USER\Desktop\ai_dataset\forestry_dataset_splitted\test\tropical_rainforest\tropical_66.jpg
tropical_67.jpg,tropical_rainforest,test,C:\Users\USER\Desktop\ai_dataset\forestry_dataset_splitted\test\tropical_rainforest\tropical_67.jpg
tropical_68.jpg,tropical_rainforest,test,C:\Users\USER\Desktop\ai_dataset\forestry_dataset_splitted\test\tropical_rainforest\tropical_68.jpg
tropical_69.jpg,tropical_rainforest,test,C:\Users\USER\Desktop\ai_dataset\forestry_dataset_splitted\test\tropical_rainforest\tropical_69.jpg
tropical_7.jpg,tropical_rainforest,test,C:\Users\USER\Desktop\ai_dataset\forestry_dataset_splitted\test\tropical_rainforest\tropical_7.jpg
tropical_70.jpg,tropical_rainforest,test,C:\Users\USER\Desktop\ai_dataset\forestry_dataset_splitted\test\tropical_rainforest\tropical_70.jpg
tropical_71.jpg,tropical_rainforest,test,C:\Users\USER\Desktop\ai_dataset\forestry_dataset_splitted\test\tropical_rainforest\tropical_71.jpg
tropical_72.jpg,tropical_rainforest,test,C:\Users\USER\Desktop\ai_dataset\forestry_dataset_splitted\test\tropical_rainforest\tropical_72.jpg
tropical_73.jpg,tropical_rainforest,test,C:\Users\USER\Desktop\ai_dataset\forestry_dataset_splitted\test\tropical_rainforest\tropical_73.jpg
tropical_74.jpg,tropical_rainforest,test,C:\Users\USER\Desktop\ai_dataset\forestry_dataset_splitted\test\tropical_rainforest\tropical_74.jpg
tropical_75.webp,tropical_rainforest,test,C:\Users\USER\Desktop\ai_dataset\forestry_dataset_splitted\test\tropical_rainforest\tropical_75.webp
tropical_76.jpg,tropical_rainforest,test,C:\Users\USER\Desktop\ai_dataset\forestry_dataset_splitted\test\tropical_rainforest\tropical_76.jpg
tropical_77.jpg,tropical_rainforest,test,C:\Users\USER\Desktop\ai_dataset\forestry_dataset_splitted\test\tropical_rainforest\tropical_77.jpg
tropical_78.jpg,tropical_rainforest,test,C:\Users\USER\Desktop\ai_dataset\forestry_dataset_splitted\test\tropical_rainforest\tropical_78.jpg
tropical_79.jpg,tropical_rainforest,test,C:\Users\USER\Desktop\ai_dataset\forestry_dataset_splitted\test\tropical_rainforest\tropical_79.jpg
tropical_8.webp,tropical_rainforest,test,C:\Users\USER\Desktop\ai_dataset\forestry_dataset_splitted\test\tropical_rainforest\tropical_8.webp
tropical_80.jpg,tropical_rainforest,test,C:\Users\USER\Desktop\ai_dataset\forestry_dataset_splitted\test\tropical_rainforest\tropical_80.jpg
tropical_81.jpg,tropical_rainforest,test,C:\Users\USER\Desktop\ai_dataset\forestry_dataset_splitted\test\tropical_rainforest\tropical_81.jpg
tropical_82.jpg,tropical_rainforest,test,C:\Users\USER\Desktop\ai_dataset\forestry_dataset_splitted\test\tropical_rainforest\tropical_82.jpg
tropical_83.jpg,tropical_rainforest,test,C:\Users\USER\Desktop\ai_dataset\forestry_dataset_splitted\test\tropical_rainforest\tropical_83.jpg
tropical_84.jpg,tropical_rainforest,test,C:\Users\USER\Desktop\ai_dataset\forestry_dataset_splitted\test\tropical_rainforest\tropical_84.jpg
tropical_85.jpg,tropical_rainforest,test,C:\Users\USER\Desktop\ai_dataset\forestry_dataset_splitted\test\tropical_rainforest\tropical_85.jpg
tropical_86.jpg,tropical_rainforest,test,C:\Users\USER\Desktop\ai_dataset\forestry_dataset_splitted\test\tropical_rainforest\tropical_86.jpg
tropical_87.jpg,tropical_rainforest,test,C:\Users\USER\Desktop\ai_dataset\forestry_dataset_splitted\test\tropical_rainforest\tropical_87.jpg
tropical_88.jpg,tropical_rainforest,test,C:\Users\USER\Desktop\ai_dataset\forestry_dataset_splitted\test\tropical_rainforest\tropical_88.jpg
tropical_89.jpg,tropical_rainforest,test,C:\Users\USER\Desktop\ai_dataset\forestry_dataset_splitted\test\tropical_rainforest\tropical_89.jpg
tropical_9.webp,tropical_rainforest,test,C:\Users\USER\Desktop\ai_dataset\forestry_dataset_splitted\test\tropical_rainforest\tropical_9.webp
tropical_90.jpg,tropical_rainforest,test,C:\Users\USER\Desktop\ai_dataset\forestry_dataset_splitted\test\tropical_rainforest\tropical_90.jpg
tropical_91.jpg,tropical_rainforest,test,C:\Users\USER\Desktop\ai_dataset\forestry_dataset_splitted\test\tropical_rainforest\tropical_91.jpg
tropical_92.webp,tropical_rainforest,test,C:\Users\USER\Desktop\ai_dataset\forestry_dataset_splitted\test\tropical_rainforest\tropical_92.webp
tropical_93.jpg,tropical_rainforest,test,C:\Users\USER\Desktop\ai_dataset\forestry_dataset_splitted\test\tropical_rainforest\tropical_93.jpg
tropical_94.webp,tropical_rainforest,test,C:\Users\USER\Desktop\ai_dataset\forestry_dataset_splitted\test\tropical_rainforest\tropical_94.webp
tropical_95.jpg,tropical_rainforest,test,C:\Users\USER\Desktop\ai_dataset\forestry_dataset_splitted\test\tropical_rainforest\tropical_95.jpg
tropical_96.webp,tropical_rainforest,test,C:\Users\USER\Desktop\ai_dataset\forestry_dataset_splitted\test\tropical_rainforest\tropical_96.webp
tropical_97.jpg,tropical_rainforest,test,C:\Users\USER\Desktop\ai_dataset\forestry_dataset_splitted\test\tropical_rainforest\tropical_97.jpg
tropical_98.jpg,tropical_rainforest,test,C:\Users\USER\Desktop\ai_dataset\forestry_dataset_splitted\test\tropical_rainforest\tropical_98.jpg
tropical_99.jpg,tropical_rainforest,test,C:\Users\USER\Desktop\ai_dataset\forestry_dataset_splitted\test\tropical_rainforest\tropical_99.jpg
